county,precinct,office,district,candidate,party,votes
Essex,Chesterfield 1,Governor,,Andrew M. Cuomo,DEM,92
Essex,Chesterfield 2,Governor,,Andrew M. Cuomo,DEM,163
Essex,Chesterfield 4,Governor,,Andrew M. Cuomo,DEM,42
Essex,Crown Point 1,Governor,,Andrew M. Cuomo,DEM,54
Essex,Crown Point 2,Governor,,Andrew M. Cuomo,DEM,29
Essex,Crown Point 3,Governor,,Andrew M. Cuomo,DEM,60
Essex,Elizabethtown 0,Governor,,Andrew M. Cuomo,DEM,225
Essex,Essex 1,Governor,,Andrew M. Cuomo,DEM,82
Essex,Essex 2,Governor,,Andrew M. Cuomo,DEM,49
Essex,Jay 1,Governor,,Andrew M. Cuomo,DEM,379
Essex,Jay 2,Governor,,Andrew M. Cuomo,DEM,140
Essex,Keene 1,Governor,,Andrew M. Cuomo,DEM,168
Essex,Keene 2,Governor,,Andrew M. Cuomo,DEM,126
Essex,Lewis 0,Governor,,Andrew M. Cuomo,DEM,145
Essex,Minerva 0,Governor,,Andrew M. Cuomo,DEM,76
Essex,Moriah 1,Governor,,Andrew M. Cuomo,DEM,122
Essex,Moriah 2,Governor,,Andrew M. Cuomo,DEM,136
Essex,Moriah 3,Governor,,Andrew M. Cuomo,DEM,106
Essex,Moriah 4,Governor,,Andrew M. Cuomo,DEM,73
Essex,Newcomb 0,Governor,,Andrew M. Cuomo,DEM,67
Essex,North Elba 1,Governor,,Andrew M. Cuomo,DEM,109
Essex,North Elba 2,Governor,,Andrew M. Cuomo,DEM,161
Essex,North Elba 3,Governor,,Andrew M. Cuomo,DEM,154
Essex,North Elba 4,Governor,,Andrew M. Cuomo,DEM,164
Essex,North Elba 5,Governor,,Andrew M. Cuomo,DEM,153
Essex,North Elba 6,Governor,,Andrew M. Cuomo,DEM,203
Essex,North Elba 7,Governor,,Andrew M. Cuomo,DEM,89
Essex,North Hudson 0,Governor,,Andrew M. Cuomo,DEM,31
Essex,Schroon 1,Governor,,Andrew M. Cuomo,DEM,65
Essex,Schroon 2,Governor,,Andrew M. Cuomo,DEM,98
Essex,St Armand 0,Governor,,Andrew M. Cuomo,DEM,192
Essex,Ticonderoga 1,Governor,,Andrew M. Cuomo,DEM,73
Essex,Ticonderoga 2,Governor,,Andrew M. Cuomo,DEM,95
Essex,Ticonderoga 3,Governor,,Andrew M. Cuomo,DEM,67
Essex,Ticonderoga 4,Governor,,Andrew M. Cuomo,DEM,75
Essex,Ticonderoga 5,Governor,,Andrew M. Cuomo,DEM,68
Essex,Ticonderoga 6,Governor,,Andrew M. Cuomo,DEM,62
Essex,Westport 1,Governor,,Andrew M. Cuomo,DEM,88
Essex,Westport 2,Governor,,Andrew M. Cuomo,DEM,198
Essex,Willsboro 1,Governor,,Andrew M. Cuomo,DEM,173
Essex,Willsboro 2,Governor,,Andrew M. Cuomo,DEM,123
Essex,Wilmington 0,Governor,,Andrew M. Cuomo,DEM,196
Essex,Total,Governor,,Andrew M. Cuomo,DEM,4971
Essex,Chesterfield 1,Governor,,Andrew M. Cuomo,WOR,6
Essex,Chesterfield 2,Governor,,Andrew M. Cuomo,WOR,7
Essex,Chesterfield 4,Governor,,Andrew M. Cuomo,WOR,2
Essex,Crown Point 1,Governor,,Andrew M. Cuomo,WOR,1
Essex,Crown Point 2,Governor,,Andrew M. Cuomo,WOR,1
Essex,Crown Point 3,Governor,,Andrew M. Cuomo,WOR,4
Essex,Elizabethtown 0,Governor,,Andrew M. Cuomo,WOR,11
Essex,Essex 1,Governor,,Andrew M. Cuomo,WOR,4
Essex,Essex 2,Governor,,Andrew M. Cuomo,WOR,5
Essex,Jay 1,Governor,,Andrew M. Cuomo,WOR,16
Essex,Jay 2,Governor,,Andrew M. Cuomo,WOR,7
Essex,Keene 1,Governor,,Andrew M. Cuomo,WOR,11
Essex,Keene 2,Governor,,Andrew M. Cuomo,WOR,9
Essex,Lewis 0,Governor,,Andrew M. Cuomo,WOR,8
Essex,Minerva 0,Governor,,Andrew M. Cuomo,WOR,4
Essex,Moriah 1,Governor,,Andrew M. Cuomo,WOR,1
Essex,Moriah 2,Governor,,Andrew M. Cuomo,WOR,4
Essex,Moriah 3,Governor,,Andrew M. Cuomo,WOR,3
Essex,Moriah 4,Governor,,Andrew M. Cuomo,WOR,5
Essex,Newcomb 0,Governor,,Andrew M. Cuomo,WOR,4
Essex,North Elba 1,Governor,,Andrew M. Cuomo,WOR,10
Essex,North Elba 2,Governor,,Andrew M. Cuomo,WOR,14
Essex,North Elba 3,Governor,,Andrew M. Cuomo,WOR,8
Essex,North Elba 4,Governor,,Andrew M. Cuomo,WOR,9
Essex,North Elba 5,Governor,,Andrew M. Cuomo,WOR,13
Essex,North Elba 6,Governor,,Andrew M. Cuomo,WOR,15
Essex,North Elba 7,Governor,,Andrew M. Cuomo,WOR,6
Essex,North Hudson 0,Governor,,Andrew M. Cuomo,WOR,0
Essex,Schroon 1,Governor,,Andrew M. Cuomo,WOR,3
Essex,Schroon 2,Governor,,Andrew M. Cuomo,WOR,5
Essex,St Armand 0,Governor,,Andrew M. Cuomo,WOR,14
Essex,Ticonderoga 1,Governor,,Andrew M. Cuomo,WOR,3
Essex,Ticonderoga 2,Governor,,Andrew M. Cuomo,WOR,4
Essex,Ticonderoga 3,Governor,,Andrew M. Cuomo,WOR,3
Essex,Ticonderoga 4,Governor,,Andrew M. Cuomo,WOR,1
Essex,Ticonderoga 5,Governor,,Andrew M. Cuomo,WOR,1
Essex,Ticonderoga 6,Governor,,Andrew M. Cuomo,WOR,4
Essex,Westport 1,Governor,,Andrew M. Cuomo,WOR,2
Essex,Westport 2,Governor,,Andrew M. Cuomo,WOR,11
Essex,Willsboro 1,Governor,,Andrew M. Cuomo,WOR,12
Essex,Willsboro 2,Governor,,Andrew M. Cuomo,WOR,8
Essex,Wilmington 0,Governor,,Andrew M. Cuomo,WOR,7
Essex,Total,Governor,,Andrew M. Cuomo,WOR,266
Essex,Chesterfield 1,Governor,,Andrew M. Cuomo,IND,5
Essex,Chesterfield 2,Governor,,Andrew M. Cuomo,IND,10
Essex,Chesterfield 4,Governor,,Andrew M. Cuomo,IND,5
Essex,Crown Point 1,Governor,,Andrew M. Cuomo,IND,2
Essex,Crown Point 2,Governor,,Andrew M. Cuomo,IND,0
Essex,Crown Point 3,Governor,,Andrew M. Cuomo,IND,7
Essex,Elizabethtown 0,Governor,,Andrew M. Cuomo,IND,6
Essex,Essex 1,Governor,,Andrew M. Cuomo,IND,2
Essex,Essex 2,Governor,,Andrew M. Cuomo,IND,1
Essex,Jay 1,Governor,,Andrew M. Cuomo,IND,28
Essex,Jay 2,Governor,,Andrew M. Cuomo,IND,9
Essex,Keene 1,Governor,,Andrew M. Cuomo,IND,7
Essex,Keene 2,Governor,,Andrew M. Cuomo,IND,5
Essex,Lewis 0,Governor,,Andrew M. Cuomo,IND,11
Essex,Minerva 0,Governor,,Andrew M. Cuomo,IND,3
Essex,Moriah 1,Governor,,Andrew M. Cuomo,IND,10
Essex,Moriah 2,Governor,,Andrew M. Cuomo,IND,5
Essex,Moriah 3,Governor,,Andrew M. Cuomo,IND,1
Essex,Moriah 4,Governor,,Andrew M. Cuomo,IND,4
Essex,Newcomb 0,Governor,,Andrew M. Cuomo,IND,4
Essex,North Elba 1,Governor,,Andrew M. Cuomo,IND,13
Essex,North Elba 2,Governor,,Andrew M. Cuomo,IND,13
Essex,North Elba 3,Governor,,Andrew M. Cuomo,IND,11
Essex,North Elba 4,Governor,,Andrew M. Cuomo,IND,10
Essex,North Elba 5,Governor,,Andrew M. Cuomo,IND,16
Essex,North Elba 6,Governor,,Andrew M. Cuomo,IND,23
Essex,North Elba 7,Governor,,Andrew M. Cuomo,IND,9
Essex,North Hudson 0,Governor,,Andrew M. Cuomo,IND,0
Essex,Schroon 1,Governor,,Andrew M. Cuomo,IND,4
Essex,Schroon 2,Governor,,Andrew M. Cuomo,IND,7
Essex,St Armand 0,Governor,,Andrew M. Cuomo,IND,16
Essex,Ticonderoga 1,Governor,,Andrew M. Cuomo,IND,5
Essex,Ticonderoga 2,Governor,,Andrew M. Cuomo,IND,8
Essex,Ticonderoga 3,Governor,,Andrew M. Cuomo,IND,7
Essex,Ticonderoga 4,Governor,,Andrew M. Cuomo,IND,6
Essex,Ticonderoga 5,Governor,,Andrew M. Cuomo,IND,6
Essex,Ticonderoga 6,Governor,,Andrew M. Cuomo,IND,1
Essex,Westport 1,Governor,,Andrew M. Cuomo,IND,3
Essex,Westport 2,Governor,,Andrew M. Cuomo,IND,6
Essex,Willsboro 1,Governor,,Andrew M. Cuomo,IND,31
Essex,Willsboro 2,Governor,,Andrew M. Cuomo,IND,10
Essex,Wilmington 0,Governor,,Andrew M. Cuomo,IND,21
Essex,Total,Governor,,Andrew M. Cuomo,IND,351
Essex,Chesterfield 1,Governor,,Andrew M. Cuomo,WEP,1
Essex,Chesterfield 2,Governor,,Andrew M. Cuomo,WEP,8
Essex,Chesterfield 4,Governor,,Andrew M. Cuomo,WEP,1
Essex,Crown Point 1,Governor,,Andrew M. Cuomo,WEP,2
Essex,Crown Point 2,Governor,,Andrew M. Cuomo,WEP,0
Essex,Crown Point 3,Governor,,Andrew M. Cuomo,WEP,0
Essex,Elizabethtown 0,Governor,,Andrew M. Cuomo,WEP,5
Essex,Essex 1,Governor,,Andrew M. Cuomo,WEP,2
Essex,Essex 2,Governor,,Andrew M. Cuomo,WEP,2
Essex,Jay 1,Governor,,Andrew M. Cuomo,WEP,6
Essex,Jay 2,Governor,,Andrew M. Cuomo,WEP,5
Essex,Keene 1,Governor,,Andrew M. Cuomo,WEP,9
Essex,Keene 2,Governor,,Andrew M. Cuomo,WEP,3
Essex,Lewis 0,Governor,,Andrew M. Cuomo,WEP,5
Essex,Minerva 0,Governor,,Andrew M. Cuomo,WEP,0
Essex,Moriah 1,Governor,,Andrew M. Cuomo,WEP,1
Essex,Moriah 2,Governor,,Andrew M. Cuomo,WEP,3
Essex,Moriah 3,Governor,,Andrew M. Cuomo,WEP,2
Essex,Moriah 4,Governor,,Andrew M. Cuomo,WEP,0
Essex,Newcomb 0,Governor,,Andrew M. Cuomo,WEP,4
Essex,North Elba 1,Governor,,Andrew M. Cuomo,WEP,0
Essex,North Elba 2,Governor,,Andrew M. Cuomo,WEP,6
Essex,North Elba 3,Governor,,Andrew M. Cuomo,WEP,3
Essex,North Elba 4,Governor,,Andrew M. Cuomo,WEP,4
Essex,North Elba 5,Governor,,Andrew M. Cuomo,WEP,5
Essex,North Elba 6,Governor,,Andrew M. Cuomo,WEP,10
Essex,North Elba 7,Governor,,Andrew M. Cuomo,WEP,3
Essex,North Hudson 0,Governor,,Andrew M. Cuomo,WEP,1
Essex,Schroon 1,Governor,,Andrew M. Cuomo,WEP,4
Essex,Schroon 2,Governor,,Andrew M. Cuomo,WEP,1
Essex,St Armand 0,Governor,,Andrew M. Cuomo,WEP,8
Essex,Ticonderoga 1,Governor,,Andrew M. Cuomo,WEP,3
Essex,Ticonderoga 2,Governor,,Andrew M. Cuomo,WEP,2
Essex,Ticonderoga 3,Governor,,Andrew M. Cuomo,WEP,2
Essex,Ticonderoga 4,Governor,,Andrew M. Cuomo,WEP,3
Essex,Ticonderoga 5,Governor,,Andrew M. Cuomo,WEP,0
Essex,Ticonderoga 6,Governor,,Andrew M. Cuomo,WEP,1
Essex,Westport 1,Governor,,Andrew M. Cuomo,WEP,1
Essex,Westport 2,Governor,,Andrew M. Cuomo,WEP,8
Essex,Willsboro 1,Governor,,Andrew M. Cuomo,WEP,3
Essex,Willsboro 2,Governor,,Andrew M. Cuomo,WEP,5
Essex,Wilmington 0,Governor,,Andrew M. Cuomo,WEP,2
Essex,Total,Governor,,Andrew M. Cuomo,WEP,134
Essex,Chesterfield 1,Governor,,Rob Astorino,REP,81
Essex,Chesterfield 2,Governor,,Rob Astorino,REP,169
Essex,Chesterfield 4,Governor,,Rob Astorino,REP,28
Essex,Crown Point 1,Governor,,Rob Astorino,REP,87
Essex,Crown Point 2,Governor,,Rob Astorino,REP,48
Essex,Crown Point 3,Governor,,Rob Astorino,REP,91
Essex,Elizabethtown 0,Governor,,Rob Astorino,REP,134
Essex,Essex 1,Governor,,Rob Astorino,REP,36
Essex,Essex 2,Governor,,Rob Astorino,REP,30
Essex,Jay 1,Governor,,Rob Astorino,REP,184
Essex,Jay 2,Governor,,Rob Astorino,REP,63
Essex,Keene 1,Governor,,Rob Astorino,REP,52
Essex,Keene 2,Governor,,Rob Astorino,REP,40
Essex,Lewis 0,Governor,,Rob Astorino,REP,155
Essex,Minerva 0,Governor,,Rob Astorino,REP,135
Essex,Moriah 1,Governor,,Rob Astorino,REP,87
Essex,Moriah 2,Governor,,Rob Astorino,REP,145
Essex,Moriah 3,Governor,,Rob Astorino,REP,75
Essex,Moriah 4,Governor,,Rob Astorino,REP,44
Essex,Newcomb 0,Governor,,Rob Astorino,REP,91
Essex,North Elba 1,Governor,,Rob Astorino,REP,38
Essex,North Elba 2,Governor,,Rob Astorino,REP,58
Essex,North Elba 3,Governor,,Rob Astorino,REP,72
Essex,North Elba 4,Governor,,Rob Astorino,REP,78
Essex,North Elba 5,Governor,,Rob Astorino,REP,82
Essex,North Elba 6,Governor,,Rob Astorino,REP,106
Essex,North Elba 7,Governor,,Rob Astorino,REP,44
Essex,North Hudson 0,Governor,,Rob Astorino,REP,53
Essex,Schroon 1,Governor,,Rob Astorino,REP,164
Essex,Schroon 2,Governor,,Rob Astorino,REP,212
Essex,St Armand 0,Governor,,Rob Astorino,REP,111
Essex,Ticonderoga 1,Governor,,Rob Astorino,REP,90
Essex,Ticonderoga 2,Governor,,Rob Astorino,REP,121
Essex,Ticonderoga 3,Governor,,Rob Astorino,REP,74
Essex,Ticonderoga 4,Governor,,Rob Astorino,REP,88
Essex,Ticonderoga 5,Governor,,Rob Astorino,REP,66
Essex,Ticonderoga 6,Governor,,Rob Astorino,REP,60
Essex,Westport 1,Governor,,Rob Astorino,REP,40
Essex,Westport 2,Governor,,Rob Astorino,REP,112
Essex,Willsboro 1,Governor,,Rob Astorino,REP,117
Essex,Willsboro 2,Governor,,Rob Astorino,REP,99
Essex,Wilmington 0,Governor,,Rob Astorino,REP,126
Essex,Total,Governor,,Rob Astorino,REP,3786
Essex,Chesterfield 1,Governor,,Rob Astorino,CON,6
Essex,Chesterfield 2,Governor,,Rob Astorino,CON,15
Essex,Chesterfield 4,Governor,,Rob Astorino,CON,5
Essex,Crown Point 1,Governor,,Rob Astorino,CON,8
Essex,Crown Point 2,Governor,,Rob Astorino,CON,3
Essex,Crown Point 3,Governor,,Rob Astorino,CON,10
Essex,Elizabethtown 0,Governor,,Rob Astorino,CON,15
Essex,Essex 1,Governor,,Rob Astorino,CON,6
Essex,Essex 2,Governor,,Rob Astorino,CON,4
Essex,Jay 1,Governor,,Rob Astorino,CON,31
Essex,Jay 2,Governor,,Rob Astorino,CON,11
Essex,Keene 1,Governor,,Rob Astorino,CON,4
Essex,Keene 2,Governor,,Rob Astorino,CON,3
Essex,Lewis 0,Governor,,Rob Astorino,CON,14
Essex,Minerva 0,Governor,,Rob Astorino,CON,23
Essex,Moriah 1,Governor,,Rob Astorino,CON,8
Essex,Moriah 2,Governor,,Rob Astorino,CON,9
Essex,Moriah 3,Governor,,Rob Astorino,CON,7
Essex,Moriah 4,Governor,,Rob Astorino,CON,3
Essex,Newcomb 0,Governor,,Rob Astorino,CON,17
Essex,North Elba 1,Governor,,Rob Astorino,CON,4
Essex,North Elba 2,Governor,,Rob Astorino,CON,10
Essex,North Elba 3,Governor,,Rob Astorino,CON,9
Essex,North Elba 4,Governor,,Rob Astorino,CON,12
Essex,North Elba 5,Governor,,Rob Astorino,CON,17
Essex,North Elba 6,Governor,,Rob Astorino,CON,17
Essex,North Elba 7,Governor,,Rob Astorino,CON,12
Essex,North Hudson 0,Governor,,Rob Astorino,CON,13
Essex,Schroon 1,Governor,,Rob Astorino,CON,27
Essex,Schroon 2,Governor,,Rob Astorino,CON,30
Essex,St Armand 0,Governor,,Rob Astorino,CON,15
Essex,Ticonderoga 1,Governor,,Rob Astorino,CON,9
Essex,Ticonderoga 2,Governor,,Rob Astorino,CON,5
Essex,Ticonderoga 3,Governor,,Rob Astorino,CON,9
Essex,Ticonderoga 4,Governor,,Rob Astorino,CON,7
Essex,Ticonderoga 5,Governor,,Rob Astorino,CON,4
Essex,Ticonderoga 6,Governor,,Rob Astorino,CON,4
Essex,Westport 1,Governor,,Rob Astorino,CON,5
Essex,Westport 2,Governor,,Rob Astorino,CON,14
Essex,Willsboro 1,Governor,,Rob Astorino,CON,13
Essex,Willsboro 2,Governor,,Rob Astorino,CON,12
Essex,Wilmington 0,Governor,,Rob Astorino,CON,16
Essex,Total,Governor,,Rob Astorino,CON,466
Essex,Chesterfield 1,Governor,,Rob Astorino,SCC,2
Essex,Chesterfield 2,Governor,,Rob Astorino,SCC,5
Essex,Chesterfield 4,Governor,,Rob Astorino,SCC,1
Essex,Crown Point 1,Governor,,Rob Astorino,SCC,3
Essex,Crown Point 2,Governor,,Rob Astorino,SCC,2
Essex,Crown Point 3,Governor,,Rob Astorino,SCC,2
Essex,Elizabethtown 0,Governor,,Rob Astorino,SCC,6
Essex,Essex 1,Governor,,Rob Astorino,SCC,1
Essex,Essex 2,Governor,,Rob Astorino,SCC,2
Essex,Jay 1,Governor,,Rob Astorino,SCC,7
Essex,Jay 2,Governor,,Rob Astorino,SCC,4
Essex,Keene 1,Governor,,Rob Astorino,SCC,3
Essex,Keene 2,Governor,,Rob Astorino,SCC,1
Essex,Lewis 0,Governor,,Rob Astorino,SCC,10
Essex,Minerva 0,Governor,,Rob Astorino,SCC,7
Essex,Moriah 1,Governor,,Rob Astorino,SCC,2
Essex,Moriah 2,Governor,,Rob Astorino,SCC,5
Essex,Moriah 3,Governor,,Rob Astorino,SCC,7
Essex,Moriah 4,Governor,,Rob Astorino,SCC,2
Essex,Newcomb 0,Governor,,Rob Astorino,SCC,2
Essex,North Elba 1,Governor,,Rob Astorino,SCC,1
Essex,North Elba 2,Governor,,Rob Astorino,SCC,3
Essex,North Elba 3,Governor,,Rob Astorino,SCC,5
Essex,North Elba 4,Governor,,Rob Astorino,SCC,3
Essex,North Elba 5,Governor,,Rob Astorino,SCC,7
Essex,North Elba 6,Governor,,Rob Astorino,SCC,3
Essex,North Elba 7,Governor,,Rob Astorino,SCC,3
Essex,North Hudson 0,Governor,,Rob Astorino,SCC,6
Essex,Schroon 1,Governor,,Rob Astorino,SCC,7
Essex,Schroon 2,Governor,,Rob Astorino,SCC,4
Essex,St Armand 0,Governor,,Rob Astorino,SCC,12
Essex,Ticonderoga 1,Governor,,Rob Astorino,SCC,2
Essex,Ticonderoga 2,Governor,,Rob Astorino,SCC,1
Essex,Ticonderoga 3,Governor,,Rob Astorino,SCC,5
Essex,Ticonderoga 4,Governor,,Rob Astorino,SCC,5
Essex,Ticonderoga 5,Governor,,Rob Astorino,SCC,3
Essex,Ticonderoga 6,Governor,,Rob Astorino,SCC,4
Essex,Westport 1,Governor,,Rob Astorino,SCC,4
Essex,Westport 2,Governor,,Rob Astorino,SCC,7
Essex,Willsboro 1,Governor,,Rob Astorino,SCC,3
Essex,Willsboro 2,Governor,,Rob Astorino,SCC,1
Essex,Wilmington 0,Governor,,Rob Astorino,SCC,7
Essex,Total,Governor,,Rob Astorino,SCC,170
Essex,Chesterfield 1,Governor,,Howie Hawkins,GRE,15
Essex,Chesterfield 2,Governor,,Howie Hawkins,GRE,13
Essex,Chesterfield 4,Governor,,Howie Hawkins,GRE,8
Essex,Crown Point 1,Governor,,Howie Hawkins,GRE,6
Essex,Crown Point 2,Governor,,Howie Hawkins,GRE,2
Essex,Crown Point 3,Governor,,Howie Hawkins,GRE,3
Essex,Elizabethtown 0,Governor,,Howie Hawkins,GRE,23
Essex,Essex 1,Governor,,Howie Hawkins,GRE,4
Essex,Essex 2,Governor,,Howie Hawkins,GRE,5
Essex,Jay 1,Governor,,Howie Hawkins,GRE,50
Essex,Jay 2,Governor,,Howie Hawkins,GRE,8
Essex,Keene 1,Governor,,Howie Hawkins,GRE,24
Essex,Keene 2,Governor,,Howie Hawkins,GRE,11
Essex,Lewis 0,Governor,,Howie Hawkins,GRE,17
Essex,Minerva 0,Governor,,Howie Hawkins,GRE,51
Essex,Moriah 1,Governor,,Howie Hawkins,GRE,8
Essex,Moriah 2,Governor,,Howie Hawkins,GRE,10
Essex,Moriah 3,Governor,,Howie Hawkins,GRE,5
Essex,Moriah 4,Governor,,Howie Hawkins,GRE,7
Essex,Newcomb 0,Governor,,Howie Hawkins,GRE,6
Essex,North Elba 1,Governor,,Howie Hawkins,GRE,4
Essex,North Elba 2,Governor,,Howie Hawkins,GRE,30
Essex,North Elba 3,Governor,,Howie Hawkins,GRE,10
Essex,North Elba 4,Governor,,Howie Hawkins,GRE,9
Essex,North Elba 5,Governor,,Howie Hawkins,GRE,11
Essex,North Elba 6,Governor,,Howie Hawkins,GRE,20
Essex,North Elba 7,Governor,,Howie Hawkins,GRE,18
Essex,North Hudson 0,Governor,,Howie Hawkins,GRE,2
Essex,Schroon 1,Governor,,Howie Hawkins,GRE,11
Essex,Schroon 2,Governor,,Howie Hawkins,GRE,20
Essex,St Armand 0,Governor,,Howie Hawkins,GRE,36
Essex,Ticonderoga 1,Governor,,Howie Hawkins,GRE,8
Essex,Ticonderoga 2,Governor,,Howie Hawkins,GRE,5
Essex,Ticonderoga 3,Governor,,Howie Hawkins,GRE,5
Essex,Ticonderoga 4,Governor,,Howie Hawkins,GRE,9
Essex,Ticonderoga 5,Governor,,Howie Hawkins,GRE,2
Essex,Ticonderoga 6,Governor,,Howie Hawkins,GRE,6
Essex,Westport 1,Governor,,Howie Hawkins,GRE,11
Essex,Westport 2,Governor,,Howie Hawkins,GRE,20
Essex,Willsboro 1,Governor,,Howie Hawkins,GRE,16
Essex,Willsboro 2,Governor,,Howie Hawkins,GRE,11
Essex,Wilmington 0,Governor,,Howie Hawkins,GRE,29
Essex,Total,Governor,,Howie Hawkins,GRE,569
Essex,Chesterfield 1,Governor,,Steven Cohn,SAP,1
Essex,Chesterfield 2,Governor,,Steven Cohn,SAP,1
Essex,Chesterfield 4,Governor,,Steven Cohn,SAP,0
Essex,Crown Point 1,Governor,,Steven Cohn,SAP,0
Essex,Crown Point 2,Governor,,Steven Cohn,SAP,1
Essex,Crown Point 3,Governor,,Steven Cohn,SAP,1
Essex,Elizabethtown 0,Governor,,Steven Cohn,SAP,1
Essex,Essex 1,Governor,,Steven Cohn,SAP,0
Essex,Essex 2,Governor,,Steven Cohn,SAP,0
Essex,Jay 1,Governor,,Steven Cohn,SAP,1
Essex,Jay 2,Governor,,Steven Cohn,SAP,1
Essex,Keene 1,Governor,,Steven Cohn,SAP,1
Essex,Keene 2,Governor,,Steven Cohn,SAP,1
Essex,Lewis 0,Governor,,Steven Cohn,SAP,1
Essex,Minerva 0,Governor,,Steven Cohn,SAP,0
Essex,Moriah 1,Governor,,Steven Cohn,SAP,0
Essex,Moriah 2,Governor,,Steven Cohn,SAP,1
Essex,Moriah 3,Governor,,Steven Cohn,SAP,0
Essex,Moriah 4,Governor,,Steven Cohn,SAP,0
Essex,Newcomb 0,Governor,,Steven Cohn,SAP,0
Essex,North Elba 1,Governor,,Steven Cohn,SAP,0
Essex,North Elba 2,Governor,,Steven Cohn,SAP,0
Essex,North Elba 3,Governor,,Steven Cohn,SAP,0
Essex,North Elba 4,Governor,,Steven Cohn,SAP,0
Essex,North Elba 5,Governor,,Steven Cohn,SAP,0
Essex,North Elba 6,Governor,,Steven Cohn,SAP,0
Essex,North Elba 7,Governor,,Steven Cohn,SAP,0
Essex,North Hudson 0,Governor,,Steven Cohn,SAP,0
Essex,Schroon 1,Governor,,Steven Cohn,SAP,0
Essex,Schroon 2,Governor,,Steven Cohn,SAP,0
Essex,St Armand 0,Governor,,Steven Cohn,SAP,1
Essex,Ticonderoga 1,Governor,,Steven Cohn,SAP,1
Essex,Ticonderoga 2,Governor,,Steven Cohn,SAP,0
Essex,Ticonderoga 3,Governor,,Steven Cohn,SAP,0
Essex,Ticonderoga 4,Governor,,Steven Cohn,SAP,0
Essex,Ticonderoga 5,Governor,,Steven Cohn,SAP,0
Essex,Ticonderoga 6,Governor,,Steven Cohn,SAP,0
Essex,Westport 1,Governor,,Steven Cohn,SAP,0
Essex,Westport 2,Governor,,Steven Cohn,SAP,0
Essex,Willsboro 1,Governor,,Steven Cohn,SAP,0
Essex,Willsboro 2,Governor,,Steven Cohn,SAP,0
Essex,Wilmington 0,Governor,,Steven Cohn,SAP,1
Essex,Total,Governor,,Steven Cohn,SAP,14
Essex,Chesterfield 1,Governor,,Michael McDermott,LBT,2
Essex,Chesterfield 2,Governor,,Michael McDermott,LBT,1
Essex,Chesterfield 4,Governor,,Michael McDermott,LBT,0
Essex,Crown Point 1,Governor,,Michael McDermott,LBT,2
Essex,Crown Point 2,Governor,,Michael McDermott,LBT,0
Essex,Crown Point 3,Governor,,Michael McDermott,LBT,2
Essex,Elizabethtown 0,Governor,,Michael McDermott,LBT,1
Essex,Essex 1,Governor,,Michael McDermott,LBT,1
Essex,Essex 2,Governor,,Michael McDermott,LBT,0
Essex,Jay 1,Governor,,Michael McDermott,LBT,3
Essex,Jay 2,Governor,,Michael McDermott,LBT,2
Essex,Keene 1,Governor,,Michael McDermott,LBT,0
Essex,Keene 2,Governor,,Michael McDermott,LBT,0
Essex,Lewis 0,Governor,,Michael McDermott,LBT,0
Essex,Minerva 0,Governor,,Michael McDermott,LBT,1
Essex,Moriah 1,Governor,,Michael McDermott,LBT,0
Essex,Moriah 2,Governor,,Michael McDermott,LBT,3
Essex,Moriah 3,Governor,,Michael McDermott,LBT,2
Essex,Moriah 4,Governor,,Michael McDermott,LBT,2
Essex,Newcomb 0,Governor,,Michael McDermott,LBT,0
Essex,North Elba 1,Governor,,Michael McDermott,LBT,2
Essex,North Elba 2,Governor,,Michael McDermott,LBT,1
Essex,North Elba 3,Governor,,Michael McDermott,LBT,0
Essex,North Elba 4,Governor,,Michael McDermott,LBT,1
Essex,North Elba 5,Governor,,Michael McDermott,LBT,3
Essex,North Elba 6,Governor,,Michael McDermott,LBT,4
Essex,North Elba 7,Governor,,Michael McDermott,LBT,0
Essex,North Hudson 0,Governor,,Michael McDermott,LBT,0
Essex,Schroon 1,Governor,,Michael McDermott,LBT,1
Essex,Schroon 2,Governor,,Michael McDermott,LBT,5
Essex,St Armand 0,Governor,,Michael McDermott,LBT,6
Essex,Ticonderoga 1,Governor,,Michael McDermott,LBT,0
Essex,Ticonderoga 2,Governor,,Michael McDermott,LBT,0
Essex,Ticonderoga 3,Governor,,Michael McDermott,LBT,0
Essex,Ticonderoga 4,Governor,,Michael McDermott,LBT,1
Essex,Ticonderoga 5,Governor,,Michael McDermott,LBT,1
Essex,Ticonderoga 6,Governor,,Michael McDermott,LBT,0
Essex,Westport 1,Governor,,Michael McDermott,LBT,2
Essex,Westport 2,Governor,,Michael McDermott,LBT,5
Essex,Willsboro 1,Governor,,Michael McDermott,LBT,1
Essex,Willsboro 2,Governor,,Michael McDermott,LBT,0
Essex,Wilmington 0,Governor,,Michael McDermott,LBT,3
Essex,Total,Governor,,Michael McDermott,LBT,58
Essex,Chesterfield 1,Comptroller,,Thomas P. DiNapoli ,DEM,109
Essex,Chesterfield 2,Comptroller,,Thomas P. DiNapoli ,DEM,167
Essex,Chesterfield 4,Comptroller,,Thomas P. DiNapoli ,DEM,58
Essex,Crown Point 1,Comptroller,,Thomas P. DiNapoli ,DEM,44
Essex,Crown Point 2,Comptroller,,Thomas P. DiNapoli ,DEM,30
Essex,Crown Point 3,Comptroller,,Thomas P. DiNapoli ,DEM,55
Essex,Elizabethtown 0,Comptroller,,Thomas P. DiNapoli ,DEM,202
Essex,Essex 1,Comptroller,,Thomas P. DiNapoli ,DEM,75
Essex,Essex 2,Comptroller,,Thomas P. DiNapoli ,DEM,57
Essex,Jay 1,Comptroller,,Thomas P. DiNapoli ,DEM,308
Essex,Jay 2,Comptroller,,Thomas P. DiNapoli ,DEM,123
Essex,Keene 1,Comptroller,,Thomas P. DiNapoli ,DEM,156
Essex,Keene 2,Comptroller,,Thomas P. DiNapoli ,DEM,104
Essex,Lewis 0,Comptroller,,Thomas P. DiNapoli ,DEM,151
Essex,Minerva 0,Comptroller,,Thomas P. DiNapoli ,DEM,110
Essex,Moriah 1,Comptroller,,Thomas P. DiNapoli ,DEM,105
Essex,Moriah 2,Comptroller,,Thomas P. DiNapoli ,DEM,135
Essex,Moriah 3,Comptroller,,Thomas P. DiNapoli ,DEM,88
Essex,Moriah 4,Comptroller,,Thomas P. DiNapoli ,DEM,67
Essex,Newcomb 0,Comptroller,,Thomas P. DiNapoli ,DEM,87
Essex,North Elba 1,Comptroller,,Thomas P. DiNapoli ,DEM,105
Essex,North Elba 2,Comptroller,,Thomas P. DiNapoli ,DEM,167
Essex,North Elba 3,Comptroller,,Thomas P. DiNapoli ,DEM,136
Essex,North Elba 4,Comptroller,,Thomas P. DiNapoli ,DEM,126
Essex,North Elba 5,Comptroller,,Thomas P. DiNapoli ,DEM,134
Essex,North Elba 6,Comptroller,,Thomas P. DiNapoli ,DEM,176
Essex,North Elba 7,Comptroller,,Thomas P. DiNapoli ,DEM,94
Essex,North Hudson 0,Comptroller,,Thomas P. DiNapoli ,DEM,29
Essex,Schroon 1,Comptroller,,Thomas P. DiNapoli ,DEM,76
Essex,Schroon 2,Comptroller,,Thomas P. DiNapoli ,DEM,104
Essex,St Armand 0,Comptroller,,Thomas P. DiNapoli ,DEM,196
Essex,Ticonderoga 1,Comptroller,,Thomas P. DiNapoli ,DEM,65
Essex,Ticonderoga 2,Comptroller,,Thomas P. DiNapoli ,DEM,88
Essex,Ticonderoga 3,Comptroller,,Thomas P. DiNapoli ,DEM,79
Essex,Ticonderoga 4,Comptroller,,Thomas P. DiNapoli ,DEM,70
Essex,Ticonderoga 5,Comptroller,,Thomas P. DiNapoli ,DEM,57
Essex,Ticonderoga 6,Comptroller,,Thomas P. DiNapoli ,DEM,50
Essex,Westport 1,Comptroller,,Thomas P. DiNapoli ,DEM,78
Essex,Westport 2,Comptroller,,Thomas P. DiNapoli ,DEM,176
Essex,Willsboro 1,Comptroller,,Thomas P. DiNapoli ,DEM,144
Essex,Willsboro 2,Comptroller,,Thomas P. DiNapoli ,DEM,104
Essex,Wilmington 0,Comptroller,,Thomas P. DiNapoli ,DEM,185
Essex,Total,Comptroller,,Thomas P. DiNapoli ,DEM,4670
Essex,Chesterfield 1,Comptroller,,Thomas P. DiNapoli ,WOR,12
Essex,Chesterfield 2,Comptroller,,Thomas P. DiNapoli ,WOR,13
Essex,Chesterfield 4,Comptroller,,Thomas P. DiNapoli ,WOR,4
Essex,Crown Point 1,Comptroller,,Thomas P. DiNapoli ,WOR,5
Essex,Crown Point 2,Comptroller,,Thomas P. DiNapoli ,WOR,1
Essex,Crown Point 3,Comptroller,,Thomas P. DiNapoli ,WOR,7
Essex,Elizabethtown 0,Comptroller,,Thomas P. DiNapoli ,WOR,11
Essex,Essex 1,Comptroller,,Thomas P. DiNapoli ,WOR,5
Essex,Essex 2,Comptroller,,Thomas P. DiNapoli ,WOR,5
Essex,Jay 1,Comptroller,,Thomas P. DiNapoli ,WOR,23
Essex,Jay 2,Comptroller,,Thomas P. DiNapoli ,WOR,4
Essex,Keene 1,Comptroller,,Thomas P. DiNapoli ,WOR,10
Essex,Keene 2,Comptroller,,Thomas P. DiNapoli ,WOR,10
Essex,Lewis 0,Comptroller,,Thomas P. DiNapoli ,WOR,14
Essex,Minerva 0,Comptroller,,Thomas P. DiNapoli ,WOR,13
Essex,Moriah 1,Comptroller,,Thomas P. DiNapoli ,WOR,8
Essex,Moriah 2,Comptroller,,Thomas P. DiNapoli ,WOR,6
Essex,Moriah 3,Comptroller,,Thomas P. DiNapoli ,WOR,10
Essex,Moriah 4,Comptroller,,Thomas P. DiNapoli ,WOR,9
Essex,Newcomb 0,Comptroller,,Thomas P. DiNapoli ,WOR,8
Essex,North Elba 1,Comptroller,,Thomas P. DiNapoli ,WOR,7
Essex,North Elba 2,Comptroller,,Thomas P. DiNapoli ,WOR,13
Essex,North Elba 3,Comptroller,,Thomas P. DiNapoli ,WOR,8
Essex,North Elba 4,Comptroller,,Thomas P. DiNapoli ,WOR,11
Essex,North Elba 5,Comptroller,,Thomas P. DiNapoli ,WOR,11
Essex,North Elba 6,Comptroller,,Thomas P. DiNapoli ,WOR,17
Essex,North Elba 7,Comptroller,,Thomas P. DiNapoli ,WOR,10
Essex,North Hudson 0,Comptroller,,Thomas P. DiNapoli ,WOR,0
Essex,Schroon 1,Comptroller,,Thomas P. DiNapoli ,WOR,8
Essex,Schroon 2,Comptroller,,Thomas P. DiNapoli ,WOR,11
Essex,St Armand 0,Comptroller,,Thomas P. DiNapoli ,WOR,26
Essex,Ticonderoga 1,Comptroller,,Thomas P. DiNapoli ,WOR,8
Essex,Ticonderoga 2,Comptroller,,Thomas P. DiNapoli ,WOR,4
Essex,Ticonderoga 3,Comptroller,,Thomas P. DiNapoli ,WOR,5
Essex,Ticonderoga 4,Comptroller,,Thomas P. DiNapoli ,WOR,11
Essex,Ticonderoga 5,Comptroller,,Thomas P. DiNapoli ,WOR,3
Essex,Ticonderoga 6,Comptroller,,Thomas P. DiNapoli ,WOR,3
Essex,Westport 1,Comptroller,,Thomas P. DiNapoli ,WOR,5
Essex,Westport 2,Comptroller,,Thomas P. DiNapoli ,WOR,19
Essex,Willsboro 1,Comptroller,,Thomas P. DiNapoli ,WOR,17
Essex,Willsboro 2,Comptroller,,Thomas P. DiNapoli ,WOR,7
Essex,Wilmington 0,Comptroller,,Thomas P. DiNapoli ,WOR,11
Essex,Total,Comptroller,,Thomas P. DiNapoli ,WOR,393
Essex,Chesterfield 1,Comptroller,,Thomas P. DiNapoli ,ND-WEP,6
Essex,Chesterfield 2,Comptroller,,Thomas P. DiNapoli ,ND-WEP,16
Essex,Chesterfield 4,Comptroller,,Thomas P. DiNapoli ,ND-WEP,4
Essex,Crown Point 1,Comptroller,,Thomas P. DiNapoli ,ND-WEP,6
Essex,Crown Point 2,Comptroller,,Thomas P. DiNapoli ,ND-WEP,4
Essex,Crown Point 3,Comptroller,,Thomas P. DiNapoli ,ND-WEP,3
Essex,Elizabethtown 0,Comptroller,,Thomas P. DiNapoli ,ND-WEP,14
Essex,Essex 1,Comptroller,,Thomas P. DiNapoli ,ND-WEP,5
Essex,Essex 2,Comptroller,,Thomas P. DiNapoli ,ND-WEP,2
Essex,Jay 1,Comptroller,,Thomas P. DiNapoli ,ND-WEP,33
Essex,Jay 2,Comptroller,,Thomas P. DiNapoli ,ND-WEP,6
Essex,Keene 1,Comptroller,,Thomas P. DiNapoli ,ND-WEP,7
Essex,Keene 2,Comptroller,,Thomas P. DiNapoli ,ND-WEP,9
Essex,Lewis 0,Comptroller,,Thomas P. DiNapoli ,ND-WEP,14
Essex,Minerva 0,Comptroller,,Thomas P. DiNapoli ,ND-WEP,8
Essex,Moriah 1,Comptroller,,Thomas P. DiNapoli ,ND-WEP,12
Essex,Moriah 2,Comptroller,,Thomas P. DiNapoli ,ND-WEP,5
Essex,Moriah 3,Comptroller,,Thomas P. DiNapoli ,ND-WEP,4
Essex,Moriah 4,Comptroller,,Thomas P. DiNapoli ,ND-WEP,3
Essex,Newcomb 0,Comptroller,,Thomas P. DiNapoli ,ND-WEP,8
Essex,North Elba 1,Comptroller,,Thomas P. DiNapoli ,ND-WEP,9
Essex,North Elba 2,Comptroller,,Thomas P. DiNapoli ,ND-WEP,9
Essex,North Elba 3,Comptroller,,Thomas P. DiNapoli ,ND-WEP,6
Essex,North Elba 4,Comptroller,,Thomas P. DiNapoli ,ND-WEP,6
Essex,North Elba 5,Comptroller,,Thomas P. DiNapoli ,ND-WEP,18
Essex,North Elba 6,Comptroller,,Thomas P. DiNapoli ,ND-WEP,19
Essex,North Elba 7,Comptroller,,Thomas P. DiNapoli ,ND-WEP,10
Essex,North Hudson 0,Comptroller,,Thomas P. DiNapoli ,ND-WEP,4
Essex,Schroon 1,Comptroller,,Thomas P. DiNapoli ,ND-WEP,15
Essex,Schroon 2,Comptroller,,Thomas P. DiNapoli ,ND-WEP,12
Essex,St Armand 0,Comptroller,,Thomas P. DiNapoli ,ND-WEP,15
Essex,Ticonderoga 1,Comptroller,,Thomas P. DiNapoli ,ND-WEP,7
Essex,Ticonderoga 2,Comptroller,,Thomas P. DiNapoli ,ND-WEP,9
Essex,Ticonderoga 3,Comptroller,,Thomas P. DiNapoli ,ND-WEP,9
Essex,Ticonderoga 4,Comptroller,,Thomas P. DiNapoli ,ND-WEP,4
Essex,Ticonderoga 5,Comptroller,,Thomas P. DiNapoli ,ND-WEP,7
Essex,Ticonderoga 6,Comptroller,,Thomas P. DiNapoli ,ND-WEP,7
Essex,Westport 1,Comptroller,,Thomas P. DiNapoli ,ND-WEP,4
Essex,Westport 2,Comptroller,,Thomas P. DiNapoli ,ND-WEP,15
Essex,Willsboro 1,Comptroller,,Thomas P. DiNapoli ,ND-WEP,24
Essex,Willsboro 2,Comptroller,,Thomas P. DiNapoli ,ND-WEP,11
Essex,Wilmington 0,Comptroller,,Thomas P. DiNapoli ,ND-WEP,23
Essex,Total,Comptroller,,Thomas P. DiNapoli ,ND-WEP,412
Essex,Chesterfield 1,Comptroller,,Robert Antonacci ,REP,65
Essex,Chesterfield 2,Comptroller,,Robert Antonacci ,REP,140
Essex,Chesterfield 4,Comptroller,,Robert Antonacci ,REP,19
Essex,Crown Point 1,Comptroller,,Robert Antonacci ,REP,81
Essex,Crown Point 2,Comptroller,,Robert Antonacci ,REP,39
Essex,Crown Point 3,Comptroller,,Robert Antonacci ,REP,78
Essex,Elizabethtown 0,Comptroller,,Robert Antonacci ,REP,126
Essex,Essex 1,Comptroller,,Robert Antonacci ,REP,30
Essex,Essex 2,Comptroller,,Robert Antonacci ,REP,26
Essex,Jay 1,Comptroller,,Robert Antonacci ,REP,209
Essex,Jay 2,Comptroller,,Robert Antonacci ,REP,64
Essex,Keene 1,Comptroller,,Robert Antonacci ,REP,61
Essex,Keene 2,Comptroller,,Robert Antonacci ,REP,52
Essex,Lewis 0,Comptroller,,Robert Antonacci ,REP,127
Essex,Minerva 0,Comptroller,,Robert Antonacci ,REP,102
Essex,Moriah 1,Comptroller,,Robert Antonacci ,REP,78
Essex,Moriah 2,Comptroller,,Robert Antonacci ,REP,122
Essex,Moriah 3,Comptroller,,Robert Antonacci ,REP,72
Essex,Moriah 4,Comptroller,,Robert Antonacci ,REP,34
Essex,Newcomb 0,Comptroller,,Robert Antonacci ,REP,63
Essex,North Elba 1,Comptroller,,Robert Antonacci ,REP,32
Essex,North Elba 2,Comptroller,,Robert Antonacci ,REP,65
Essex,North Elba 3,Comptroller,,Robert Antonacci ,REP,74
Essex,North Elba 4,Comptroller,,Robert Antonacci ,REP,97
Essex,North Elba 5,Comptroller,,Robert Antonacci ,REP,91
Essex,North Elba 6,Comptroller,,Robert Antonacci ,REP,126
Essex,North Elba 7,Comptroller,,Robert Antonacci ,REP,43
Essex,North Hudson 0,Comptroller,,Robert Antonacci ,REP,44
Essex,Schroon 1,Comptroller,,Robert Antonacci ,REP,137
Essex,Schroon 2,Comptroller,,Robert Antonacci ,REP,204
Essex,St Armand 0,Comptroller,,Robert Antonacci ,REP,113
Essex,Ticonderoga 1,Comptroller,,Robert Antonacci ,REP,86
Essex,Ticonderoga 2,Comptroller,,Robert Antonacci ,REP,106
Essex,Ticonderoga 3,Comptroller,,Robert Antonacci ,REP,69
Essex,Ticonderoga 4,Comptroller,,Robert Antonacci ,REP,76
Essex,Ticonderoga 5,Comptroller,,Robert Antonacci ,REP,66
Essex,Ticonderoga 6,Comptroller,,Robert Antonacci ,REP,56
Essex,Westport 1,Comptroller,,Robert Antonacci ,REP,52
Essex,Westport 2,Comptroller,,Robert Antonacci ,REP,113
Essex,Willsboro 1,Comptroller,,Robert Antonacci ,REP,112
Essex,Willsboro 2,Comptroller,,Robert Antonacci ,REP,85
Essex,Wilmington 0,Comptroller,,Robert Antonacci ,REP,106
Essex,Total,Comptroller,,Robert Antonacci ,REP,3541
Essex,Chesterfield 1,Comptroller,,Robert Antonacci ,CON-SCC,7
Essex,Chesterfield 2,Comptroller,,Robert Antonacci ,CON-SCC,17
Essex,Chesterfield 4,Comptroller,,Robert Antonacci ,CON-SCC,4
Essex,Crown Point 1,Comptroller,,Robert Antonacci ,CON-SCC,7
Essex,Crown Point 2,Comptroller,,Robert Antonacci ,CON-SCC,3
Essex,Crown Point 3,Comptroller,,Robert Antonacci ,CON-SCC,7
Essex,Elizabethtown 0,Comptroller,,Robert Antonacci ,CON-SCC,10
Essex,Essex 1,Comptroller,,Robert Antonacci ,CON-SCC,4
Essex,Essex 2,Comptroller,,Robert Antonacci ,CON-SCC,1
Essex,Jay 1,Comptroller,,Robert Antonacci ,CON-SCC,23
Essex,Jay 2,Comptroller,,Robert Antonacci ,CON-SCC,12
Essex,Keene 1,Comptroller,,Robert Antonacci ,CON-SCC,4
Essex,Keene 2,Comptroller,,Robert Antonacci ,CON-SCC,3
Essex,Lewis 0,Comptroller,,Robert Antonacci ,CON-SCC,17
Essex,Minerva 0,Comptroller,,Robert Antonacci ,CON-SCC,21
Essex,Moriah 1,Comptroller,,Robert Antonacci ,CON-SCC,7
Essex,Moriah 2,Comptroller,,Robert Antonacci ,CON-SCC,5
Essex,Moriah 3,Comptroller,,Robert Antonacci ,CON-SCC,4
Essex,Moriah 4,Comptroller,,Robert Antonacci ,CON-SCC,0
Essex,Newcomb 0,Comptroller,,Robert Antonacci ,CON-SCC,14
Essex,North Elba 1,Comptroller,,Robert Antonacci ,CON-SCC,4
Essex,North Elba 2,Comptroller,,Robert Antonacci ,CON-SCC,12
Essex,North Elba 3,Comptroller,,Robert Antonacci ,CON-SCC,10
Essex,North Elba 4,Comptroller,,Robert Antonacci ,CON-SCC,15
Essex,North Elba 5,Comptroller,,Robert Antonacci ,CON-SCC,16
Essex,North Elba 6,Comptroller,,Robert Antonacci ,CON-SCC,16
Essex,North Elba 7,Comptroller,,Robert Antonacci ,CON-SCC,10
Essex,North Hudson 0,Comptroller,,Robert Antonacci ,CON-SCC,13
Essex,Schroon 1,Comptroller,,Robert Antonacci ,CON-SCC,22
Essex,Schroon 2,Comptroller,,Robert Antonacci ,CON-SCC,31
Essex,St Armand 0,Comptroller,,Robert Antonacci ,CON-SCC,16
Essex,Ticonderoga 1,Comptroller,,Robert Antonacci ,CON-SCC,6
Essex,Ticonderoga 2,Comptroller,,Robert Antonacci ,CON-SCC,9
Essex,Ticonderoga 3,Comptroller,,Robert Antonacci ,CON-SCC,8
Essex,Ticonderoga 4,Comptroller,,Robert Antonacci ,CON-SCC,6
Essex,Ticonderoga 5,Comptroller,,Robert Antonacci ,CON-SCC,5
Essex,Ticonderoga 6,Comptroller,,Robert Antonacci ,CON-SCC,4
Essex,Westport 1,Comptroller,,Robert Antonacci ,CON-SCC,1
Essex,Westport 2,Comptroller,,Robert Antonacci ,CON-SCC,16
Essex,Willsboro 1,Comptroller,,Robert Antonacci ,CON-SCC,19
Essex,Willsboro 2,Comptroller,,Robert Antonacci ,CON-SCC,12
Essex,Wilmington 0,Comptroller,,Robert Antonacci ,CON-SCC,15
Essex,Total,Comptroller,,Robert Antonacci ,CON-SCC,436
Essex,Chesterfield 1,Comptroller,,Theresa M. Portelli ,GRE,9
Essex,Chesterfield 2,Comptroller,,Theresa M. Portelli ,GRE,14
Essex,Chesterfield 4,Comptroller,,Theresa M. Portelli ,GRE,3
Essex,Crown Point 1,Comptroller,,Theresa M. Portelli ,GRE,4
Essex,Crown Point 2,Comptroller,,Theresa M. Portelli ,GRE,3
Essex,Crown Point 3,Comptroller,,Theresa M. Portelli ,GRE,3
Essex,Elizabethtown 0,Comptroller,,Theresa M. Portelli ,GRE,24
Essex,Essex 1,Comptroller,,Theresa M. Portelli ,GRE,8
Essex,Essex 2,Comptroller,,Theresa M. Portelli ,GRE,6
Essex,Jay 1,Comptroller,,Theresa M. Portelli ,GRE,37
Essex,Jay 2,Comptroller,,Theresa M. Portelli ,GRE,12
Essex,Keene 1,Comptroller,,Theresa M. Portelli ,GRE,17
Essex,Keene 2,Comptroller,,Theresa M. Portelli ,GRE,7
Essex,Lewis 0,Comptroller,,Theresa M. Portelli ,GRE,9
Essex,Minerva 0,Comptroller,,Theresa M. Portelli ,GRE,22
Essex,Moriah 1,Comptroller,,Theresa M. Portelli ,GRE,6
Essex,Moriah 2,Comptroller,,Theresa M. Portelli ,GRE,9
Essex,Moriah 3,Comptroller,,Theresa M. Portelli ,GRE,5
Essex,Moriah 4,Comptroller,,Theresa M. Portelli ,GRE,7
Essex,Newcomb 0,Comptroller,,Theresa M. Portelli ,GRE,4
Essex,North Elba 1,Comptroller,,Theresa M. Portelli ,GRE,3
Essex,North Elba 2,Comptroller,,Theresa M. Portelli ,GRE,20
Essex,North Elba 3,Comptroller,,Theresa M. Portelli ,GRE,11
Essex,North Elba 4,Comptroller,,Theresa M. Portelli ,GRE,7
Essex,North Elba 5,Comptroller,,Theresa M. Portelli ,GRE,9
Essex,North Elba 6,Comptroller,,Theresa M. Portelli ,GRE,18
Essex,North Elba 7,Comptroller,,Theresa M. Portelli ,GRE,8
Essex,North Hudson 0,Comptroller,,Theresa M. Portelli ,GRE,4
Essex,Schroon 1,Comptroller,,Theresa M. Portelli ,GRE,8
Essex,Schroon 2,Comptroller,,Theresa M. Portelli ,GRE,15
Essex,St Armand 0,Comptroller,,Theresa M. Portelli ,GRE,19
Essex,Ticonderoga 1,Comptroller,,Theresa M. Portelli ,GRE,6
Essex,Ticonderoga 2,Comptroller,,Theresa M. Portelli ,GRE,6
Essex,Ticonderoga 3,Comptroller,,Theresa M. Portelli ,GRE,1
Essex,Ticonderoga 4,Comptroller,,Theresa M. Portelli ,GRE,7
Essex,Ticonderoga 5,Comptroller,,Theresa M. Portelli ,GRE,3
Essex,Ticonderoga 6,Comptroller,,Theresa M. Portelli ,GRE,10
Essex,Westport 1,Comptroller,,Theresa M. Portelli ,GRE,6
Essex,Westport 2,Comptroller,,Theresa M. Portelli ,GRE,18
Essex,Willsboro 1,Comptroller,,Theresa M. Portelli ,GRE,10
Essex,Willsboro 2,Comptroller,,Theresa M. Portelli ,GRE,11
Essex,Wilmington 0,Comptroller,,Theresa M. Portelli ,GRE,19
Essex,Total,Comptroller,,Theresa M. Portelli ,GRE,428
Essex,Chesterfield 1,Comptroller,,John Clifton ,LBT,1
Essex,Chesterfield 2,Comptroller,,John Clifton ,LBT,3
Essex,Chesterfield 4,Comptroller,,John Clifton ,LBT,0
Essex,Crown Point 1,Comptroller,,John Clifton ,LBT,2
Essex,Crown Point 2,Comptroller,,John Clifton ,LBT,3
Essex,Crown Point 3,Comptroller,,John Clifton ,LBT,3
Essex,Elizabethtown 0,Comptroller,,John Clifton ,LBT,7
Essex,Essex 1,Comptroller,,John Clifton ,LBT,3
Essex,Essex 2,Comptroller,,John Clifton ,LBT,1
Essex,Jay 1,Comptroller,,John Clifton ,LBT,4
Essex,Jay 2,Comptroller,,John Clifton ,LBT,3
Essex,Keene 1,Comptroller,,John Clifton ,LBT,1
Essex,Keene 2,Comptroller,,John Clifton ,LBT,2
Essex,Lewis 0,Comptroller,,John Clifton ,LBT,3
Essex,Minerva 0,Comptroller,,John Clifton ,LBT,3
Essex,Moriah 1,Comptroller,,John Clifton ,LBT,2
Essex,Moriah 2,Comptroller,,John Clifton ,LBT,5
Essex,Moriah 3,Comptroller,,John Clifton ,LBT,6
Essex,Moriah 4,Comptroller,,John Clifton ,LBT,0
Essex,Newcomb 0,Comptroller,,John Clifton ,LBT,1
Essex,North Elba 1,Comptroller,,John Clifton ,LBT,2
Essex,North Elba 2,Comptroller,,John Clifton ,LBT,3
Essex,North Elba 3,Comptroller,,John Clifton ,LBT,2
Essex,North Elba 4,Comptroller,,John Clifton ,LBT,2
Essex,North Elba 5,Comptroller,,John Clifton ,LBT,6
Essex,North Elba 6,Comptroller,,John Clifton ,LBT,4
Essex,North Elba 7,Comptroller,,John Clifton ,LBT,1
Essex,North Hudson 0,Comptroller,,John Clifton ,LBT,2
Essex,Schroon 1,Comptroller,,John Clifton ,LBT,6
Essex,Schroon 2,Comptroller,,John Clifton ,LBT,4
Essex,St Armand 0,Comptroller,,John Clifton ,LBT,1
Essex,Ticonderoga 1,Comptroller,,John Clifton ,LBT,0
Essex,Ticonderoga 2,Comptroller,,John Clifton ,LBT,2
Essex,Ticonderoga 3,Comptroller,,John Clifton ,LBT,2
Essex,Ticonderoga 4,Comptroller,,John Clifton ,LBT,1
Essex,Ticonderoga 5,Comptroller,,John Clifton ,LBT,2
Essex,Ticonderoga 6,Comptroller,,John Clifton ,LBT,1
Essex,Westport 1,Comptroller,,John Clifton ,LBT,3
Essex,Westport 2,Comptroller,,John Clifton ,LBT,5
Essex,Willsboro 1,Comptroller,,John Clifton ,LBT,2
Essex,Willsboro 2,Comptroller,,John Clifton ,LBT,5
Essex,Wilmington 0,Comptroller,,John Clifton ,LBT,4
Essex,Total,Comptroller,,John Clifton ,LBT,113
Essex,Chesterfield 1,Attorney General,,Eric T. Schneiderman,DEM,85
Essex,Chesterfield 2,Attorney General,,Eric T. Schneiderman,DEM,127
Essex,Chesterfield 4,Attorney General,,Eric T. Schneiderman,DEM,44
Essex,Crown Point 1,Attorney General,,Eric T. Schneiderman,DEM,37
Essex,Crown Point 2,Attorney General,,Eric T. Schneiderman,DEM,23
Essex,Crown Point 3,Attorney General,,Eric T. Schneiderman,DEM,43
Essex,Elizabethtown 0,Attorney General,,Eric T. Schneiderman,DEM,154
Essex,Essex 1,Attorney General,,Eric T. Schneiderman,DEM,66
Essex,Essex 2,Attorney General,,Eric T. Schneiderman,DEM,54
Essex,Jay 1,Attorney General,,Eric T. Schneiderman,DEM,238
Essex,Jay 2,Attorney General,,Eric T. Schneiderman,DEM,96
Essex,Keene 1,Attorney General,,Eric T. Schneiderman,DEM,137
Essex,Keene 2,Attorney General,,Eric T. Schneiderman,DEM,100
Essex,Lewis 0,Attorney General,,Eric T. Schneiderman,DEM,98
Essex,Minerva 0,Attorney General,,Eric T. Schneiderman,DEM,81
Essex,Moriah 1,Attorney General,,Eric T. Schneiderman,DEM,68
Essex,Moriah 2,Attorney General,,Eric T. Schneiderman,DEM,100
Essex,Moriah 3,Attorney General,,Eric T. Schneiderman,DEM,73
Essex,Moriah 4,Attorney General,,Eric T. Schneiderman,DEM,44
Essex,Newcomb 0,Attorney General,,Eric T. Schneiderman,DEM,58
Essex,North Elba 1,Attorney General,,Eric T. Schneiderman,DEM,81
Essex,North Elba 2,Attorney General,,Eric T. Schneiderman,DEM,140
Essex,North Elba 3,Attorney General,,Eric T. Schneiderman,DEM,103
Essex,North Elba 4,Attorney General,,Eric T. Schneiderman,DEM,106
Essex,North Elba 5,Attorney General,,Eric T. Schneiderman,DEM,110
Essex,North Elba 6,Attorney General,,Eric T. Schneiderman,DEM,153
Essex,North Elba 7,Attorney General,,Eric T. Schneiderman,DEM,80
Essex,North Hudson 0,Attorney General,,Eric T. Schneiderman,DEM,18
Essex,Schroon 1,Attorney General,,Eric T. Schneiderman,DEM,53
Essex,Schroon 2,Attorney General,,Eric T. Schneiderman,DEM,83
Essex,St Armand 0,Attorney General,,Eric T. Schneiderman,DEM,150
Essex,Ticonderoga 1,Attorney General,,Eric T. Schneiderman,DEM,55
Essex,Ticonderoga 2,Attorney General,,Eric T. Schneiderman,DEM,59
Essex,Ticonderoga 3,Attorney General,,Eric T. Schneiderman,DEM,61
Essex,Ticonderoga 4,Attorney General,,Eric T. Schneiderman,DEM,52
Essex,Ticonderoga 5,Attorney General,,Eric T. Schneiderman,DEM,47
Essex,Ticonderoga 6,Attorney General,,Eric T. Schneiderman,DEM,33
Essex,Westport 1,Attorney General,,Eric T. Schneiderman,DEM,63
Essex,Westport 2,Attorney General,,Eric T. Schneiderman,DEM,127
Essex,Willsboro 1,Attorney General,,Eric T. Schneiderman,DEM,106
Essex,Willsboro 2,Attorney General,,Eric T. Schneiderman,DEM,77
Essex,Wilmington 0,Attorney General,,Eric T. Schneiderman,DEM,140
Essex,Total,Attorney General,,Eric T. Schneiderman,DEM,3623
Essex,Chesterfield 1,Attorney General,,Eric T. Schneiderman,WOR,4
Essex,Chesterfield 2,Attorney General,,Eric T. Schneiderman,WOR,13
Essex,Chesterfield 4,Attorney General,,Eric T. Schneiderman,WOR,2
Essex,Crown Point 1,Attorney General,,Eric T. Schneiderman,WOR,4
Essex,Crown Point 2,Attorney General,,Eric T. Schneiderman,WOR,1
Essex,Crown Point 3,Attorney General,,Eric T. Schneiderman,WOR,6
Essex,Elizabethtown 0,Attorney General,,Eric T. Schneiderman,WOR,5
Essex,Essex 1,Attorney General,,Eric T. Schneiderman,WOR,5
Essex,Essex 2,Attorney General,,Eric T. Schneiderman,WOR,3
Essex,Jay 1,Attorney General,,Eric T. Schneiderman,WOR,23
Essex,Jay 2,Attorney General,,Eric T. Schneiderman,WOR,7
Essex,Keene 1,Attorney General,,Eric T. Schneiderman,WOR,8
Essex,Keene 2,Attorney General,,Eric T. Schneiderman,WOR,10
Essex,Lewis 0,Attorney General,,Eric T. Schneiderman,WOR,4
Essex,Minerva 0,Attorney General,,Eric T. Schneiderman,WOR,13
Essex,Moriah 1,Attorney General,,Eric T. Schneiderman,WOR,8
Essex,Moriah 2,Attorney General,,Eric T. Schneiderman,WOR,8
Essex,Moriah 3,Attorney General,,Eric T. Schneiderman,WOR,13
Essex,Moriah 4,Attorney General,,Eric T. Schneiderman,WOR,6
Essex,Newcomb 0,Attorney General,,Eric T. Schneiderman,WOR,4
Essex,North Elba 1,Attorney General,,Eric T. Schneiderman,WOR,4
Essex,North Elba 2,Attorney General,,Eric T. Schneiderman,WOR,13
Essex,North Elba 3,Attorney General,,Eric T. Schneiderman,WOR,7
Essex,North Elba 4,Attorney General,,Eric T. Schneiderman,WOR,7
Essex,North Elba 5,Attorney General,,Eric T. Schneiderman,WOR,6
Essex,North Elba 6,Attorney General,,Eric T. Schneiderman,WOR,17
Essex,North Elba 7,Attorney General,,Eric T. Schneiderman,WOR,9
Essex,North Hudson 0,Attorney General,,Eric T. Schneiderman,WOR,1
Essex,Schroon 1,Attorney General,,Eric T. Schneiderman,WOR,4
Essex,Schroon 2,Attorney General,,Eric T. Schneiderman,WOR,10
Essex,St Armand 0,Attorney General,,Eric T. Schneiderman,WOR,27
Essex,Ticonderoga 1,Attorney General,,Eric T. Schneiderman,WOR,6
Essex,Ticonderoga 2,Attorney General,,Eric T. Schneiderman,WOR,2
Essex,Ticonderoga 3,Attorney General,,Eric T. Schneiderman,WOR,4
Essex,Ticonderoga 4,Attorney General,,Eric T. Schneiderman,WOR,2
Essex,Ticonderoga 5,Attorney General,,Eric T. Schneiderman,WOR,2
Essex,Ticonderoga 6,Attorney General,,Eric T. Schneiderman,WOR,7
Essex,Westport 1,Attorney General,,Eric T. Schneiderman,WOR,4
Essex,Westport 2,Attorney General,,Eric T. Schneiderman,WOR,15
Essex,Willsboro 1,Attorney General,,Eric T. Schneiderman,WOR,12
Essex,Willsboro 2,Attorney General,,Eric T. Schneiderman,WOR,7
Essex,Wilmington 0,Attorney General,,Eric T. Schneiderman,WOR,10
Essex,Total,Attorney General,,Eric T. Schneiderman,WOR,323
Essex,Chesterfield 1,Attorney General,,Eric T. Schneiderman,ND-WEP,1
Essex,Chesterfield 2,Attorney General,,Eric T. Schneiderman,ND-WEP,9
Essex,Chesterfield 4,Attorney General,,Eric T. Schneiderman,ND-WEP,4
Essex,Crown Point 1,Attorney General,,Eric T. Schneiderman,ND-WEP,2
Essex,Crown Point 2,Attorney General,,Eric T. Schneiderman,ND-WEP,2
Essex,Crown Point 3,Attorney General,,Eric T. Schneiderman,ND-WEP,1
Essex,Elizabethtown 0,Attorney General,,Eric T. Schneiderman,ND-WEP,12
Essex,Essex 1,Attorney General,,Eric T. Schneiderman,ND-WEP,4
Essex,Essex 2,Attorney General,,Eric T. Schneiderman,ND-WEP,2
Essex,Jay 1,Attorney General,,Eric T. Schneiderman,ND-WEP,33
Essex,Jay 2,Attorney General,,Eric T. Schneiderman,ND-WEP,5
Essex,Keene 1,Attorney General,,Eric T. Schneiderman,ND-WEP,5
Essex,Keene 2,Attorney General,,Eric T. Schneiderman,ND-WEP,4
Essex,Lewis 0,Attorney General,,Eric T. Schneiderman,ND-WEP,12
Essex,Minerva 0,Attorney General,,Eric T. Schneiderman,ND-WEP,8
Essex,Moriah 1,Attorney General,,Eric T. Schneiderman,ND-WEP,7
Essex,Moriah 2,Attorney General,,Eric T. Schneiderman,ND-WEP,8
Essex,Moriah 3,Attorney General,,Eric T. Schneiderman,ND-WEP,3
Essex,Moriah 4,Attorney General,,Eric T. Schneiderman,ND-WEP,3
Essex,Newcomb 0,Attorney General,,Eric T. Schneiderman,ND-WEP,7
Essex,North Elba 1,Attorney General,,Eric T. Schneiderman,ND-WEP,5
Essex,North Elba 2,Attorney General,,Eric T. Schneiderman,ND-WEP,11
Essex,North Elba 3,Attorney General,,Eric T. Schneiderman,ND-WEP,5
Essex,North Elba 4,Attorney General,,Eric T. Schneiderman,ND-WEP,10
Essex,North Elba 5,Attorney General,,Eric T. Schneiderman,ND-WEP,13
Essex,North Elba 6,Attorney General,,Eric T. Schneiderman,ND-WEP,18
Essex,North Elba 7,Attorney General,,Eric T. Schneiderman,ND-WEP,11
Essex,North Hudson 0,Attorney General,,Eric T. Schneiderman,ND-WEP,1
Essex,Schroon 1,Attorney General,,Eric T. Schneiderman,ND-WEP,9
Essex,Schroon 2,Attorney General,,Eric T. Schneiderman,ND-WEP,5
Essex,St Armand 0,Attorney General,,Eric T. Schneiderman,ND-WEP,13
Essex,Ticonderoga 1,Attorney General,,Eric T. Schneiderman,ND-WEP,8
Essex,Ticonderoga 2,Attorney General,,Eric T. Schneiderman,ND-WEP,5
Essex,Ticonderoga 3,Attorney General,,Eric T. Schneiderman,ND-WEP,11
Essex,Ticonderoga 4,Attorney General,,Eric T. Schneiderman,ND-WEP,5
Essex,Ticonderoga 5,Attorney General,,Eric T. Schneiderman,ND-WEP,3
Essex,Ticonderoga 6,Attorney General,,Eric T. Schneiderman,ND-WEP,3
Essex,Westport 1,Attorney General,,Eric T. Schneiderman,ND-WEP,2
Essex,Westport 2,Attorney General,,Eric T. Schneiderman,ND-WEP,14
Essex,Willsboro 1,Attorney General,,Eric T. Schneiderman,ND-WEP,19
Essex,Willsboro 2,Attorney General,,Eric T. Schneiderman,ND-WEP,6
Essex,Wilmington 0,Attorney General,,Eric T. Schneiderman,ND-WEP,17
Essex,Total,Attorney General,,Eric T. Schneiderman,ND-WEP,326
Essex,Chesterfield 1,Attorney General,,John Cahill,REP,91
Essex,Chesterfield 2,Attorney General,,John Cahill,REP,175
Essex,Chesterfield 4,Attorney General,,John Cahill,REP,30
Essex,Crown Point 1,Attorney General,,John Cahill,REP,95
Essex,Crown Point 2,Attorney General,,John Cahill,REP,51
Essex,Crown Point 3,Attorney General,,John Cahill,REP,100
Essex,Elizabethtown 0,Attorney General,,John Cahill,REP,179
Essex,Essex 1,Attorney General,,John Cahill,REP,41
Essex,Essex 2,Attorney General,,John Cahill,REP,33
Essex,Jay 1,Attorney General,,John Cahill,REP,300
Essex,Jay 2,Attorney General,,John Cahill,REP,92
Essex,Keene 1,Attorney General,,John Cahill,REP,81
Essex,Keene 2,Attorney General,,John Cahill,REP,60
Essex,Lewis 0,Attorney General,,John Cahill,REP,186
Essex,Minerva 0,Attorney General,,John Cahill,REP,121
Essex,Moriah 1,Attorney General,,John Cahill,REP,114
Essex,Moriah 2,Attorney General,,John Cahill,REP,162
Essex,Moriah 3,Attorney General,,John Cahill,REP,90
Essex,Moriah 4,Attorney General,,John Cahill,REP,59
Essex,Newcomb 0,Attorney General,,John Cahill,REP,87
Essex,North Elba 1,Attorney General,,John Cahill,REP,57
Essex,North Elba 2,Attorney General,,John Cahill,REP,82
Essex,North Elba 3,Attorney General,,John Cahill,REP,102
Essex,North Elba 4,Attorney General,,John Cahill,REP,122
Essex,North Elba 5,Attorney General,,John Cahill,REP,120
Essex,North Elba 6,Attorney General,,John Cahill,REP,164
Essex,North Elba 7,Attorney General,,John Cahill,REP,52
Essex,North Hudson 0,Attorney General,,John Cahill,REP,60
Essex,Schroon 1,Attorney General,,John Cahill,REP,162
Essex,Schroon 2,Attorney General,,John Cahill,REP,229
Essex,St Armand 0,Attorney General,,John Cahill,REP,155
Essex,Ticonderoga 1,Attorney General,,John Cahill,REP,100
Essex,Ticonderoga 2,Attorney General,,John Cahill,REP,134
Essex,Ticonderoga 3,Attorney General,,John Cahill,REP,84
Essex,Ticonderoga 4,Attorney General,,John Cahill,REP,100
Essex,Ticonderoga 5,Attorney General,,John Cahill,REP,82
Essex,Ticonderoga 6,Attorney General,,John Cahill,REP,78
Essex,Westport 1,Attorney General,,John Cahill,REP,69
Essex,Westport 2,Attorney General,,John Cahill,REP,169
Essex,Willsboro 1,Attorney General,,John Cahill,REP,155
Essex,Willsboro 2,Attorney General,,John Cahill,REP,121
Essex,Wilmington 0,Attorney General,,John Cahill,REP,146
Essex,Total,Attorney General,,John Cahill,REP,4690
Essex,Chesterfield 1,Attorney General,,John Cahill,CON-SCC,12
Essex,Chesterfield 2,Attorney General,,John Cahill,CON-SCC,27
Essex,Chesterfield 4,Attorney General,,John Cahill,CON-SCC,4
Essex,Crown Point 1,Attorney General,,John Cahill,CON-SCC,13
Essex,Crown Point 2,Attorney General,,John Cahill,CON-SCC,2
Essex,Crown Point 3,Attorney General,,John Cahill,CON-SCC,9
Essex,Elizabethtown 0,Attorney General,,John Cahill,CON-SCC,19
Essex,Essex 1,Attorney General,,John Cahill,CON-SCC,5
Essex,Essex 2,Attorney General,,John Cahill,CON-SCC,3
Essex,Jay 1,Attorney General,,John Cahill,CON-SCC,27
Essex,Jay 2,Attorney General,,John Cahill,CON-SCC,11
Essex,Keene 1,Attorney General,,John Cahill,CON-SCC,7
Essex,Keene 2,Attorney General,,John Cahill,CON-SCC,6
Essex,Lewis 0,Attorney General,,John Cahill,CON-SCC,24
Essex,Minerva 0,Attorney General,,John Cahill,CON-SCC,16
Essex,Moriah 1,Attorney General,,John Cahill,CON-SCC,12
Essex,Moriah 2,Attorney General,,John Cahill,CON-SCC,7
Essex,Moriah 3,Attorney General,,John Cahill,CON-SCC,6
Essex,Moriah 4,Attorney General,,John Cahill,CON-SCC,3
Essex,Newcomb 0,Attorney General,,John Cahill,CON-SCC,21
Essex,North Elba 1,Attorney General,,John Cahill,CON-SCC,6
Essex,North Elba 2,Attorney General,,John Cahill,CON-SCC,18
Essex,North Elba 3,Attorney General,,John Cahill,CON-SCC,11
Essex,North Elba 4,Attorney General,,John Cahill,CON-SCC,18
Essex,North Elba 5,Attorney General,,John Cahill,CON-SCC,24
Essex,North Elba 6,Attorney General,,John Cahill,CON-SCC,20
Essex,North Elba 7,Attorney General,,John Cahill,CON-SCC,17
Essex,North Hudson 0,Attorney General,,John Cahill,CON-SCC,18
Essex,Schroon 1,Attorney General,,John Cahill,CON-SCC,22
Essex,Schroon 2,Attorney General,,John Cahill,CON-SCC,37
Essex,St Armand 0,Attorney General,,John Cahill,CON-SCC,23
Essex,Ticonderoga 1,Attorney General,,John Cahill,CON-SCC,8
Essex,Ticonderoga 2,Attorney General,,John Cahill,CON-SCC,11
Essex,Ticonderoga 3,Attorney General,,John Cahill,CON-SCC,7
Essex,Ticonderoga 4,Attorney General,,John Cahill,CON-SCC,12
Essex,Ticonderoga 5,Attorney General,,John Cahill,CON-SCC,5
Essex,Ticonderoga 6,Attorney General,,John Cahill,CON-SCC,8
Essex,Westport 1,Attorney General,,John Cahill,CON-SCC,5
Essex,Westport 2,Attorney General,,John Cahill,CON-SCC,20
Essex,Willsboro 1,Attorney General,,John Cahill,CON-SCC,34
Essex,Willsboro 2,Attorney General,,John Cahill,CON-SCC,20
Essex,Wilmington 0,Attorney General,,John Cahill,CON-SCC,27
Essex,Total,Attorney General,,John Cahill,CON-SCC,605
Essex,Chesterfield 1,Attorney General,,Ramon Jimenez,GRE,7
Essex,Chesterfield 2,Attorney General,,Ramon Jimenez,GRE,9
Essex,Chesterfield 4,Attorney General,,Ramon Jimenez,GRE,3
Essex,Crown Point 1,Attorney General,,Ramon Jimenez,GRE,4
Essex,Crown Point 2,Attorney General,,Ramon Jimenez,GRE,4
Essex,Crown Point 3,Attorney General,,Ramon Jimenez,GRE,4
Essex,Elizabethtown 0,Attorney General,,Ramon Jimenez,GRE,20
Essex,Essex 1,Attorney General,,Ramon Jimenez,GRE,8
Essex,Essex 2,Attorney General,,Ramon Jimenez,GRE,4
Essex,Jay 1,Attorney General,,Ramon Jimenez,GRE,26
Essex,Jay 2,Attorney General,,Ramon Jimenez,GRE,4
Essex,Keene 1,Attorney General,,Ramon Jimenez,GRE,14
Essex,Keene 2,Attorney General,,Ramon Jimenez,GRE,7
Essex,Lewis 0,Attorney General,,Ramon Jimenez,GRE,5
Essex,Minerva 0,Attorney General,,Ramon Jimenez,GRE,26
Essex,Moriah 1,Attorney General,,Ramon Jimenez,GRE,7
Essex,Moriah 2,Attorney General,,Ramon Jimenez,GRE,7
Essex,Moriah 3,Attorney General,,Ramon Jimenez,GRE,3
Essex,Moriah 4,Attorney General,,Ramon Jimenez,GRE,6
Essex,Newcomb 0,Attorney General,,Ramon Jimenez,GRE,4
Essex,North Elba 1,Attorney General,,Ramon Jimenez,GRE,6
Essex,North Elba 2,Attorney General,,Ramon Jimenez,GRE,15
Essex,North Elba 3,Attorney General,,Ramon Jimenez,GRE,8
Essex,North Elba 4,Attorney General,,Ramon Jimenez,GRE,5
Essex,North Elba 5,Attorney General,,Ramon Jimenez,GRE,4
Essex,North Elba 6,Attorney General,,Ramon Jimenez,GRE,11
Essex,North Elba 7,Attorney General,,Ramon Jimenez,GRE,4
Essex,North Hudson 0,Attorney General,,Ramon Jimenez,GRE,2
Essex,Schroon 1,Attorney General,,Ramon Jimenez,GRE,7
Essex,Schroon 2,Attorney General,,Ramon Jimenez,GRE,9
Essex,St Armand 0,Attorney General,,Ramon Jimenez,GRE,14
Essex,Ticonderoga 1,Attorney General,,Ramon Jimenez,GRE,3
Essex,Ticonderoga 2,Attorney General,,Ramon Jimenez,GRE,4
Essex,Ticonderoga 3,Attorney General,,Ramon Jimenez,GRE,2
Essex,Ticonderoga 4,Attorney General,,Ramon Jimenez,GRE,3
Essex,Ticonderoga 5,Attorney General,,Ramon Jimenez,GRE,2
Essex,Ticonderoga 6,Attorney General,,Ramon Jimenez,GRE,2
Essex,Westport 1,Attorney General,,Ramon Jimenez,GRE,6
Essex,Westport 2,Attorney General,,Ramon Jimenez,GRE,11
Essex,Willsboro 1,Attorney General,,Ramon Jimenez,GRE,7
Essex,Willsboro 2,Attorney General,,Ramon Jimenez,GRE,6
Essex,Wilmington 0,Attorney General,,Ramon Jimenez,GRE,19
Essex,Total,Attorney General,,Ramon Jimenez,GRE,322
Essex,Chesterfield 1,Attorney General,,Carl E. Person,LBT,1
Essex,Chesterfield 2,Attorney General,,Carl E. Person,LBT,6
Essex,Chesterfield 4,Attorney General,,Carl E. Person,LBT,1
Essex,Crown Point 1,Attorney General,,Carl E. Person,LBT,0
Essex,Crown Point 2,Attorney General,,Carl E. Person,LBT,2
Essex,Crown Point 3,Attorney General,,Carl E. Person,LBT,2
Essex,Elizabethtown 0,Attorney General,,Carl E. Person,LBT,5
Essex,Essex 1,Attorney General,,Carl E. Person,LBT,2
Essex,Essex 2,Attorney General,,Carl E. Person,LBT,1
Essex,Jay 1,Attorney General,,Carl E. Person,LBT,5
Essex,Jay 2,Attorney General,,Carl E. Person,LBT,2
Essex,Keene 1,Attorney General,,Carl E. Person,LBT,0
Essex,Keene 2,Attorney General,,Carl E. Person,LBT,0
Essex,Lewis 0,Attorney General,,Carl E. Person,LBT,2
Essex,Minerva 0,Attorney General,,Carl E. Person,LBT,5
Essex,Moriah 1,Attorney General,,Carl E. Person,LBT,1
Essex,Moriah 2,Attorney General,,Carl E. Person,LBT,6
Essex,Moriah 3,Attorney General,,Carl E. Person,LBT,3
Essex,Moriah 4,Attorney General,,Carl E. Person,LBT,0
Essex,Newcomb 0,Attorney General,,Carl E. Person,LBT,1
Essex,North Elba 1,Attorney General,,Carl E. Person,LBT,2
Essex,North Elba 2,Attorney General,,Carl E. Person,LBT,4
Essex,North Elba 3,Attorney General,,Carl E. Person,LBT,3
Essex,North Elba 4,Attorney General,,Carl E. Person,LBT,1
Essex,North Elba 5,Attorney General,,Carl E. Person,LBT,7
Essex,North Elba 6,Attorney General,,Carl E. Person,LBT,3
Essex,North Elba 7,Attorney General,,Carl E. Person,LBT,0
Essex,North Hudson 0,Attorney General,,Carl E. Person,LBT,2
Essex,Schroon 1,Attorney General,,Carl E. Person,LBT,4
Essex,Schroon 2,Attorney General,,Carl E. Person,LBT,6
Essex,St Armand 0,Attorney General,,Carl E. Person,LBT,2
Essex,Ticonderoga 1,Attorney General,,Carl E. Person,LBT,0
Essex,Ticonderoga 2,Attorney General,,Carl E. Person,LBT,3
Essex,Ticonderoga 3,Attorney General,,Carl E. Person,LBT,0
Essex,Ticonderoga 4,Attorney General,,Carl E. Person,LBT,1
Essex,Ticonderoga 5,Attorney General,,Carl E. Person,LBT,2
Essex,Ticonderoga 6,Attorney General,,Carl E. Person,LBT,1
Essex,Westport 1,Attorney General,,Carl E. Person,LBT,1
Essex,Westport 2,Attorney General,,Carl E. Person,LBT,5
Essex,Willsboro 1,Attorney General,,Carl E. Person,LBT,5
Essex,Willsboro 2,Attorney General,,Carl E. Person,LBT,3
Essex,Wilmington 0,Attorney General,,Carl E. Person,LBT,4
Essex,Total,Attorney General,,Carl E. Person,LBT,104
Essex,Chesterfield 1,U.S. House,21,Aaron G. Woolf,DEM,95
Essex,Chesterfield 2,U.S. House,21,Aaron G. Woolf,DEM,151
Essex,Chesterfield 4,U.S. House,21,Aaron G. Woolf,DEM,52
Essex,Crown Point 1,U.S. House,21,Aaron G. Woolf,DEM,48
Essex,Crown Point 2,U.S. House,21,Aaron G. Woolf,DEM,25
Essex,Crown Point 3,U.S. House,21,Aaron G. Woolf,DEM,66
Essex,Elizabethtown 0,U.S. House,21,Aaron G. Woolf,DEM,230
Essex,Essex 1,U.S. House,21,Aaron G. Woolf,DEM,82
Essex,Essex 2,U.S. House,21,Aaron G. Woolf,DEM,61
Essex,Jay 1,U.S. House,21,Aaron G. Woolf,DEM,289
Essex,Jay 2,U.S. House,21,Aaron G. Woolf,DEM,106
Essex,Keene 1,U.S. House,21,Aaron G. Woolf,DEM,169
Essex,Keene 2,U.S. House,21,Aaron G. Woolf,DEM,132
Essex,Lewis 0,U.S. House,21,Aaron G. Woolf,DEM,175
Essex,Minerva 0,U.S. House,21,Aaron G. Woolf,DEM,89
Essex,Moriah 1,U.S. House,21,Aaron G. Woolf,DEM,99
Essex,Moriah 2,U.S. House,21,Aaron G. Woolf,DEM,122
Essex,Moriah 3,U.S. House,21,Aaron G. Woolf,DEM,93
Essex,Moriah 4,U.S. House,21,Aaron G. Woolf,DEM,48
Essex,Newcomb 0,U.S. House,21,Aaron G. Woolf,DEM,59
Essex,North Elba 1,U.S. House,21,Aaron G. Woolf,DEM,96
Essex,North Elba 2,U.S. House,21,Aaron G. Woolf,DEM,140
Essex,North Elba 3,U.S. House,21,Aaron G. Woolf,DEM,113
Essex,North Elba 4,U.S. House,21,Aaron G. Woolf,DEM,123
Essex,North Elba 5,U.S. House,21,Aaron G. Woolf,DEM,132
Essex,North Elba 6,U.S. House,21,Aaron G. Woolf,DEM,182
Essex,North Elba 7,U.S. House,21,Aaron G. Woolf,DEM,80
Essex,North Hudson 0,U.S. House,21,Aaron G. Woolf,DEM,35
Essex,Schroon 1,U.S. House,21,Aaron G. Woolf,DEM,62
Essex,Schroon 2,U.S. House,21,Aaron G. Woolf,DEM,97
Essex,St Armand 0,U.S. House,21,Aaron G. Woolf,DEM,175
Essex,Ticonderoga 1,U.S. House,21,Aaron G. Woolf,DEM,64
Essex,Ticonderoga 2,U.S. House,21,Aaron G. Woolf,DEM,76
Essex,Ticonderoga 3,U.S. House,21,Aaron G. Woolf,DEM,65
Essex,Ticonderoga 4,U.S. House,21,Aaron G. Woolf,DEM,66
Essex,Ticonderoga 5,U.S. House,21,Aaron G. Woolf,DEM,55
Essex,Ticonderoga 6,U.S. House,21,Aaron G. Woolf,DEM,47
Essex,Westport 1,U.S. House,21,Aaron G. Woolf,DEM,83
Essex,Westport 2,U.S. House,21,Aaron G. Woolf,DEM,193
Essex,Willsboro 1,U.S. House,21,Aaron G. Woolf,DEM,155
Essex,Willsboro 2,U.S. House,21,Aaron G. Woolf,DEM,122
Essex,Wilmington 0,U.S. House,21,Aaron G. Woolf,DEM,172
Essex,Total,U.S. House,21,Aaron G. Woolf,DEM,4524
Essex,Chesterfield 1,U.S. House,21,Aaron G. Woolf,WOR,10
Essex,Chesterfield 2,U.S. House,21,Aaron G. Woolf,WOR,11
Essex,Chesterfield 4,U.S. House,21,Aaron G. Woolf,WOR,4
Essex,Crown Point 1,U.S. House,21,Aaron G. Woolf,WOR,10
Essex,Crown Point 2,U.S. House,21,Aaron G. Woolf,WOR,3
Essex,Crown Point 3,U.S. House,21,Aaron G. Woolf,WOR,13
Essex,Elizabethtown 0,U.S. House,21,Aaron G. Woolf,WOR,18
Essex,Essex 1,U.S. House,21,Aaron G. Woolf,WOR,8
Essex,Essex 2,U.S. House,21,Aaron G. Woolf,WOR,4
Essex,Jay 1,U.S. House,21,Aaron G. Woolf,WOR,31
Essex,Jay 2,U.S. House,21,Aaron G. Woolf,WOR,6
Essex,Keene 1,U.S. House,21,Aaron G. Woolf,WOR,14
Essex,Keene 2,U.S. House,21,Aaron G. Woolf,WOR,14
Essex,Lewis 0,U.S. House,21,Aaron G. Woolf,WOR,15
Essex,Minerva 0,U.S. House,21,Aaron G. Woolf,WOR,13
Essex,Moriah 1,U.S. House,21,Aaron G. Woolf,WOR,10
Essex,Moriah 2,U.S. House,21,Aaron G. Woolf,WOR,13
Essex,Moriah 3,U.S. House,21,Aaron G. Woolf,WOR,13
Essex,Moriah 4,U.S. House,21,Aaron G. Woolf,WOR,11
Essex,Newcomb 0,U.S. House,21,Aaron G. Woolf,WOR,6
Essex,North Elba 1,U.S. House,21,Aaron G. Woolf,WOR,13
Essex,North Elba 2,U.S. House,21,Aaron G. Woolf,WOR,15
Essex,North Elba 3,U.S. House,21,Aaron G. Woolf,WOR,11
Essex,North Elba 4,U.S. House,21,Aaron G. Woolf,WOR,8
Essex,North Elba 5,U.S. House,21,Aaron G. Woolf,WOR,14
Essex,North Elba 6,U.S. House,21,Aaron G. Woolf,WOR,23
Essex,North Elba 7,U.S. House,21,Aaron G. Woolf,WOR,11
Essex,North Hudson 0,U.S. House,21,Aaron G. Woolf,WOR,0
Essex,Schroon 1,U.S. House,21,Aaron G. Woolf,WOR,11
Essex,Schroon 2,U.S. House,21,Aaron G. Woolf,WOR,8
Essex,St Armand 0,U.S. House,21,Aaron G. Woolf,WOR,33
Essex,Ticonderoga 1,U.S. House,21,Aaron G. Woolf,WOR,12
Essex,Ticonderoga 2,U.S. House,21,Aaron G. Woolf,WOR,7
Essex,Ticonderoga 3,U.S. House,21,Aaron G. Woolf,WOR,8
Essex,Ticonderoga 4,U.S. House,21,Aaron G. Woolf,WOR,7
Essex,Ticonderoga 5,U.S. House,21,Aaron G. Woolf,WOR,3
Essex,Ticonderoga 6,U.S. House,21,Aaron G. Woolf,WOR,8
Essex,Westport 1,U.S. House,21,Aaron G. Woolf,WOR,10
Essex,Westport 2,U.S. House,21,Aaron G. Woolf,WOR,23
Essex,Willsboro 1,U.S. House,21,Aaron G. Woolf,WOR,15
Essex,Willsboro 2,U.S. House,21,Aaron G. Woolf,WOR,10
Essex,Wilmington 0,U.S. House,21,Aaron G. Woolf,WOR,17
Essex,Total,U.S. House,21,Aaron G. Woolf,WOR,494
Essex,Chesterfield 1,U.S. House,21,Elise M. Stefanik,REP,85
Essex,Chesterfield 2,U.S. House,21,Elise M. Stefanik,REP,180
Essex,Chesterfield 4,U.S. House,21,Elise M. Stefanik,REP,27
Essex,Crown Point 1,U.S. House,21,Elise M. Stefanik,REP,90
Essex,Crown Point 2,U.S. House,21,Elise M. Stefanik,REP,46
Essex,Crown Point 3,U.S. House,21,Elise M. Stefanik,REP,79
Essex,Elizabethtown 0,U.S. House,21,Elise M. Stefanik,REP,133
Essex,Essex 1,U.S. House,21,Elise M. Stefanik,REP,32
Essex,Essex 2,U.S. House,21,Elise M. Stefanik,REP,26
Essex,Jay 1,U.S. House,21,Elise M. Stefanik,REP,247
Essex,Jay 2,U.S. House,21,Elise M. Stefanik,REP,78
Essex,Keene 1,U.S. House,21,Elise M. Stefanik,REP,62
Essex,Keene 2,U.S. House,21,Elise M. Stefanik,REP,43
Essex,Lewis 0,U.S. House,21,Elise M. Stefanik,REP,141
Essex,Minerva 0,U.S. House,21,Elise M. Stefanik,REP,115
Essex,Moriah 1,U.S. House,21,Elise M. Stefanik,REP,84
Essex,Moriah 2,U.S. House,21,Elise M. Stefanik,REP,135
Essex,Moriah 3,U.S. House,21,Elise M. Stefanik,REP,76
Essex,Moriah 4,U.S. House,21,Elise M. Stefanik,REP,49
Essex,Newcomb 0,U.S. House,21,Elise M. Stefanik,REP,75
Essex,North Elba 1,U.S. House,21,Elise M. Stefanik,REP,48
Essex,North Elba 2,U.S. House,21,Elise M. Stefanik,REP,76
Essex,North Elba 3,U.S. House,21,Elise M. Stefanik,REP,113
Essex,North Elba 4,U.S. House,21,Elise M. Stefanik,REP,120
Essex,North Elba 5,U.S. House,21,Elise M. Stefanik,REP,111
Essex,North Elba 6,U.S. House,21,Elise M. Stefanik,REP,137
Essex,North Elba 7,U.S. House,21,Elise M. Stefanik,REP,54
Essex,North Hudson 0,U.S. House,21,Elise M. Stefanik,REP,46
Essex,Schroon 1,U.S. House,21,Elise M. Stefanik,REP,149
Essex,Schroon 2,U.S. House,21,Elise M. Stefanik,REP,213
Essex,St Armand 0,U.S. House,21,Elise M. Stefanik,REP,119
Essex,Ticonderoga 1,U.S. House,21,Elise M. Stefanik,REP,96
Essex,Ticonderoga 2,U.S. House,21,Elise M. Stefanik,REP,127
Essex,Ticonderoga 3,U.S. House,21,Elise M. Stefanik,REP,79
Essex,Ticonderoga 4,U.S. House,21,Elise M. Stefanik,REP,84
Essex,Ticonderoga 5,U.S. House,21,Elise M. Stefanik,REP,72
Essex,Ticonderoga 6,U.S. House,21,Elise M. Stefanik,REP,63
Essex,Westport 1,U.S. House,21,Elise M. Stefanik,REP,47
Essex,Westport 2,U.S. House,21,Elise M. Stefanik,REP,121
Essex,Willsboro 1,U.S. House,21,Elise M. Stefanik,REP,132
Essex,Willsboro 2,U.S. House,21,Elise M. Stefanik,REP,102
Essex,Wilmington 0,U.S. House,21,Elise M. Stefanik,REP,137
Essex,Total,U.S. House,21,Elise M. Stefanik,REP,4049
Essex,Chesterfield 1,U.S. House,21,Elise M. Stefanik,CON,8
Essex,Chesterfield 2,U.S. House,21,Elise M. Stefanik,CON,12
Essex,Chesterfield 4,U.S. House,21,Elise M. Stefanik,CON,4
Essex,Crown Point 1,U.S. House,21,Elise M. Stefanik,CON,9
Essex,Crown Point 2,U.S. House,21,Elise M. Stefanik,CON,1
Essex,Crown Point 3,U.S. House,21,Elise M. Stefanik,CON,8
Essex,Elizabethtown 0,U.S. House,21,Elise M. Stefanik,CON,14
Essex,Essex 1,U.S. House,21,Elise M. Stefanik,CON,3
Essex,Essex 2,U.S. House,21,Elise M. Stefanik,CON,1
Essex,Jay 1,U.S. House,21,Elise M. Stefanik,CON,30
Essex,Jay 2,U.S. House,21,Elise M. Stefanik,CON,14
Essex,Keene 1,U.S. House,21,Elise M. Stefanik,CON,4
Essex,Keene 2,U.S. House,21,Elise M. Stefanik,CON,3
Essex,Lewis 0,U.S. House,21,Elise M. Stefanik,CON,12
Essex,Minerva 0,U.S. House,21,Elise M. Stefanik,CON,14
Essex,Moriah 1,U.S. House,21,Elise M. Stefanik,CON,9
Essex,Moriah 2,U.S. House,21,Elise M. Stefanik,CON,7
Essex,Moriah 3,U.S. House,21,Elise M. Stefanik,CON,8
Essex,Moriah 4,U.S. House,21,Elise M. Stefanik,CON,0
Essex,Newcomb 0,U.S. House,21,Elise M. Stefanik,CON,16
Essex,North Elba 1,U.S. House,21,Elise M. Stefanik,CON,7
Essex,North Elba 2,U.S. House,21,Elise M. Stefanik,CON,13
Essex,North Elba 3,U.S. House,21,Elise M. Stefanik,CON,8
Essex,North Elba 4,U.S. House,21,Elise M. Stefanik,CON,11
Essex,North Elba 5,U.S. House,21,Elise M. Stefanik,CON,15
Essex,North Elba 6,U.S. House,21,Elise M. Stefanik,CON,16
Essex,North Elba 7,U.S. House,21,Elise M. Stefanik,CON,13
Essex,North Hudson 0,U.S. House,21,Elise M. Stefanik,CON,18
Essex,Schroon 1,U.S. House,21,Elise M. Stefanik,CON,25
Essex,Schroon 2,U.S. House,21,Elise M. Stefanik,CON,29
Essex,St Armand 0,U.S. House,21,Elise M. Stefanik,CON,19
Essex,Ticonderoga 1,U.S. House,21,Elise M. Stefanik,CON,5
Essex,Ticonderoga 2,U.S. House,21,Elise M. Stefanik,CON,7
Essex,Ticonderoga 3,U.S. House,21,Elise M. Stefanik,CON,9
Essex,Ticonderoga 4,U.S. House,21,Elise M. Stefanik,CON,6
Essex,Ticonderoga 5,U.S. House,21,Elise M. Stefanik,CON,6
Essex,Ticonderoga 6,U.S. House,21,Elise M. Stefanik,CON,6
Essex,Westport 1,U.S. House,21,Elise M. Stefanik,CON,2
Essex,Westport 2,U.S. House,21,Elise M. Stefanik,CON,11
Essex,Willsboro 1,U.S. House,21,Elise M. Stefanik,CON,20
Essex,Willsboro 2,U.S. House,21,Elise M. Stefanik,CON,13
Essex,Wilmington 0,U.S. House,21,Elise M. Stefanik,CON,17
Essex,Total,U.S. House,21,Elise M. Stefanik,CON,453
Essex,Chesterfield 1,U.S. House,21,Elise M. Stefanik,IND,1
Essex,Chesterfield 2,U.S. House,21,Elise M. Stefanik,IND,5
Essex,Chesterfield 4,U.S. House,21,Elise M. Stefanik,IND,1
Essex,Crown Point 1,U.S. House,21,Elise M. Stefanik,IND,2
Essex,Crown Point 2,U.S. House,21,Elise M. Stefanik,IND,1
Essex,Crown Point 3,U.S. House,21,Elise M. Stefanik,IND,3
Essex,Elizabethtown 0,U.S. House,21,Elise M. Stefanik,IND,2
Essex,Essex 1,U.S. House,21,Elise M. Stefanik,IND,1
Essex,Essex 2,U.S. House,21,Elise M. Stefanik,IND,2
Essex,Jay 1,U.S. House,21,Elise M. Stefanik,IND,18
Essex,Jay 2,U.S. House,21,Elise M. Stefanik,IND,6
Essex,Keene 1,U.S. House,21,Elise M. Stefanik,IND,2
Essex,Keene 2,U.S. House,21,Elise M. Stefanik,IND,1
Essex,Lewis 0,U.S. House,21,Elise M. Stefanik,IND,4
Essex,Minerva 0,U.S. House,21,Elise M. Stefanik,IND,5
Essex,Moriah 1,U.S. House,21,Elise M. Stefanik,IND,4
Essex,Moriah 2,U.S. House,21,Elise M. Stefanik,IND,6
Essex,Moriah 3,U.S. House,21,Elise M. Stefanik,IND,1
Essex,Moriah 4,U.S. House,21,Elise M. Stefanik,IND,7
Essex,Newcomb 0,U.S. House,21,Elise M. Stefanik,IND,5
Essex,North Elba 1,U.S. House,21,Elise M. Stefanik,IND,3
Essex,North Elba 2,U.S. House,21,Elise M. Stefanik,IND,3
Essex,North Elba 3,U.S. House,21,Elise M. Stefanik,IND,4
Essex,North Elba 4,U.S. House,21,Elise M. Stefanik,IND,7
Essex,North Elba 5,U.S. House,21,Elise M. Stefanik,IND,12
Essex,North Elba 6,U.S. House,21,Elise M. Stefanik,IND,6
Essex,North Elba 7,U.S. House,21,Elise M. Stefanik,IND,5
Essex,North Hudson 0,U.S. House,21,Elise M. Stefanik,IND,0
Essex,Schroon 1,U.S. House,21,Elise M. Stefanik,IND,7
Essex,Schroon 2,U.S. House,21,Elise M. Stefanik,IND,6
Essex,St Armand 0,U.S. House,21,Elise M. Stefanik,IND,10
Essex,Ticonderoga 1,U.S. House,21,Elise M. Stefanik,IND,4
Essex,Ticonderoga 2,U.S. House,21,Elise M. Stefanik,IND,2
Essex,Ticonderoga 3,U.S. House,21,Elise M. Stefanik,IND,2
Essex,Ticonderoga 4,U.S. House,21,Elise M. Stefanik,IND,4
Essex,Ticonderoga 5,U.S. House,21,Elise M. Stefanik,IND,3
Essex,Ticonderoga 6,U.S. House,21,Elise M. Stefanik,IND,3
Essex,Westport 1,U.S. House,21,Elise M. Stefanik,IND,3
Essex,Westport 2,U.S. House,21,Elise M. Stefanik,IND,8
Essex,Willsboro 1,U.S. House,21,Elise M. Stefanik,IND,7
Essex,Willsboro 2,U.S. House,21,Elise M. Stefanik,IND,8
Essex,Wilmington 0,U.S. House,21,Elise M. Stefanik,IND,8
Essex,Total,U.S. House,21,Elise M. Stefanik,IND,192
Essex,Chesterfield 1,U.S. House,21,Matthew J. Funiciello,GRE,21
Essex,Chesterfield 2,U.S. House,21,Matthew J. Funiciello,GRE,53
Essex,Chesterfield 4,U.S. House,21,Matthew J. Funiciello,GRE,8
Essex,Crown Point 1,U.S. House,21,Matthew J. Funiciello,GRE,13
Essex,Crown Point 2,U.S. House,21,Matthew J. Funiciello,GRE,10
Essex,Crown Point 3,U.S. House,21,Matthew J. Funiciello,GRE,15
Essex,Elizabethtown 0,U.S. House,21,Matthew J. Funiciello,GRE,61
Essex,Essex 1,U.S. House,21,Matthew J. Funiciello,GRE,19
Essex,Essex 2,U.S. House,21,Matthew J. Funiciello,GRE,10
Essex,Jay 1,U.S. House,21,Matthew J. Funiciello,GRE,86
Essex,Jay 2,U.S. House,21,Matthew J. Funiciello,GRE,47
Essex,Keene 1,U.S. House,21,Matthew J. Funiciello,GRE,35
Essex,Keene 2,U.S. House,21,Matthew J. Funiciello,GRE,15
Essex,Lewis 0,U.S. House,21,Matthew J. Funiciello,GRE,42
Essex,Minerva 0,U.S. House,21,Matthew J. Funiciello,GRE,67
Essex,Moriah 1,U.S. House,21,Matthew J. Funiciello,GRE,35
Essex,Moriah 2,U.S. House,21,Matthew J. Funiciello,GRE,39
Essex,Moriah 3,U.S. House,21,Matthew J. Funiciello,GRE,17
Essex,Moriah 4,U.S. House,21,Matthew J. Funiciello,GRE,24
Essex,Newcomb 0,U.S. House,21,Matthew J. Funiciello,GRE,38
Essex,North Elba 1,U.S. House,21,Matthew J. Funiciello,GRE,18
Essex,North Elba 2,U.S. House,21,Matthew J. Funiciello,GRE,54
Essex,North Elba 3,U.S. House,21,Matthew J. Funiciello,GRE,26
Essex,North Elba 4,U.S. House,21,Matthew J. Funiciello,GRE,23
Essex,North Elba 5,U.S. House,21,Matthew J. Funiciello,GRE,30
Essex,North Elba 6,U.S. House,21,Matthew J. Funiciello,GRE,42
Essex,North Elba 7,U.S. House,21,Matthew J. Funiciello,GRE,21
Essex,North Hudson 0,U.S. House,21,Matthew J. Funiciello,GRE,10
Essex,Schroon 1,U.S. House,21,Matthew J. Funiciello,GRE,37
Essex,Schroon 2,U.S. House,21,Matthew J. Funiciello,GRE,43
Essex,St Armand 0,U.S. House,21,Matthew J. Funiciello,GRE,65
Essex,Ticonderoga 1,U.S. House,21,Matthew J. Funiciello,GRE,20
Essex,Ticonderoga 2,U.S. House,21,Matthew J. Funiciello,GRE,21
Essex,Ticonderoga 3,U.S. House,21,Matthew J. Funiciello,GRE,15
Essex,Ticonderoga 4,U.S. House,21,Matthew J. Funiciello,GRE,27
Essex,Ticonderoga 5,U.S. House,21,Matthew J. Funiciello,GRE,18
Essex,Ticonderoga 6,U.S. House,21,Matthew J. Funiciello,GRE,20
Essex,Westport 1,U.S. House,21,Matthew J. Funiciello,GRE,19
Essex,Westport 2,U.S. House,21,Matthew J. Funiciello,GRE,45
Essex,Willsboro 1,U.S. House,21,Matthew J. Funiciello,GRE,60
Essex,Willsboro 2,U.S. House,21,Matthew J. Funiciello,GRE,34
Essex,Wilmington 0,U.S. House,21,Matthew J. Funiciello,GRE,54
Essex,Total,U.S. House,21,Matthew J. Funiciello,GRE,1357
Essex,Chesterfield 1,State Senate,45,Elizabeth O'C Little,REP,142
Essex,Chesterfield 2,State Senate,45,Elizabeth O'C Little,REP,251
Essex,Chesterfield 4,State Senate,45,Elizabeth O'C Little,REP,45
Essex,Crown Point 1,State Senate,45,Elizabeth O'C Little,REP,119
Essex,Crown Point 2,State Senate,45,Elizabeth O'C Little,REP,63
Essex,Crown Point 3,State Senate,45,Elizabeth O'C Little,REP,129
Essex,Elizabethtown 0,State Senate,45,Elizabeth O'C Little,REP,292
Essex,Essex 1,State Senate,45,Elizabeth O'C Little,REP,67
Essex,Essex 2,State Senate,45,Elizabeth O'C Little,REP,55
Essex,Jay 1,State Senate,45,Elizabeth O'C Little,REP,409
Essex,Jay 2,State Senate,45,Elizabeth O'C Little,REP,157
Essex,Keene 1,State Senate,45,Elizabeth O'C Little,REP,145
Essex,Keene 2,State Senate,45,Elizabeth O'C Little,REP,101
Essex,Lewis 0,State Senate,45,Elizabeth O'C Little,REP,260
Essex,Minerva 0,State Senate,45,Elizabeth O'C Little,REP,175
Essex,Moriah 1,State Senate,45,Elizabeth O'C Little,REP,176
Essex,Moriah 2,State Senate,45,Elizabeth O'C Little,REP,239
Essex,Moriah 3,State Senate,45,Elizabeth O'C Little,REP,144
Essex,Moriah 4,State Senate,45,Elizabeth O'C Little,REP,89
Essex,Newcomb 0,State Senate,45,Elizabeth O'C Little,REP,117
Essex,North Elba 1,State Senate,45,Elizabeth O'C Little,REP,92
Essex,North Elba 2,State Senate,45,Elizabeth O'C Little,REP,148
Essex,North Elba 3,State Senate,45,Elizabeth O'C Little,REP,162
Essex,North Elba 4,State Senate,45,Elizabeth O'C Little,REP,168
Essex,North Elba 5,State Senate,45,Elizabeth O'C Little,REP,185
Essex,North Elba 6,State Senate,45,Elizabeth O'C Little,REP,214
Essex,North Elba 7,State Senate,45,Elizabeth O'C Little,REP,87
Essex,North Hudson 0,State Senate,45,Elizabeth O'C Little,REP,76
Essex,Schroon 1,State Senate,45,Elizabeth O'C Little,REP,194
Essex,Schroon 2,State Senate,45,Elizabeth O'C Little,REP,278
Essex,St Armand 0,State Senate,45,Elizabeth O'C Little,REP,234
Essex,Ticonderoga 1,State Senate,45,Elizabeth O'C Little,REP,142
Essex,Ticonderoga 2,State Senate,45,Elizabeth O'C Little,REP,191
Essex,Ticonderoga 3,State Senate,45,Elizabeth O'C Little,REP,124
Essex,Ticonderoga 4,State Senate,45,Elizabeth O'C Little,REP,138
Essex,Ticonderoga 5,State Senate,45,Elizabeth O'C Little,REP,123
Essex,Ticonderoga 6,State Senate,45,Elizabeth O'C Little,REP,108
Essex,Westport 1,State Senate,45,Elizabeth O'C Little,REP,105
Essex,Westport 2,State Senate,45,Elizabeth O'C Little,REP,251
Essex,Willsboro 1,State Senate,45,Elizabeth O'C Little,REP,234
Essex,Willsboro 2,State Senate,45,Elizabeth O'C Little,REP,193
Essex,Wilmington 0,State Senate,45,Elizabeth O'C Little,REP,214
Essex,Total,State Senate,45,Elizabeth O'C Little,REP,6836
Essex,Chesterfield 1,State Senate,45,Elizabeth O'C Little,CON,12
Essex,Chesterfield 2,State Senate,45,Elizabeth O'C Little,CON,22
Essex,Chesterfield 4,State Senate,45,Elizabeth O'C Little,CON,6
Essex,Crown Point 1,State Senate,45,Elizabeth O'C Little,CON,13
Essex,Crown Point 2,State Senate,45,Elizabeth O'C Little,CON,3
Essex,Crown Point 3,State Senate,45,Elizabeth O'C Little,CON,15
Essex,Elizabethtown 0,State Senate,45,Elizabeth O'C Little,CON,22
Essex,Essex 1,State Senate,45,Elizabeth O'C Little,CON,8
Essex,Essex 2,State Senate,45,Elizabeth O'C Little,CON,3
Essex,Jay 1,State Senate,45,Elizabeth O'C Little,CON,46
Essex,Jay 2,State Senate,45,Elizabeth O'C Little,CON,19
Essex,Keene 1,State Senate,45,Elizabeth O'C Little,CON,8
Essex,Keene 2,State Senate,45,Elizabeth O'C Little,CON,8
Essex,Lewis 0,State Senate,45,Elizabeth O'C Little,CON,21
Essex,Minerva 0,State Senate,45,Elizabeth O'C Little,CON,23
Essex,Moriah 1,State Senate,45,Elizabeth O'C Little,CON,13
Essex,Moriah 2,State Senate,45,Elizabeth O'C Little,CON,9
Essex,Moriah 3,State Senate,45,Elizabeth O'C Little,CON,12
Essex,Moriah 4,State Senate,45,Elizabeth O'C Little,CON,6
Essex,Newcomb 0,State Senate,45,Elizabeth O'C Little,CON,23
Essex,North Elba 1,State Senate,45,Elizabeth O'C Little,CON,9
Essex,North Elba 2,State Senate,45,Elizabeth O'C Little,CON,26
Essex,North Elba 3,State Senate,45,Elizabeth O'C Little,CON,17
Essex,North Elba 4,State Senate,45,Elizabeth O'C Little,CON,20
Essex,North Elba 5,State Senate,45,Elizabeth O'C Little,CON,19
Essex,North Elba 6,State Senate,45,Elizabeth O'C Little,CON,22
Essex,North Elba 7,State Senate,45,Elizabeth O'C Little,CON,16
Essex,North Hudson 0,State Senate,45,Elizabeth O'C Little,CON,18
Essex,Schroon 1,State Senate,45,Elizabeth O'C Little,CON,29
Essex,Schroon 2,State Senate,45,Elizabeth O'C Little,CON,37
Essex,St Armand 0,State Senate,45,Elizabeth O'C Little,CON,26
Essex,Ticonderoga 1,State Senate,45,Elizabeth O'C Little,CON,12
Essex,Ticonderoga 2,State Senate,45,Elizabeth O'C Little,CON,17
Essex,Ticonderoga 3,State Senate,45,Elizabeth O'C Little,CON,9
Essex,Ticonderoga 4,State Senate,45,Elizabeth O'C Little,CON,14
Essex,Ticonderoga 5,State Senate,45,Elizabeth O'C Little,CON,13
Essex,Ticonderoga 6,State Senate,45,Elizabeth O'C Little,CON,9
Essex,Westport 1,State Senate,45,Elizabeth O'C Little,CON,12
Essex,Westport 2,State Senate,45,Elizabeth O'C Little,CON,28
Essex,Willsboro 1,State Senate,45,Elizabeth O'C Little,CON,25
Essex,Willsboro 2,State Senate,45,Elizabeth O'C Little,CON,15
Essex,Wilmington 0,State Senate,45,Elizabeth O'C Little,CON,18
Essex,Total,State Senate,45,Elizabeth O'C Little,CON,703
Essex,Chesterfield 1,State Senate,45,Elizabeth O'C Little,IND,28
Essex,Chesterfield 2,State Senate,45,Elizabeth O'C Little,IND,44
Essex,Chesterfield 4,State Senate,45,Elizabeth O'C Little,IND,14
Essex,Crown Point 1,State Senate,45,Elizabeth O'C Little,IND,13
Essex,Crown Point 2,State Senate,45,Elizabeth O'C Little,IND,9
Essex,Crown Point 3,State Senate,45,Elizabeth O'C Little,IND,13
Essex,Elizabethtown 0,State Senate,45,Elizabeth O'C Little,IND,57
Essex,Essex 1,State Senate,45,Elizabeth O'C Little,IND,23
Essex,Essex 2,State Senate,45,Elizabeth O'C Little,IND,21
Essex,Jay 1,State Senate,45,Elizabeth O'C Little,IND,108
Essex,Jay 2,State Senate,45,Elizabeth O'C Little,IND,34
Essex,Keene 1,State Senate,45,Elizabeth O'C Little,IND,47
Essex,Keene 2,State Senate,45,Elizabeth O'C Little,IND,39
Essex,Lewis 0,State Senate,45,Elizabeth O'C Little,IND,46
Essex,Minerva 0,State Senate,45,Elizabeth O'C Little,IND,43
Essex,Moriah 1,State Senate,45,Elizabeth O'C Little,IND,28
Essex,Moriah 2,State Senate,45,Elizabeth O'C Little,IND,31
Essex,Moriah 3,State Senate,45,Elizabeth O'C Little,IND,21
Essex,Moriah 4,State Senate,45,Elizabeth O'C Little,IND,19
Essex,Newcomb 0,State Senate,45,Elizabeth O'C Little,IND,30
Essex,North Elba 1,State Senate,45,Elizabeth O'C Little,IND,37
Essex,North Elba 2,State Senate,45,Elizabeth O'C Little,IND,48
Essex,North Elba 3,State Senate,45,Elizabeth O'C Little,IND,43
Essex,North Elba 4,State Senate,45,Elizabeth O'C Little,IND,37
Essex,North Elba 5,State Senate,45,Elizabeth O'C Little,IND,51
Essex,North Elba 6,State Senate,45,Elizabeth O'C Little,IND,62
Essex,North Elba 7,State Senate,45,Elizabeth O'C Little,IND,26
Essex,North Hudson 0,State Senate,45,Elizabeth O'C Little,IND,3
Essex,Schroon 1,State Senate,45,Elizabeth O'C Little,IND,26
Essex,Schroon 2,State Senate,45,Elizabeth O'C Little,IND,33
Essex,St Armand 0,State Senate,45,Elizabeth O'C Little,IND,70
Essex,Ticonderoga 1,State Senate,45,Elizabeth O'C Little,IND,25
Essex,Ticonderoga 2,State Senate,45,Elizabeth O'C Little,IND,20
Essex,Ticonderoga 3,State Senate,45,Elizabeth O'C Little,IND,25
Essex,Ticonderoga 4,State Senate,45,Elizabeth O'C Little,IND,23
Essex,Ticonderoga 5,State Senate,45,Elizabeth O'C Little,IND,9
Essex,Ticonderoga 6,State Senate,45,Elizabeth O'C Little,IND,19
Essex,Westport 1,State Senate,45,Elizabeth O'C Little,IND,27
Essex,Westport 2,State Senate,45,Elizabeth O'C Little,IND,47
Essex,Willsboro 1,State Senate,45,Elizabeth O'C Little,IND,54
Essex,Willsboro 2,State Senate,45,Elizabeth O'C Little,IND,35
Essex,Wilmington 0,State Senate,45,Elizabeth O'C Little,IND,69
Essex,Total,State Senate,45,Elizabeth O'C Little,IND,1457
Essex,Chesterfield 1,State Assembly,114,Daniel G. Stec,REP,127
Essex,Chesterfield 2,State Assembly,114,Daniel G. Stec,REP,222
Essex,Chesterfield 4,State Assembly,114,Daniel G. Stec,REP,45
Essex,Crown Point 1,State Assembly,114,Daniel G. Stec,REP,104
Essex,Crown Point 2,State Assembly,114,Daniel G. Stec,REP,60
Essex,Crown Point 3,State Assembly,114,Daniel G. Stec,REP,115
Essex,Elizabethtown 0,State Assembly,114,Daniel G. Stec,REP,240
Essex,Essex 1,State Assembly,114,Daniel G. Stec,REP,63
Essex,Essex 2,State Assembly,114,Daniel G. Stec,REP,52
Essex,Jay 1,State Assembly,114,Daniel G. Stec,REP,364
Essex,Jay 2,State Assembly,114,Daniel G. Stec,REP,129
Essex,Keene 1,State Assembly,114,Daniel G. Stec,REP,124
Essex,Keene 2,State Assembly,114,Daniel G. Stec,REP,97
Essex,Lewis 0,State Assembly,114,Daniel G. Stec,REP,228
Essex,Minerva 0,State Assembly,114,Daniel G. Stec,REP,161
Essex,Moriah 1,State Assembly,114,Daniel G. Stec,REP,147
Essex,Moriah 2,State Assembly,114,Daniel G. Stec,REP,210
Essex,Moriah 3,State Assembly,114,Daniel G. Stec,REP,128
Essex,Moriah 4,State Assembly,114,Daniel G. Stec,REP,81
Essex,Newcomb 0,State Assembly,114,Daniel G. Stec,REP,105
Essex,North Elba 1,State Assembly,114,Daniel G. Stec,REP,75
Essex,North Elba 2,State Assembly,114,Daniel G. Stec,REP,127
Essex,North Elba 3,State Assembly,114,Daniel G. Stec,REP,134
Essex,North Elba 4,State Assembly,114,Daniel G. Stec,REP,153
Essex,North Elba 5,State Assembly,114,Daniel G. Stec,REP,159
Essex,North Elba 6,State Assembly,114,Daniel G. Stec,REP,201
Essex,North Elba 7,State Assembly,114,Daniel G. Stec,REP,79
Essex,North Hudson 0,State Assembly,114,Daniel G. Stec,REP,70
Essex,Schroon 1,State Assembly,114,Daniel G. Stec,REP,177
Essex,Schroon 2,State Assembly,114,Daniel G. Stec,REP,258
Essex,St Armand 0,State Assembly,114,Daniel G. Stec,REP,193
Essex,Ticonderoga 1,State Assembly,114,Daniel G. Stec,REP,127
Essex,Ticonderoga 2,State Assembly,114,Daniel G. Stec,REP,168
Essex,Ticonderoga 3,State Assembly,114,Daniel G. Stec,REP,113
Essex,Ticonderoga 4,State Assembly,114,Daniel G. Stec,REP,120
Essex,Ticonderoga 5,State Assembly,114,Daniel G. Stec,REP,111
Essex,Ticonderoga 6,State Assembly,114,Daniel G. Stec,REP,101
Essex,Westport 1,State Assembly,114,Daniel G. Stec,REP,90
Essex,Westport 2,State Assembly,114,Daniel G. Stec,REP,216
Essex,Willsboro 1,State Assembly,114,Daniel G. Stec,REP,219
Essex,Willsboro 2,State Assembly,114,Daniel G. Stec,REP,166
Essex,Wilmington 0,State Assembly,114,Daniel G. Stec,REP,184
Essex,Total,State Assembly,114,Daniel G. Stec,REP,6043
Essex,Chesterfield 1,State Assembly,114,Daniel G. Stec,CON,12
Essex,Chesterfield 2,State Assembly,114,Daniel G. Stec,CON,21
Essex,Chesterfield 4,State Assembly,114,Daniel G. Stec,CON,6
Essex,Crown Point 1,State Assembly,114,Daniel G. Stec,CON,14
Essex,Crown Point 2,State Assembly,114,Daniel G. Stec,CON,3
Essex,Crown Point 3,State Assembly,114,Daniel G. Stec,CON,14
Essex,Elizabethtown 0,State Assembly,114,Daniel G. Stec,CON,18
Essex,Essex 1,State Assembly,114,Daniel G. Stec,CON,9
Essex,Essex 2,State Assembly,114,Daniel G. Stec,CON,2
Essex,Jay 1,State Assembly,114,Daniel G. Stec,CON,32
Essex,Jay 2,State Assembly,114,Daniel G. Stec,CON,15
Essex,Keene 1,State Assembly,114,Daniel G. Stec,CON,7
Essex,Keene 2,State Assembly,114,Daniel G. Stec,CON,8
Essex,Lewis 0,State Assembly,114,Daniel G. Stec,CON,22
Essex,Minerva 0,State Assembly,114,Daniel G. Stec,CON,21
Essex,Moriah 1,State Assembly,114,Daniel G. Stec,CON,18
Essex,Moriah 2,State Assembly,114,Daniel G. Stec,CON,10
Essex,Moriah 3,State Assembly,114,Daniel G. Stec,CON,8
Essex,Moriah 4,State Assembly,114,Daniel G. Stec,CON,6
Essex,Newcomb 0,State Assembly,114,Daniel G. Stec,CON,19
Essex,North Elba 1,State Assembly,114,Daniel G. Stec,CON,7
Essex,North Elba 2,State Assembly,114,Daniel G. Stec,CON,24
Essex,North Elba 3,State Assembly,114,Daniel G. Stec,CON,13
Essex,North Elba 4,State Assembly,114,Daniel G. Stec,CON,17
Essex,North Elba 5,State Assembly,114,Daniel G. Stec,CON,24
Essex,North Elba 6,State Assembly,114,Daniel G. Stec,CON,21
Essex,North Elba 7,State Assembly,114,Daniel G. Stec,CON,16
Essex,North Hudson 0,State Assembly,114,Daniel G. Stec,CON,18
Essex,Schroon 1,State Assembly,114,Daniel G. Stec,CON,29
Essex,Schroon 2,State Assembly,114,Daniel G. Stec,CON,36
Essex,St Armand 0,State Assembly,114,Daniel G. Stec,CON,28
Essex,Ticonderoga 1,State Assembly,114,Daniel G. Stec,CON,10
Essex,Ticonderoga 2,State Assembly,114,Daniel G. Stec,CON,16
Essex,Ticonderoga 3,State Assembly,114,Daniel G. Stec,CON,9
Essex,Ticonderoga 4,State Assembly,114,Daniel G. Stec,CON,11
Essex,Ticonderoga 5,State Assembly,114,Daniel G. Stec,CON,6
Essex,Ticonderoga 6,State Assembly,114,Daniel G. Stec,CON,4
Essex,Westport 1,State Assembly,114,Daniel G. Stec,CON,9
Essex,Westport 2,State Assembly,114,Daniel G. Stec,CON,22
Essex,Willsboro 1,State Assembly,114,Daniel G. Stec,CON,24
Essex,Willsboro 2,State Assembly,114,Daniel G. Stec,CON,15
Essex,Wilmington 0,State Assembly,114,Daniel G. Stec,CON,21
Essex,Total,State Assembly,114,Daniel G. Stec,CON,645
Essex,Chesterfield 1,State Assembly,114,Daniel G. Stec,IND,25
Essex,Chesterfield 2,State Assembly,114,Daniel G. Stec,IND,38
Essex,Chesterfield 4,State Assembly,114,Daniel G. Stec,IND,16
Essex,Crown Point 1,State Assembly,114,Daniel G. Stec,IND,9
Essex,Crown Point 2,State Assembly,114,Daniel G. Stec,IND,8
Essex,Crown Point 3,State Assembly,114,Daniel G. Stec,IND,13
Essex,Elizabethtown 0,State Assembly,114,Daniel G. Stec,IND,51
Essex,Essex 1,State Assembly,114,Daniel G. Stec,IND,21
Essex,Essex 2,State Assembly,114,Daniel G. Stec,IND,18
Essex,Jay 1,State Assembly,114,Daniel G. Stec,IND,192
Essex,Jay 2,State Assembly,114,Daniel G. Stec,IND,30
Essex,Keene 1,State Assembly,114,Daniel G. Stec,IND,42
Essex,Keene 2,State Assembly,114,Daniel G. Stec,IND,29
Essex,Lewis 0,State Assembly,114,Daniel G. Stec,IND,37
Essex,Minerva 0,State Assembly,114,Daniel G. Stec,IND,35
Essex,Moriah 1,State Assembly,114,Daniel G. Stec,IND,22
Essex,Moriah 2,State Assembly,114,Daniel G. Stec,IND,22
Essex,Moriah 3,State Assembly,114,Daniel G. Stec,IND,16
Essex,Moriah 4,State Assembly,114,Daniel G. Stec,IND,13
Essex,Newcomb 0,State Assembly,114,Daniel G. Stec,IND,25
Essex,North Elba 1,State Assembly,114,Daniel G. Stec,IND,28
Essex,North Elba 2,State Assembly,114,Daniel G. Stec,IND,39
Essex,North Elba 3,State Assembly,114,Daniel G. Stec,IND,31
Essex,North Elba 4,State Assembly,114,Daniel G. Stec,IND,35
Essex,North Elba 5,State Assembly,114,Daniel G. Stec,IND,51
Essex,North Elba 6,State Assembly,114,Daniel G. Stec,IND,57
Essex,North Elba 7,State Assembly,114,Daniel G. Stec,IND,28
Essex,North Hudson 0,State Assembly,114,Daniel G. Stec,IND,2
Essex,Schroon 1,State Assembly,114,Daniel G. Stec,IND,26
Essex,Schroon 2,State Assembly,114,Daniel G. Stec,IND,35
Essex,St Armand 0,State Assembly,114,Daniel G. Stec,IND,48
Essex,Ticonderoga 1,State Assembly,114,Daniel G. Stec,IND,19
Essex,Ticonderoga 2,State Assembly,114,Daniel G. Stec,IND,18
Essex,Ticonderoga 3,State Assembly,114,Daniel G. Stec,IND,25
Essex,Ticonderoga 4,State Assembly,114,Daniel G. Stec,IND,21
Essex,Ticonderoga 5,State Assembly,114,Daniel G. Stec,IND,8
Essex,Ticonderoga 6,State Assembly,114,Daniel G. Stec,IND,13
Essex,Westport 1,State Assembly,114,Daniel G. Stec,IND,24
Essex,Westport 2,State Assembly,114,Daniel G. Stec,IND,45
Essex,Willsboro 1,State Assembly,114,Daniel G. Stec,IND,41
Essex,Willsboro 2,State Assembly,114,Daniel G. Stec,IND,28
Essex,Wilmington 0,State Assembly,114,Daniel G. Stec,IND,67
Essex,Total,State Assembly,114,Daniel G. Stec,IND,1351
