county,precinct,office,district,candidate,party,votes
Seneca,Town of Covert 1 LD 1,President,,Joseph R. Biden,DEM,365
Seneca,Town of Covert 2 LD 1,President,,Joseph R. Biden,DEM,292
Seneca,Town of Fayette 1 LD 1,President,,Joseph R. Biden,DEM,217
Seneca,Town of Fayette 2 LD 1,President,,Joseph R. Biden,DEM,256
Seneca,Town of Fayette 3 LD 1,President,,Joseph R. Biden,DEM,283
Seneca,Town of Junius 1 LD 1,President,,Joseph R. Biden,DEM,143
Seneca,Town of Lodi 1 LD 1,President,,Joseph R. Biden,DEM,351
Seneca,Town of Ovid 1 LD 1,President,,Joseph R. Biden,DEM,246
Seneca,Town of Ovid 2 LD 1,President,,Joseph R. Biden,DEM,211
Seneca,Town of Romulus 1 LD 1,President,,Joseph R. Biden,DEM,109
Seneca,Town of Romulus 2 LD 1,President,,Joseph R. Biden,DEM,179
Seneca,Town of Romulus 3 LD 1,President,,Joseph R. Biden,DEM,99
Seneca,Town of Seneca Falls 1 LD 1,President,,Joseph R. Biden,DEM,298
Seneca,Town of Seneca Falls 2 LD 1,President,,Joseph R. Biden,DEM,322
Seneca,Town of Seneca Falls 3 LD 1,President,,Joseph R. Biden,DEM,203
Seneca,Town of Seneca Falls 4 LD 1,President,,Joseph R. Biden,DEM,313
Seneca,Town of Seneca Falls 5 LD 1,President,,Joseph R. Biden,DEM,225
Seneca,Town of Seneca Falls 6 LD 1,President,,Joseph R. Biden,DEM,263
Seneca,Town of Seneca Falls 7 LD 1,President,,Joseph R. Biden,DEM,179
Seneca,Town of Seneca Falls 8 LD 1,President,,Joseph R. Biden,DEM,320
Seneca,Town of Tyre 1 LD 1,President,,Joseph R. Biden,DEM,155
Seneca,Town of Varick 1 LD 1,President,,Joseph R. Biden,DEM,298
Seneca,Town of Waterloo 1 LD 1,President,,Joseph R. Biden,DEM,294
Seneca,Town of Waterloo 2 LD 1,President,,Joseph R. Biden,DEM,236
Seneca,Town of Waterloo 3 LD 1,President,,Joseph R. Biden,DEM,201
Seneca,Town of Waterloo 4 LD 1,President,,Joseph R. Biden,DEM,302
Seneca,Town of Waterloo 5 LD 1,President,,Joseph R. Biden,DEM,188
Seneca,Town of Covert 1 LD 1,President,,Joseph R. Biden,WOR,29
Seneca,Town of Covert 2 LD 1,President,,Joseph R. Biden,WOR,26
Seneca,Town of Fayette 1 LD 1,President,,Joseph R. Biden,WOR,12
Seneca,Town of Fayette 2 LD 1,President,,Joseph R. Biden,WOR,15
Seneca,Town of Fayette 3 LD 1,President,,Joseph R. Biden,WOR,19
Seneca,Town of Junius 1 LD 1,President,,Joseph R. Biden,WOR,10
Seneca,Town of Lodi 1 LD 1,President,,Joseph R. Biden,WOR,11
Seneca,Town of Ovid 1 LD 1,President,,Joseph R. Biden,WOR,10
Seneca,Town of Ovid 2 LD 1,President,,Joseph R. Biden,WOR,11
Seneca,Town of Romulus 1 LD 1,President,,Joseph R. Biden,WOR,3
Seneca,Town of Romulus 2 LD 1,President,,Joseph R. Biden,WOR,11
Seneca,Town of Romulus 3 LD 1,President,,Joseph R. Biden,WOR,3
Seneca,Town of Seneca Falls 1 LD 1,President,,Joseph R. Biden,WOR,14
Seneca,Town of Seneca Falls 2 LD 1,President,,Joseph R. Biden,WOR,19
Seneca,Town of Seneca Falls 3 LD 1,President,,Joseph R. Biden,WOR,8
Seneca,Town of Seneca Falls 4 LD 1,President,,Joseph R. Biden,WOR,13
Seneca,Town of Seneca Falls 5 LD 1,President,,Joseph R. Biden,WOR,13
Seneca,Town of Seneca Falls 6 LD 1,President,,Joseph R. Biden,WOR,20
Seneca,Town of Seneca Falls 7 LD 1,President,,Joseph R. Biden,WOR,10
Seneca,Town of Seneca Falls 8 LD 1,President,,Joseph R. Biden,WOR,18
Seneca,Town of Tyre 1 LD 1,President,,Joseph R. Biden,WOR,10
Seneca,Town of Varick 1 LD 1,President,,Joseph R. Biden,WOR,13
Seneca,Town of Waterloo 1 LD 1,President,,Joseph R. Biden,WOR,19
Seneca,Town of Waterloo 2 LD 1,President,,Joseph R. Biden,WOR,8
Seneca,Town of Waterloo 3 LD 1,President,,Joseph R. Biden,WOR,12
Seneca,Town of Waterloo 4 LD 1,President,,Joseph R. Biden,WOR,19
Seneca,Town of Waterloo 5 LD 1,President,,Joseph R. Biden,WOR,10
Seneca,Town of Covert 1 LD 1,President,,Donald J. Trump,REP,268
Seneca,Town of Covert 2 LD 1,President,,Donald J. Trump,REP,222
Seneca,Town of Fayette 1 LD 1,President,,Donald J. Trump,REP,251
Seneca,Town of Fayette 2 LD 1,President,,Donald J. Trump,REP,320
Seneca,Town of Fayette 3 LD 1,President,,Donald J. Trump,REP,388
Seneca,Town of Junius 1 LD 1,President,,Donald J. Trump,REP,353
Seneca,Town of Lodi 1 LD 1,President,,Donald J. Trump,REP,383
Seneca,Town of Ovid 1 LD 1,President,,Donald J. Trump,REP,247
Seneca,Town of Ovid 2 LD 1,President,,Donald J. Trump,REP,276
Seneca,Town of Romulus 1 LD 1,President,,Donald J. Trump,REP,155
Seneca,Town of Romulus 2 LD 1,President,,Donald J. Trump,REP,170
Seneca,Town of Romulus 3 LD 1,President,,Donald J. Trump,REP,147
Seneca,Town of Seneca Falls 1 LD 1,President,,Donald J. Trump,REP,203
Seneca,Town of Seneca Falls 2 LD 1,President,,Donald J. Trump,REP,257
Seneca,Town of Seneca Falls 3 LD 1,President,,Donald J. Trump,REP,142
Seneca,Town of Seneca Falls 4 LD 1,President,,Donald J. Trump,REP,340
Seneca,Town of Seneca Falls 5 LD 1,President,,Donald J. Trump,REP,259
Seneca,Town of Seneca Falls 6 LD 1,President,,Donald J. Trump,REP,218
Seneca,Town of Seneca Falls 7 LD 1,President,,Donald J. Trump,REP,133
Seneca,Town of Seneca Falls 8 LD 1,President,,Donald J. Trump,REP,387
Seneca,Town of Tyre 1 LD 1,President,,Donald J. Trump,REP,271
Seneca,Town of Varick 1 LD 1,President,,Donald J. Trump,REP,418
Seneca,Town of Waterloo 1 LD 1,President,,Donald J. Trump,REP,334
Seneca,Town of Waterloo 2 LD 1,President,,Donald J. Trump,REP,351
Seneca,Town of Waterloo 3 LD 1,President,,Donald J. Trump,REP,254
Seneca,Town of Waterloo 4 LD 1,President,,Donald J. Trump,REP,567
Seneca,Town of Waterloo 5 LD 1,President,,Donald J. Trump,REP,288
Seneca,Town of Covert 1 LD 1,President,,Donald J. Trump,CON,34
Seneca,Town of Covert 2 LD 1,President,,Donald J. Trump,CON,19
Seneca,Town of Fayette 1 LD 1,President,,Donald J. Trump,CON,30
Seneca,Town of Fayette 2 LD 1,President,,Donald J. Trump,CON,34
Seneca,Town of Fayette 3 LD 1,President,,Donald J. Trump,CON,36
Seneca,Town of Junius 1 LD 1,President,,Donald J. Trump,CON,28
Seneca,Town of Lodi 1 LD 1,President,,Donald J. Trump,CON,45
Seneca,Town of Ovid 1 LD 1,President,,Donald J. Trump,CON,17
Seneca,Town of Ovid 2 LD 1,President,,Donald J. Trump,CON,26
Seneca,Town of Romulus 1 LD 1,President,,Donald J. Trump,CON,18
Seneca,Town of Romulus 2 LD 1,President,,Donald J. Trump,CON,20
Seneca,Town of Romulus 3 LD 1,President,,Donald J. Trump,CON,5
Seneca,Town of Seneca Falls 1 LD 1,President,,Donald J. Trump,CON,24
Seneca,Town of Seneca Falls 2 LD 1,President,,Donald J. Trump,CON,23
Seneca,Town of Seneca Falls 3 LD 1,President,,Donald J. Trump,CON,9
Seneca,Town of Seneca Falls 4 LD 1,President,,Donald J. Trump,CON,23
Seneca,Town of Seneca Falls 5 LD 1,President,,Donald J. Trump,CON,20
Seneca,Town of Seneca Falls 6 LD 1,President,,Donald J. Trump,CON,21
Seneca,Town of Seneca Falls 7 LD 1,President,,Donald J. Trump,CON,15
Seneca,Town of Seneca Falls 8 LD 1,President,,Donald J. Trump,CON,31
Seneca,Town of Tyre 1 LD 1,President,,Donald J. Trump,CON,26
Seneca,Town of Varick 1 LD 1,President,,Donald J. Trump,CON,33
Seneca,Town of Waterloo 1 LD 1,President,,Donald J. Trump,CON,36
Seneca,Town of Waterloo 2 LD 1,President,,Donald J. Trump,CON,38
Seneca,Town of Waterloo 3 LD 1,President,,Donald J. Trump,CON,45
Seneca,Town of Waterloo 4 LD 1,President,,Donald J. Trump,CON,44
Seneca,Town of Waterloo 5 LD 1,President,,Donald J. Trump,CON,27
Seneca,Town of Covert 1 LD 1,President,,Howie Hawkins,GRE,4
Seneca,Town of Covert 2 LD 1,President,,Howie Hawkins,GRE,7
Seneca,Town of Fayette 1 LD 1,President,,Howie Hawkins,GRE,0
Seneca,Town of Fayette 2 LD 1,President,,Howie Hawkins,GRE,4
Seneca,Town of Fayette 3 LD 1,President,,Howie Hawkins,GRE,5
Seneca,Town of Junius 1 LD 1,President,,Howie Hawkins,GRE,2
Seneca,Town of Lodi 1 LD 1,President,,Howie Hawkins,GRE,3
Seneca,Town of Ovid 1 LD 1,President,,Howie Hawkins,GRE,4
Seneca,Town of Ovid 2 LD 1,President,,Howie Hawkins,GRE,2
Seneca,Town of Romulus 1 LD 1,President,,Howie Hawkins,GRE,1
Seneca,Town of Romulus 2 LD 1,President,,Howie Hawkins,GRE,1
Seneca,Town of Romulus 3 LD 1,President,,Howie Hawkins,GRE,4
Seneca,Town of Seneca Falls 1 LD 1,President,,Howie Hawkins,GRE,1
Seneca,Town of Seneca Falls 2 LD 1,President,,Howie Hawkins,GRE,4
Seneca,Town of Seneca Falls 3 LD 1,President,,Howie Hawkins,GRE,2
Seneca,Town of Seneca Falls 4 LD 1,President,,Howie Hawkins,GRE,5
Seneca,Town of Seneca Falls 5 LD 1,President,,Howie Hawkins,GRE,1
Seneca,Town of Seneca Falls 6 LD 1,President,,Howie Hawkins,GRE,1
Seneca,Town of Seneca Falls 7 LD 1,President,,Howie Hawkins,GRE,1
Seneca,Town of Seneca Falls 8 LD 1,President,,Howie Hawkins,GRE,5
Seneca,Town of Tyre 1 LD 1,President,,Howie Hawkins,GRE,0
Seneca,Town of Varick 1 LD 1,President,,Howie Hawkins,GRE,3
Seneca,Town of Waterloo 1 LD 1,President,,Howie Hawkins,GRE,6
Seneca,Town of Waterloo 2 LD 1,President,,Howie Hawkins,GRE,0
Seneca,Town of Waterloo 3 LD 1,President,,Howie Hawkins,GRE,4
Seneca,Town of Waterloo 4 LD 1,President,,Howie Hawkins,GRE,3
Seneca,Town of Waterloo 5 LD 1,President,,Howie Hawkins,GRE,0
Seneca,Town of Covert 1 LD 1,President,,Jo Jorgensen,LBT,7
Seneca,Town of Covert 2 LD 1,President,,Jo Jorgensen,LBT,6
Seneca,Town of Fayette 1 LD 1,President,,Jo Jorgensen,LBT,11
Seneca,Town of Fayette 2 LD 1,President,,Jo Jorgensen,LBT,21
Seneca,Town of Fayette 3 LD 1,President,,Jo Jorgensen,LBT,4
Seneca,Town of Junius 1 LD 1,President,,Jo Jorgensen,LBT,6
Seneca,Town of Lodi 1 LD 1,President,,Jo Jorgensen,LBT,7
Seneca,Town of Ovid 1 LD 1,President,,Jo Jorgensen,LBT,4
Seneca,Town of Ovid 2 LD 1,President,,Jo Jorgensen,LBT,6
Seneca,Town of Romulus 1 LD 1,President,,Jo Jorgensen,LBT,3
Seneca,Town of Romulus 2 LD 1,President,,Jo Jorgensen,LBT,6
Seneca,Town of Romulus 3 LD 1,President,,Jo Jorgensen,LBT,2
Seneca,Town of Seneca Falls 1 LD 1,President,,Jo Jorgensen,LBT,4
Seneca,Town of Seneca Falls 2 LD 1,President,,Jo Jorgensen,LBT,9
Seneca,Town of Seneca Falls 3 LD 1,President,,Jo Jorgensen,LBT,3
Seneca,Town of Seneca Falls 4 LD 1,President,,Jo Jorgensen,LBT,8
Seneca,Town of Seneca Falls 5 LD 1,President,,Jo Jorgensen,LBT,7
Seneca,Town of Seneca Falls 6 LD 1,President,,Jo Jorgensen,LBT,11
Seneca,Town of Seneca Falls 7 LD 1,President,,Jo Jorgensen,LBT,1
Seneca,Town of Seneca Falls 8 LD 1,President,,Jo Jorgensen,LBT,12
Seneca,Town of Tyre 1 LD 1,President,,Jo Jorgensen,LBT,2
Seneca,Town of Varick 1 LD 1,President,,Jo Jorgensen,LBT,7
Seneca,Town of Waterloo 1 LD 1,President,,Jo Jorgensen,LBT,9
Seneca,Town of Waterloo 2 LD 1,President,,Jo Jorgensen,LBT,8
Seneca,Town of Waterloo 3 LD 1,President,,Jo Jorgensen,LBT,5
Seneca,Town of Waterloo 4 LD 1,President,,Jo Jorgensen,LBT,20
Seneca,Town of Waterloo 5 LD 1,President,,Jo Jorgensen,LBT,4
Seneca,Town of Covert 1 LD 1,President,,Brock Pierce,IND,3
Seneca,Town of Covert 2 LD 1,President,,Brock Pierce,IND,3
Seneca,Town of Fayette 1 LD 1,President,,Brock Pierce,IND,1
Seneca,Town of Fayette 2 LD 1,President,,Brock Pierce,IND,4
Seneca,Town of Fayette 3 LD 1,President,,Brock Pierce,IND,6
Seneca,Town of Junius 1 LD 1,President,,Brock Pierce,IND,4
Seneca,Town of Lodi 1 LD 1,President,,Brock Pierce,IND,5
Seneca,Town of Ovid 1 LD 1,President,,Brock Pierce,IND,3
Seneca,Town of Ovid 2 LD 1,President,,Brock Pierce,IND,2
Seneca,Town of Romulus 1 LD 1,President,,Brock Pierce,IND,0
Seneca,Town of Romulus 2 LD 1,President,,Brock Pierce,IND,3
Seneca,Town of Romulus 3 LD 1,President,,Brock Pierce,IND,1
Seneca,Town of Seneca Falls 1 LD 1,President,,Brock Pierce,IND,5
Seneca,Town of Seneca Falls 2 LD 1,President,,Brock Pierce,IND,2
Seneca,Town of Seneca Falls 3 LD 1,President,,Brock Pierce,IND,1
Seneca,Town of Seneca Falls 4 LD 1,President,,Brock Pierce,IND,5
Seneca,Town of Seneca Falls 5 LD 1,President,,Brock Pierce,IND,8
Seneca,Town of Seneca Falls 6 LD 1,President,,Brock Pierce,IND,1
Seneca,Town of Seneca Falls 7 LD 1,President,,Brock Pierce,IND,0
Seneca,Town of Seneca Falls 8 LD 1,President,,Brock Pierce,IND,5
Seneca,Town of Tyre 1 LD 1,President,,Brock Pierce,IND,0
Seneca,Town of Varick 1 LD 1,President,,Brock Pierce,IND,2
Seneca,Town of Waterloo 1 LD 1,President,,Brock Pierce,IND,7
Seneca,Town of Waterloo 2 LD 1,President,,Brock Pierce,IND,3
Seneca,Town of Waterloo 3 LD 1,President,,Brock Pierce,IND,6
Seneca,Town of Waterloo 4 LD 1,President,,Brock Pierce,IND,5
Seneca,Town of Waterloo 5 LD 1,President,,Brock Pierce,IND,7
Seneca,Town of Covert 1 LD 1,President,,Write-ins,,4
Seneca,Town of Covert 2 LD 1,President,,Write-ins,,1
Seneca,Town of Fayette 1 LD 1,President,,Write-ins,,0
Seneca,Town of Fayette 2 LD 1,President,,Write-ins,,1
Seneca,Town of Fayette 3 LD 1,President,,Write-ins,,0
Seneca,Town of Junius 1 LD 1,President,,Write-ins,,2
Seneca,Town of Lodi 1 LD 1,President,,Write-ins,,2
Seneca,Town of Ovid 1 LD 1,President,,Write-ins,,0
Seneca,Town of Ovid 2 LD 1,President,,Write-ins,,3
Seneca,Town of Romulus 1 LD 1,President,,Write-ins,,0
Seneca,Town of Romulus 2 LD 1,President,,Write-ins,,1
Seneca,Town of Romulus 3 LD 1,President,,Write-ins,,0
Seneca,Town of Seneca Falls 1 LD 1,President,,Write-ins,,4
Seneca,Town of Seneca Falls 2 LD 1,President,,Write-ins,,0
Seneca,Town of Seneca Falls 3 LD 1,President,,Write-ins,,1
Seneca,Town of Seneca Falls 4 LD 1,President,,Write-ins,,3
Seneca,Town of Seneca Falls 5 LD 1,President,,Write-ins,,0
Seneca,Town of Seneca Falls 6 LD 1,President,,Write-ins,,3
Seneca,Town of Seneca Falls 7 LD 1,President,,Write-ins,,0
Seneca,Town of Seneca Falls 8 LD 1,President,,Write-ins,,2
Seneca,Town of Tyre 1 LD 1,President,,Write-ins,,0
Seneca,Town of Varick 1 LD 1,President,,Write-ins,,0
Seneca,Town of Waterloo 1 LD 1,President,,Write-ins,,0
Seneca,Town of Waterloo 2 LD 1,President,,Write-ins,,3
Seneca,Town of Waterloo 3 LD 1,President,,Write-ins,,0
Seneca,Town of Waterloo 4 LD 1,President,,Write-ins,,1
Seneca,Town of Waterloo 5 LD 1,President,,Write-ins,,0
Seneca,Town of Covert 1 LD 1,U.S. House,23,Tracy Mitrano,DEM,351
Seneca,Town of Covert 2 LD 1,U.S. House,23,Tracy Mitrano,DEM,276
Seneca,Town of Fayette 1 LD 1,U.S. House,23,Tracy Mitrano,DEM,193
Seneca,Town of Fayette 2 LD 1,U.S. House,23,Tracy Mitrano,DEM,219
Seneca,Town of Fayette 3 LD 1,U.S. House,23,Tracy Mitrano,DEM,225
Seneca,Town of Junius 1 LD 1,U.S. House,23,Tracy Mitrano,DEM,125
Seneca,Town of Lodi 1 LD 1,U.S. House,23,Tracy Mitrano,DEM,312
Seneca,Town of Ovid 1 LD 1,U.S. House,23,Tracy Mitrano,DEM,207
Seneca,Town of Ovid 2 LD 1,U.S. House,23,Tracy Mitrano,DEM,190
Seneca,Town of Romulus 1 LD 1,U.S. House,23,Tracy Mitrano,DEM,95
Seneca,Town of Romulus 2 LD 1,U.S. House,23,Tracy Mitrano,DEM,164
Seneca,Town of Romulus 3 LD 1,U.S. House,23,Tracy Mitrano,DEM,97
Seneca,Town of Seneca Falls 1 LD 1,U.S. House,23,Tracy Mitrano,DEM,274
Seneca,Town of Seneca Falls 2 LD 1,U.S. House,23,Tracy Mitrano,DEM,291
Seneca,Town of Seneca Falls 3 LD 1,U.S. House,23,Tracy Mitrano,DEM,178
Seneca,Town of Seneca Falls 4 LD 1,U.S. House,23,Tracy Mitrano,DEM,259
Seneca,Town of Seneca Falls 5 LD 1,U.S. House,23,Tracy Mitrano,DEM,213
Seneca,Town of Seneca Falls 6 LD 1,U.S. House,23,Tracy Mitrano,DEM,238
Seneca,Town of Seneca Falls 7 LD 1,U.S. House,23,Tracy Mitrano,DEM,160
Seneca,Town of Seneca Falls 8 LD 1,U.S. House,23,Tracy Mitrano,DEM,278
Seneca,Town of Tyre 1 LD 1,U.S. House,23,Tracy Mitrano,DEM,124
Seneca,Town of Varick 1 LD 1,U.S. House,23,Tracy Mitrano,DEM,263
Seneca,Town of Waterloo 1 LD 1,U.S. House,23,Tracy Mitrano,DEM,258
Seneca,Town of Waterloo 2 LD 1,U.S. House,23,Tracy Mitrano,DEM,195
Seneca,Town of Waterloo 3 LD 1,U.S. House,23,Tracy Mitrano,DEM,179
Seneca,Town of Waterloo 4 LD 1,U.S. House,23,Tracy Mitrano,DEM,273
Seneca,Town of Waterloo 5 LD 1,U.S. House,23,Tracy Mitrano,DEM,165
Seneca,Town of Covert 1 LD 1,U.S. House,23,Tracy Mitrano,WOR,29
Seneca,Town of Covert 2 LD 1,U.S. House,23,Tracy Mitrano,WOR,33
Seneca,Town of Fayette 1 LD 1,U.S. House,23,Tracy Mitrano,WOR,14
Seneca,Town of Fayette 2 LD 1,U.S. House,23,Tracy Mitrano,WOR,22
Seneca,Town of Fayette 3 LD 1,U.S. House,23,Tracy Mitrano,WOR,24
Seneca,Town of Junius 1 LD 1,U.S. House,23,Tracy Mitrano,WOR,13
Seneca,Town of Lodi 1 LD 1,U.S. House,23,Tracy Mitrano,WOR,32
Seneca,Town of Ovid 1 LD 1,U.S. House,23,Tracy Mitrano,WOR,21
Seneca,Town of Ovid 2 LD 1,U.S. House,23,Tracy Mitrano,WOR,10
Seneca,Town of Romulus 1 LD 1,U.S. House,23,Tracy Mitrano,WOR,7
Seneca,Town of Romulus 2 LD 1,U.S. House,23,Tracy Mitrano,WOR,12
Seneca,Town of Romulus 3 LD 1,U.S. House,23,Tracy Mitrano,WOR,9
Seneca,Town of Seneca Falls 1 LD 1,U.S. House,23,Tracy Mitrano,WOR,18
Seneca,Town of Seneca Falls 2 LD 1,U.S. House,23,Tracy Mitrano,WOR,16
Seneca,Town of Seneca Falls 3 LD 1,U.S. House,23,Tracy Mitrano,WOR,12
Seneca,Town of Seneca Falls 4 LD 1,U.S. House,23,Tracy Mitrano,WOR,24
Seneca,Town of Seneca Falls 5 LD 1,U.S. House,23,Tracy Mitrano,WOR,18
Seneca,Town of Seneca Falls 6 LD 1,U.S. House,23,Tracy Mitrano,WOR,19
Seneca,Town of Seneca Falls 7 LD 1,U.S. House,23,Tracy Mitrano,WOR,13
Seneca,Town of Seneca Falls 8 LD 1,U.S. House,23,Tracy Mitrano,WOR,30
Seneca,Town of Tyre 1 LD 1,U.S. House,23,Tracy Mitrano,WOR,16
Seneca,Town of Varick 1 LD 1,U.S. House,23,Tracy Mitrano,WOR,26
Seneca,Town of Waterloo 1 LD 1,U.S. House,23,Tracy Mitrano,WOR,32
Seneca,Town of Waterloo 2 LD 1,U.S. House,23,Tracy Mitrano,WOR,18
Seneca,Town of Waterloo 3 LD 1,U.S. House,23,Tracy Mitrano,WOR,14
Seneca,Town of Waterloo 4 LD 1,U.S. House,23,Tracy Mitrano,WOR,33
Seneca,Town of Waterloo 5 LD 1,U.S. House,23,Tracy Mitrano,WOR,17
Seneca,Town of Covert 1 LD 1,U.S. House,23,Tom Reed,REP,274
Seneca,Town of Covert 2 LD 1,U.S. House,23,Tom Reed,REP,228
Seneca,Town of Fayette 1 LD 1,U.S. House,23,Tom Reed,REP,260
Seneca,Town of Fayette 2 LD 1,U.S. House,23,Tom Reed,REP,335
Seneca,Town of Fayette 3 LD 1,U.S. House,23,Tom Reed,REP,384
Seneca,Town of Junius 1 LD 1,U.S. House,23,Tom Reed,REP,349
Seneca,Town of Lodi 1 LD 1,U.S. House,23,Tom Reed,REP,384
Seneca,Town of Ovid 1 LD 1,U.S. House,23,Tom Reed,REP,258
Seneca,Town of Ovid 2 LD 1,U.S. House,23,Tom Reed,REP,280
Seneca,Town of Romulus 1 LD 1,U.S. House,23,Tom Reed,REP,153
Seneca,Town of Romulus 2 LD 1,U.S. House,23,Tom Reed,REP,178
Seneca,Town of Romulus 3 LD 1,U.S. House,23,Tom Reed,REP,133
Seneca,Town of Seneca Falls 1 LD 1,U.S. House,23,Tom Reed,REP,196
Seneca,Town of Seneca Falls 2 LD 1,U.S. House,23,Tom Reed,REP,259
Seneca,Town of Seneca Falls 3 LD 1,U.S. House,23,Tom Reed,REP,141
Seneca,Town of Seneca Falls 4 LD 1,U.S. House,23,Tom Reed,REP,332
Seneca,Town of Seneca Falls 5 LD 1,U.S. House,23,Tom Reed,REP,229
Seneca,Town of Seneca Falls 6 LD 1,U.S. House,23,Tom Reed,REP,213
Seneca,Town of Seneca Falls 7 LD 1,U.S. House,23,Tom Reed,REP,140
Seneca,Town of Seneca Falls 8 LD 1,U.S. House,23,Tom Reed,REP,378
Seneca,Town of Tyre 1 LD 1,U.S. House,23,Tom Reed,REP,254
Seneca,Town of Varick 1 LD 1,U.S. House,23,Tom Reed,REP,421
Seneca,Town of Waterloo 1 LD 1,U.S. House,23,Tom Reed,REP,333
Seneca,Town of Waterloo 2 LD 1,U.S. House,23,Tom Reed,REP,349
Seneca,Town of Waterloo 3 LD 1,U.S. House,23,Tom Reed,REP,257
Seneca,Town of Waterloo 4 LD 1,U.S. House,23,Tom Reed,REP,549
Seneca,Town of Waterloo 5 LD 1,U.S. House,23,Tom Reed,REP,265
Seneca,Town of Covert 1 LD 1,U.S. House,23,Tom Reed,CON,31
Seneca,Town of Covert 2 LD 1,U.S. House,23,Tom Reed,CON,20
Seneca,Town of Fayette 1 LD 1,U.S. House,23,Tom Reed,CON,25
Seneca,Town of Fayette 2 LD 1,U.S. House,23,Tom Reed,CON,40
Seneca,Town of Fayette 3 LD 1,U.S. House,23,Tom Reed,CON,47
Seneca,Town of Junius 1 LD 1,U.S. House,23,Tom Reed,CON,29
Seneca,Town of Lodi 1 LD 1,U.S. House,23,Tom Reed,CON,41
Seneca,Town of Ovid 1 LD 1,U.S. House,23,Tom Reed,CON,19
Seneca,Town of Ovid 2 LD 1,U.S. House,23,Tom Reed,CON,27
Seneca,Town of Romulus 1 LD 1,U.S. House,23,Tom Reed,CON,27
Seneca,Town of Romulus 2 LD 1,U.S. House,23,Tom Reed,CON,20
Seneca,Town of Romulus 3 LD 1,U.S. House,23,Tom Reed,CON,6
Seneca,Town of Seneca Falls 1 LD 1,U.S. House,23,Tom Reed,CON,29
Seneca,Town of Seneca Falls 2 LD 1,U.S. House,23,Tom Reed,CON,29
Seneca,Town of Seneca Falls 3 LD 1,U.S. House,23,Tom Reed,CON,14
Seneca,Town of Seneca Falls 4 LD 1,U.S. House,23,Tom Reed,CON,30
Seneca,Town of Seneca Falls 5 LD 1,U.S. House,23,Tom Reed,CON,28
Seneca,Town of Seneca Falls 6 LD 1,U.S. House,23,Tom Reed,CON,20
Seneca,Town of Seneca Falls 7 LD 1,U.S. House,23,Tom Reed,CON,13
Seneca,Town of Seneca Falls 8 LD 1,U.S. House,23,Tom Reed,CON,42
Seneca,Town of Tyre 1 LD 1,U.S. House,23,Tom Reed,CON,26
Seneca,Town of Varick 1 LD 1,U.S. House,23,Tom Reed,CON,37
Seneca,Town of Waterloo 1 LD 1,U.S. House,23,Tom Reed,CON,43
Seneca,Town of Waterloo 2 LD 1,U.S. House,23,Tom Reed,CON,35
Seneca,Town of Waterloo 3 LD 1,U.S. House,23,Tom Reed,CON,40
Seneca,Town of Waterloo 4 LD 1,U.S. House,23,Tom Reed,CON,47
Seneca,Town of Waterloo 5 LD 1,U.S. House,23,Tom Reed,CON,28
Seneca,Town of Covert 1 LD 1,U.S. House,23,Tom Reed,IND,7
Seneca,Town of Covert 2 LD 1,U.S. House,23,Tom Reed,IND,5
Seneca,Town of Fayette 1 LD 1,U.S. House,23,Tom Reed,IND,4
Seneca,Town of Fayette 2 LD 1,U.S. House,23,Tom Reed,IND,7
Seneca,Town of Fayette 3 LD 1,U.S. House,23,Tom Reed,IND,9
Seneca,Town of Junius 1 LD 1,U.S. House,23,Tom Reed,IND,3
Seneca,Town of Lodi 1 LD 1,U.S. House,23,Tom Reed,IND,9
Seneca,Town of Ovid 1 LD 1,U.S. House,23,Tom Reed,IND,3
Seneca,Town of Ovid 2 LD 1,U.S. House,23,Tom Reed,IND,9
Seneca,Town of Romulus 1 LD 1,U.S. House,23,Tom Reed,IND,2
Seneca,Town of Romulus 2 LD 1,U.S. House,23,Tom Reed,IND,5
Seneca,Town of Romulus 3 LD 1,U.S. House,23,Tom Reed,IND,4
Seneca,Town of Seneca Falls 1 LD 1,U.S. House,23,Tom Reed,IND,5
Seneca,Town of Seneca Falls 2 LD 1,U.S. House,23,Tom Reed,IND,8
Seneca,Town of Seneca Falls 3 LD 1,U.S. House,23,Tom Reed,IND,2
Seneca,Town of Seneca Falls 4 LD 1,U.S. House,23,Tom Reed,IND,14
Seneca,Town of Seneca Falls 5 LD 1,U.S. House,23,Tom Reed,IND,5
Seneca,Town of Seneca Falls 6 LD 1,U.S. House,23,Tom Reed,IND,5
Seneca,Town of Seneca Falls 7 LD 1,U.S. House,23,Tom Reed,IND,0
Seneca,Town of Seneca Falls 8 LD 1,U.S. House,23,Tom Reed,IND,6
Seneca,Town of Tyre 1 LD 1,U.S. House,23,Tom Reed,IND,6
Seneca,Town of Varick 1 LD 1,U.S. House,23,Tom Reed,IND,6
Seneca,Town of Waterloo 1 LD 1,U.S. House,23,Tom Reed,IND,11
Seneca,Town of Waterloo 2 LD 1,U.S. House,23,Tom Reed,IND,10
Seneca,Town of Waterloo 3 LD 1,U.S. House,23,Tom Reed,IND,7
Seneca,Town of Waterloo 4 LD 1,U.S. House,23,Tom Reed,IND,8
Seneca,Town of Waterloo 5 LD 1,U.S. House,23,Tom Reed,IND,10
Seneca,Town of Covert 1 LD 1,U.S. House,23,Andrew M. Kolstee,LBT,7
Seneca,Town of Covert 2 LD 1,U.S. House,23,Andrew M. Kolstee,LBT,3
Seneca,Town of Fayette 1 LD 1,U.S. House,23,Andrew M. Kolstee,LBT,4
Seneca,Town of Fayette 2 LD 1,U.S. House,23,Andrew M. Kolstee,LBT,6
Seneca,Town of Fayette 3 LD 1,U.S. House,23,Andrew M. Kolstee,LBT,6
Seneca,Town of Junius 1 LD 1,U.S. House,23,Andrew M. Kolstee,LBT,7
Seneca,Town of Lodi 1 LD 1,U.S. House,23,Andrew M. Kolstee,LBT,8
Seneca,Town of Ovid 1 LD 1,U.S. House,23,Andrew M. Kolstee,LBT,3
Seneca,Town of Ovid 2 LD 1,U.S. House,23,Andrew M. Kolstee,LBT,5
Seneca,Town of Romulus 1 LD 1,U.S. House,23,Andrew M. Kolstee,LBT,1
Seneca,Town of Romulus 2 LD 1,U.S. House,23,Andrew M. Kolstee,LBT,0
Seneca,Town of Romulus 3 LD 1,U.S. House,23,Andrew M. Kolstee,LBT,0
Seneca,Town of Seneca Falls 1 LD 1,U.S. House,23,Andrew M. Kolstee,LBT,4
Seneca,Town of Seneca Falls 2 LD 1,U.S. House,23,Andrew M. Kolstee,LBT,4
Seneca,Town of Seneca Falls 3 LD 1,U.S. House,23,Andrew M. Kolstee,LBT,1
Seneca,Town of Seneca Falls 4 LD 1,U.S. House,23,Andrew M. Kolstee,LBT,7
Seneca,Town of Seneca Falls 5 LD 1,U.S. House,23,Andrew M. Kolstee,LBT,6
Seneca,Town of Seneca Falls 6 LD 1,U.S. House,23,Andrew M. Kolstee,LBT,8
Seneca,Town of Seneca Falls 7 LD 1,U.S. House,23,Andrew M. Kolstee,LBT,4
Seneca,Town of Seneca Falls 8 LD 1,U.S. House,23,Andrew M. Kolstee,LBT,7
Seneca,Town of Tyre 1 LD 1,U.S. House,23,Andrew M. Kolstee,LBT,1
Seneca,Town of Varick 1 LD 1,U.S. House,23,Andrew M. Kolstee,LBT,2
Seneca,Town of Waterloo 1 LD 1,U.S. House,23,Andrew M. Kolstee,LBT,4
Seneca,Town of Waterloo 2 LD 1,U.S. House,23,Andrew M. Kolstee,LBT,4
Seneca,Town of Waterloo 3 LD 1,U.S. House,23,Andrew M. Kolstee,LBT,5
Seneca,Town of Waterloo 4 LD 1,U.S. House,23,Andrew M. Kolstee,LBT,9
Seneca,Town of Waterloo 5 LD 1,U.S. House,23,Andrew M. Kolstee,LBT,0
Seneca,Town of Covert 1 LD 1,U.S. House,23,Write-ins,,0
Seneca,Town of Covert 2 LD 1,U.S. House,23,Write-ins,,0
Seneca,Town of Fayette 1 LD 1,U.S. House,23,Write-ins,,0
Seneca,Town of Fayette 2 LD 1,U.S. House,23,Write-ins,,0
Seneca,Town of Fayette 3 LD 1,U.S. House,23,Write-ins,,0
Seneca,Town of Junius 1 LD 1,U.S. House,23,Write-ins,,0
Seneca,Town of Lodi 1 LD 1,U.S. House,23,Write-ins,,0
Seneca,Town of Ovid 1 LD 1,U.S. House,23,Write-ins,,0
Seneca,Town of Ovid 2 LD 1,U.S. House,23,Write-ins,,1
Seneca,Town of Romulus 1 LD 1,U.S. House,23,Write-ins,,0
Seneca,Town of Romulus 2 LD 1,U.S. House,23,Write-ins,,0
Seneca,Town of Romulus 3 LD 1,U.S. House,23,Write-ins,,0
Seneca,Town of Seneca Falls 1 LD 1,U.S. House,23,Write-ins,,0
Seneca,Town of Seneca Falls 2 LD 1,U.S. House,23,Write-ins,,0
Seneca,Town of Seneca Falls 3 LD 1,U.S. House,23,Write-ins,,0
Seneca,Town of Seneca Falls 4 LD 1,U.S. House,23,Write-ins,,0
Seneca,Town of Seneca Falls 5 LD 1,U.S. House,23,Write-ins,,1
Seneca,Town of Seneca Falls 6 LD 1,U.S. House,23,Write-ins,,0
Seneca,Town of Seneca Falls 7 LD 1,U.S. House,23,Write-ins,,0
Seneca,Town of Seneca Falls 8 LD 1,U.S. House,23,Write-ins,,0
Seneca,Town of Tyre 1 LD 1,U.S. House,23,Write-ins,,0
Seneca,Town of Varick 1 LD 1,U.S. House,23,Write-ins,,0
Seneca,Town of Waterloo 1 LD 1,U.S. House,23,Write-ins,,1
Seneca,Town of Waterloo 2 LD 1,U.S. House,23,Write-ins,,0
Seneca,Town of Waterloo 3 LD 1,U.S. House,23,Write-ins,,0
Seneca,Town of Waterloo 4 LD 1,U.S. House,23,Write-ins,,0
Seneca,Town of Waterloo 5 LD 1,U.S. House,23,Write-ins,,0
Seneca,Town of Covert 1 LD 1,State Senate,54,Shauna O'Toole,DEM,317
Seneca,Town of Covert 2 LD 1,State Senate,54,Shauna O'Toole,DEM,239
Seneca,Town of Fayette 1 LD 1,State Senate,54,Shauna O'Toole,DEM,142
Seneca,Town of Fayette 2 LD 1,State Senate,54,Shauna O'Toole,DEM,163
Seneca,Town of Fayette 3 LD 1,State Senate,54,Shauna O'Toole,DEM,157
Seneca,Town of Junius 1 LD 1,State Senate,54,Shauna O'Toole,DEM,100
Seneca,Town of Lodi 1 LD 1,State Senate,54,Shauna O'Toole,DEM,259
Seneca,Town of Ovid 1 LD 1,State Senate,54,Shauna O'Toole,DEM,173
Seneca,Town of Ovid 2 LD 1,State Senate,54,Shauna O'Toole,DEM,155
Seneca,Town of Romulus 1 LD 1,State Senate,54,Shauna O'Toole,DEM,71
Seneca,Town of Romulus 2 LD 1,State Senate,54,Shauna O'Toole,DEM,126
Seneca,Town of Romulus 3 LD 1,State Senate,54,Shauna O'Toole,DEM,80
Seneca,Town of Seneca Falls 1 LD 1,State Senate,54,Shauna O'Toole,DEM,208
Seneca,Town of Seneca Falls 2 LD 1,State Senate,54,Shauna O'Toole,DEM,242
Seneca,Town of Seneca Falls 3 LD 1,State Senate,54,Shauna O'Toole,DEM,148
Seneca,Town of Seneca Falls 4 LD 1,State Senate,54,Shauna O'Toole,DEM,199
Seneca,Town of Seneca Falls 5 LD 1,State Senate,54,Shauna O'Toole,DEM,174
Seneca,Town of Seneca Falls 6 LD 1,State Senate,54,Shauna O'Toole,DEM,175
Seneca,Town of Seneca Falls 7 LD 1,State Senate,54,Shauna O'Toole,DEM,141
Seneca,Town of Seneca Falls 8 LD 1,State Senate,54,Shauna O'Toole,DEM,236
Seneca,Town of Tyre 1 LD 1,State Senate,54,Shauna O'Toole,DEM,104
Seneca,Town of Varick 1 LD 1,State Senate,54,Shauna O'Toole,DEM,225
Seneca,Town of Waterloo 1 LD 1,State Senate,54,Shauna O'Toole,DEM,201
Seneca,Town of Waterloo 2 LD 1,State Senate,54,Shauna O'Toole,DEM,149
Seneca,Town of Waterloo 3 LD 1,State Senate,54,Shauna O'Toole,DEM,141
Seneca,Town of Waterloo 4 LD 1,State Senate,54,Shauna O'Toole,DEM,230
Seneca,Town of Waterloo 5 LD 1,State Senate,54,Shauna O'Toole,DEM,145
Seneca,Town of Covert 1 LD 1,State Senate,54,Pamela A. Helming,REP,312
Seneca,Town of Covert 2 LD 1,State Senate,54,Pamela A. Helming,REP,275
Seneca,Town of Fayette 1 LD 1,State Senate,54,Pamela A. Helming,REP,306
Seneca,Town of Fayette 2 LD 1,State Senate,54,Pamela A. Helming,REP,398
Seneca,Town of Fayette 3 LD 1,State Senate,54,Pamela A. Helming,REP,464
Seneca,Town of Junius 1 LD 1,State Senate,54,Pamela A. Helming,REP,374
Seneca,Town of Lodi 1 LD 1,State Senate,54,Pamela A. Helming,REP,433
Seneca,Town of Ovid 1 LD 1,State Senate,54,Pamela A. Helming,REP,299
Seneca,Town of Ovid 2 LD 1,State Senate,54,Pamela A. Helming,REP,315
Seneca,Town of Romulus 1 LD 1,State Senate,54,Pamela A. Helming,REP,177
Seneca,Town of Romulus 2 LD 1,State Senate,54,Pamela A. Helming,REP,214
Seneca,Town of Romulus 3 LD 1,State Senate,54,Pamela A. Helming,REP,156
Seneca,Town of Seneca Falls 1 LD 1,State Senate,54,Pamela A. Helming,REP,256
Seneca,Town of Seneca Falls 2 LD 1,State Senate,54,Pamela A. Helming,REP,312
Seneca,Town of Seneca Falls 3 LD 1,State Senate,54,Pamela A. Helming,REP,178
Seneca,Town of Seneca Falls 4 LD 1,State Senate,54,Pamela A. Helming,REP,394
Seneca,Town of Seneca Falls 5 LD 1,State Senate,54,Pamela A. Helming,REP,280
Seneca,Town of Seneca Falls 6 LD 1,State Senate,54,Pamela A. Helming,REP,277
Seneca,Town of Seneca Falls 7 LD 1,State Senate,54,Pamela A. Helming,REP,167
Seneca,Town of Seneca Falls 8 LD 1,State Senate,54,Pamela A. Helming,REP,447
Seneca,Town of Tyre 1 LD 1,State Senate,54,Pamela A. Helming,REP,296
Seneca,Town of Varick 1 LD 1,State Senate,54,Pamela A. Helming,REP,463
Seneca,Town of Waterloo 1 LD 1,State Senate,54,Pamela A. Helming,REP,406
Seneca,Town of Waterloo 2 LD 1,State Senate,54,Pamela A. Helming,REP,393
Seneca,Town of Waterloo 3 LD 1,State Senate,54,Pamela A. Helming,REP,295
Seneca,Town of Waterloo 4 LD 1,State Senate,54,Pamela A. Helming,REP,599
Seneca,Town of Waterloo 5 LD 1,State Senate,54,Pamela A. Helming,REP,289
Seneca,Town of Covert 1 LD 1,State Senate,54,Pamela A. Helming,CON,34
Seneca,Town of Covert 2 LD 1,State Senate,54,Pamela A. Helming,CON,29
Seneca,Town of Fayette 1 LD 1,State Senate,54,Pamela A. Helming,CON,33
Seneca,Town of Fayette 2 LD 1,State Senate,54,Pamela A. Helming,CON,56
Seneca,Town of Fayette 3 LD 1,State Senate,54,Pamela A. Helming,CON,62
Seneca,Town of Junius 1 LD 1,State Senate,54,Pamela A. Helming,CON,43
Seneca,Town of Lodi 1 LD 1,State Senate,54,Pamela A. Helming,CON,54
Seneca,Town of Ovid 1 LD 1,State Senate,54,Pamela A. Helming,CON,23
Seneca,Town of Ovid 2 LD 1,State Senate,54,Pamela A. Helming,CON,35
Seneca,Town of Romulus 1 LD 1,State Senate,54,Pamela A. Helming,CON,26
Seneca,Town of Romulus 2 LD 1,State Senate,54,Pamela A. Helming,CON,23
Seneca,Town of Romulus 3 LD 1,State Senate,54,Pamela A. Helming,CON,10
Seneca,Town of Seneca Falls 1 LD 1,State Senate,54,Pamela A. Helming,CON,39
Seneca,Town of Seneca Falls 2 LD 1,State Senate,54,Pamela A. Helming,CON,39
Seneca,Town of Seneca Falls 3 LD 1,State Senate,54,Pamela A. Helming,CON,12
Seneca,Town of Seneca Falls 4 LD 1,State Senate,54,Pamela A. Helming,CON,35
Seneca,Town of Seneca Falls 5 LD 1,State Senate,54,Pamela A. Helming,CON,29
Seneca,Town of Seneca Falls 6 LD 1,State Senate,54,Pamela A. Helming,CON,32
Seneca,Town of Seneca Falls 7 LD 1,State Senate,54,Pamela A. Helming,CON,15
Seneca,Town of Seneca Falls 8 LD 1,State Senate,54,Pamela A. Helming,CON,39
Seneca,Town of Tyre 1 LD 1,State Senate,54,Pamela A. Helming,CON,31
Seneca,Town of Varick 1 LD 1,State Senate,54,Pamela A. Helming,CON,47
Seneca,Town of Waterloo 1 LD 1,State Senate,54,Pamela A. Helming,CON,50
Seneca,Town of Waterloo 2 LD 1,State Senate,54,Pamela A. Helming,CON,48
Seneca,Town of Waterloo 3 LD 1,State Senate,54,Pamela A. Helming,CON,46
Seneca,Town of Waterloo 4 LD 1,State Senate,54,Pamela A. Helming,CON,59
Seneca,Town of Waterloo 5 LD 1,State Senate,54,Pamela A. Helming,CON,37
Seneca,Town of Covert 1 LD 1,State Senate,54,Pamela A. Helming,IND,18
Seneca,Town of Covert 2 LD 1,State Senate,54,Pamela A. Helming,IND,9
Seneca,Town of Fayette 1 LD 1,State Senate,54,Pamela A. Helming,IND,17
Seneca,Town of Fayette 2 LD 1,State Senate,54,Pamela A. Helming,IND,13
Seneca,Town of Fayette 3 LD 1,State Senate,54,Pamela A. Helming,IND,16
Seneca,Town of Junius 1 LD 1,State Senate,54,Pamela A. Helming,IND,8
Seneca,Town of Lodi 1 LD 1,State Senate,54,Pamela A. Helming,IND,19
Seneca,Town of Ovid 1 LD 1,State Senate,54,Pamela A. Helming,IND,10
Seneca,Town of Ovid 2 LD 1,State Senate,54,Pamela A. Helming,IND,10
Seneca,Town of Romulus 1 LD 1,State Senate,54,Pamela A. Helming,IND,3
Seneca,Town of Romulus 2 LD 1,State Senate,54,Pamela A. Helming,IND,11
Seneca,Town of Romulus 3 LD 1,State Senate,54,Pamela A. Helming,IND,5
Seneca,Town of Seneca Falls 1 LD 1,State Senate,54,Pamela A. Helming,IND,12
Seneca,Town of Seneca Falls 2 LD 1,State Senate,54,Pamela A. Helming,IND,14
Seneca,Town of Seneca Falls 3 LD 1,State Senate,54,Pamela A. Helming,IND,8
Seneca,Town of Seneca Falls 4 LD 1,State Senate,54,Pamela A. Helming,IND,28
Seneca,Town of Seneca Falls 5 LD 1,State Senate,54,Pamela A. Helming,IND,10
Seneca,Town of Seneca Falls 6 LD 1,State Senate,54,Pamela A. Helming,IND,16
Seneca,Town of Seneca Falls 7 LD 1,State Senate,54,Pamela A. Helming,IND,5
Seneca,Town of Seneca Falls 8 LD 1,State Senate,54,Pamela A. Helming,IND,15
Seneca,Town of Tyre 1 LD 1,State Senate,54,Pamela A. Helming,IND,9
Seneca,Town of Varick 1 LD 1,State Senate,54,Pamela A. Helming,IND,10
Seneca,Town of Waterloo 1 LD 1,State Senate,54,Pamela A. Helming,IND,20
Seneca,Town of Waterloo 2 LD 1,State Senate,54,Pamela A. Helming,IND,14
Seneca,Town of Waterloo 3 LD 1,State Senate,54,Pamela A. Helming,IND,14
Seneca,Town of Waterloo 4 LD 1,State Senate,54,Pamela A. Helming,IND,23
Seneca,Town of Waterloo 5 LD 1,State Senate,54,Pamela A. Helming,IND,15
Seneca,Town of Covert 1 LD 1,State Senate,54,Pamela A. Helming,SAM,1
Seneca,Town of Covert 2 LD 1,State Senate,54,Pamela A. Helming,SAM,0
Seneca,Town of Fayette 1 LD 1,State Senate,54,Pamela A. Helming,SAM,1
Seneca,Town of Fayette 2 LD 1,State Senate,54,Pamela A. Helming,SAM,1
Seneca,Town of Fayette 3 LD 1,State Senate,54,Pamela A. Helming,SAM,1
Seneca,Town of Junius 1 LD 1,State Senate,54,Pamela A. Helming,SAM,0
Seneca,Town of Lodi 1 LD 1,State Senate,54,Pamela A. Helming,SAM,1
Seneca,Town of Ovid 1 LD 1,State Senate,54,Pamela A. Helming,SAM,2
Seneca,Town of Ovid 2 LD 1,State Senate,54,Pamela A. Helming,SAM,1
Seneca,Town of Romulus 1 LD 1,State Senate,54,Pamela A. Helming,SAM,0
Seneca,Town of Romulus 2 LD 1,State Senate,54,Pamela A. Helming,SAM,0
Seneca,Town of Romulus 3 LD 1,State Senate,54,Pamela A. Helming,SAM,0
Seneca,Town of Seneca Falls 1 LD 1,State Senate,54,Pamela A. Helming,SAM,1
Seneca,Town of Seneca Falls 2 LD 1,State Senate,54,Pamela A. Helming,SAM,1
Seneca,Town of Seneca Falls 3 LD 1,State Senate,54,Pamela A. Helming,SAM,1
Seneca,Town of Seneca Falls 4 LD 1,State Senate,54,Pamela A. Helming,SAM,1
Seneca,Town of Seneca Falls 5 LD 1,State Senate,54,Pamela A. Helming,SAM,0
Seneca,Town of Seneca Falls 6 LD 1,State Senate,54,Pamela A. Helming,SAM,0
Seneca,Town of Seneca Falls 7 LD 1,State Senate,54,Pamela A. Helming,SAM,0
Seneca,Town of Seneca Falls 8 LD 1,State Senate,54,Pamela A. Helming,SAM,1
Seneca,Town of Tyre 1 LD 1,State Senate,54,Pamela A. Helming,SAM,0
Seneca,Town of Varick 1 LD 1,State Senate,54,Pamela A. Helming,SAM,0
Seneca,Town of Waterloo 1 LD 1,State Senate,54,Pamela A. Helming,SAM,0
Seneca,Town of Waterloo 2 LD 1,State Senate,54,Pamela A. Helming,SAM,1
Seneca,Town of Waterloo 3 LD 1,State Senate,54,Pamela A. Helming,SAM,1
Seneca,Town of Waterloo 4 LD 1,State Senate,54,Pamela A. Helming,SAM,0
Seneca,Town of Waterloo 5 LD 1,State Senate,54,Pamela A. Helming,SAM,0
Seneca,Town of Covert 1 LD 1,State Senate,54,Write-ins,,0
Seneca,Town of Covert 2 LD 1,State Senate,54,Write-ins,,0
Seneca,Town of Fayette 1 LD 1,State Senate,54,Write-ins,,0
Seneca,Town of Fayette 2 LD 1,State Senate,54,Write-ins,,0
Seneca,Town of Fayette 3 LD 1,State Senate,54,Write-ins,,0
Seneca,Town of Junius 1 LD 1,State Senate,54,Write-ins,,0
Seneca,Town of Lodi 1 LD 1,State Senate,54,Write-ins,,0
Seneca,Town of Ovid 1 LD 1,State Senate,54,Write-ins,,0
Seneca,Town of Ovid 2 LD 1,State Senate,54,Write-ins,,0
Seneca,Town of Romulus 1 LD 1,State Senate,54,Write-ins,,0
Seneca,Town of Romulus 2 LD 1,State Senate,54,Write-ins,,0
Seneca,Town of Romulus 3 LD 1,State Senate,54,Write-ins,,0
Seneca,Town of Seneca Falls 1 LD 1,State Senate,54,Write-ins,,1
Seneca,Town of Seneca Falls 2 LD 1,State Senate,54,Write-ins,,0
Seneca,Town of Seneca Falls 3 LD 1,State Senate,54,Write-ins,,0
Seneca,Town of Seneca Falls 4 LD 1,State Senate,54,Write-ins,,0
Seneca,Town of Seneca Falls 5 LD 1,State Senate,54,Write-ins,,0
Seneca,Town of Seneca Falls 6 LD 1,State Senate,54,Write-ins,,0
Seneca,Town of Seneca Falls 7 LD 1,State Senate,54,Write-ins,,0
Seneca,Town of Seneca Falls 8 LD 1,State Senate,54,Write-ins,,0
Seneca,Town of Tyre 1 LD 1,State Senate,54,Write-ins,,0
Seneca,Town of Varick 1 LD 1,State Senate,54,Write-ins,,0
Seneca,Town of Waterloo 1 LD 1,State Senate,54,Write-ins,,0
Seneca,Town of Waterloo 2 LD 1,State Senate,54,Write-ins,,1
Seneca,Town of Waterloo 3 LD 1,State Senate,54,Write-ins,,0
Seneca,Town of Waterloo 4 LD 1,State Senate,54,Write-ins,,0
Seneca,Town of Waterloo 5 LD 1,State Senate,54,Write-ins,,0
Seneca,Town of Fayette 1 LD 1,State Assembly,131,Matthew Miller,DEM,188
Seneca,Town of Fayette 2 LD 1,State Assembly,131,Matthew Miller,DEM,216
Seneca,Town of Fayette 3 LD 1,State Assembly,131,Matthew Miller,DEM,229
Seneca,Town of Junius 1 LD 1,State Assembly,131,Matthew Miller,DEM,131
Seneca,Town of Seneca Falls 1 LD 1,State Assembly,131,Matthew Miller,DEM,265
Seneca,Town of Seneca Falls 2 LD 1,State Assembly,131,Matthew Miller,DEM,299
Seneca,Town of Seneca Falls 3 LD 1,State Assembly,131,Matthew Miller,DEM,185
Seneca,Town of Seneca Falls 4 LD 1,State Assembly,131,Matthew Miller,DEM,262
Seneca,Town of Seneca Falls 5 LD 1,State Assembly,131,Matthew Miller,DEM,220
Seneca,Town of Seneca Falls 6 LD 1,State Assembly,131,Matthew Miller,DEM,237
Seneca,Town of Seneca Falls 7 LD 1,State Assembly,131,Matthew Miller,DEM,164
Seneca,Town of Seneca Falls 8 LD 1,State Assembly,131,Matthew Miller,DEM,281
Seneca,Town of Tyre 1 LD 1,State Assembly,131,Matthew Miller,DEM,118
Seneca,Town of Varick 1 LD 1,State Assembly,131,Matthew Miller,DEM,259
Seneca,Town of Waterloo 1 LD 1,State Assembly,131,Matthew Miller,DEM,256
Seneca,Town of Waterloo 2 LD 1,State Assembly,131,Matthew Miller,DEM,180
Seneca,Town of Waterloo 3 LD 1,State Assembly,131,Matthew Miller,DEM,171
Seneca,Town of Waterloo 4 LD 1,State Assembly,131,Matthew Miller,DEM,271
Seneca,Town of Waterloo 5 LD 1,State Assembly,131,Matthew Miller,DEM,163
Seneca,Town of Fayette 1 LD 1,State Assembly,131,Jeff L. Gallahan,REP,246
Seneca,Town of Fayette 2 LD 1,State Assembly,131,Jeff L. Gallahan,REP,339
Seneca,Town of Fayette 3 LD 1,State Assembly,131,Jeff L. Gallahan,REP,378
Seneca,Town of Junius 1 LD 1,State Assembly,131,Jeff L. Gallahan,REP,333
Seneca,Town of Seneca Falls 1 LD 1,State Assembly,131,Jeff L. Gallahan,REP,203
Seneca,Town of Seneca Falls 2 LD 1,State Assembly,131,Jeff L. Gallahan,REP,249
Seneca,Town of Seneca Falls 3 LD 1,State Assembly,131,Jeff L. Gallahan,REP,131
Seneca,Town of Seneca Falls 4 LD 1,State Assembly,131,Jeff L. Gallahan,REP,328
Seneca,Town of Seneca Falls 5 LD 1,State Assembly,131,Jeff L. Gallahan,REP,223
Seneca,Town of Seneca Falls 6 LD 1,State Assembly,131,Jeff L. Gallahan,REP,205
Seneca,Town of Seneca Falls 7 LD 1,State Assembly,131,Jeff L. Gallahan,REP,138
Seneca,Town of Seneca Falls 8 LD 1,State Assembly,131,Jeff L. Gallahan,REP,381
Seneca,Town of Tyre 1 LD 1,State Assembly,131,Jeff L. Gallahan,REP,261
Seneca,Town of Varick 1 LD 1,State Assembly,131,Jeff L. Gallahan,REP,411
Seneca,Town of Waterloo 1 LD 1,State Assembly,131,Jeff L. Gallahan,REP,349
Seneca,Town of Waterloo 2 LD 1,State Assembly,131,Jeff L. Gallahan,REP,355
Seneca,Town of Waterloo 3 LD 1,State Assembly,131,Jeff L. Gallahan,REP,265
Seneca,Town of Waterloo 4 LD 1,State Assembly,131,Jeff L. Gallahan,REP,543
Seneca,Town of Waterloo 5 LD 1,State Assembly,131,Jeff L. Gallahan,REP,264
Seneca,Town of Fayette 1 LD 1,State Assembly,131,Jeff L. Gallahan,CON,32
Seneca,Town of Fayette 2 LD 1,State Assembly,131,Jeff L. Gallahan,CON,45
Seneca,Town of Fayette 3 LD 1,State Assembly,131,Jeff L. Gallahan,CON,48
Seneca,Town of Junius 1 LD 1,State Assembly,131,Jeff L. Gallahan,CON,35
Seneca,Town of Seneca Falls 1 LD 1,State Assembly,131,Jeff L. Gallahan,CON,28
Seneca,Town of Seneca Falls 2 LD 1,State Assembly,131,Jeff L. Gallahan,CON,28
Seneca,Town of Seneca Falls 3 LD 1,State Assembly,131,Jeff L. Gallahan,CON,15
Seneca,Town of Seneca Falls 4 LD 1,State Assembly,131,Jeff L. Gallahan,CON,32
Seneca,Town of Seneca Falls 5 LD 1,State Assembly,131,Jeff L. Gallahan,CON,24
Seneca,Town of Seneca Falls 6 LD 1,State Assembly,131,Jeff L. Gallahan,CON,24
Seneca,Town of Seneca Falls 7 LD 1,State Assembly,131,Jeff L. Gallahan,CON,16
Seneca,Town of Seneca Falls 8 LD 1,State Assembly,131,Jeff L. Gallahan,CON,43
Seneca,Town of Tyre 1 LD 1,State Assembly,131,Jeff L. Gallahan,CON,34
Seneca,Town of Varick 1 LD 1,State Assembly,131,Jeff L. Gallahan,CON,41
Seneca,Town of Waterloo 1 LD 1,State Assembly,131,Jeff L. Gallahan,CON,43
Seneca,Town of Waterloo 2 LD 1,State Assembly,131,Jeff L. Gallahan,CON,42
Seneca,Town of Waterloo 3 LD 1,State Assembly,131,Jeff L. Gallahan,CON,35
Seneca,Town of Waterloo 4 LD 1,State Assembly,131,Jeff L. Gallahan,CON,51
Seneca,Town of Waterloo 5 LD 1,State Assembly,131,Jeff L. Gallahan,CON,34
Seneca,Town of Fayette 1 LD 1,State Assembly,131,Cynthia L. Wade,SAM,4
Seneca,Town of Fayette 2 LD 1,State Assembly,131,Cynthia L. Wade,SAM,8
Seneca,Town of Fayette 3 LD 1,State Assembly,131,Cynthia L. Wade,SAM,7
Seneca,Town of Junius 1 LD 1,State Assembly,131,Cynthia L. Wade,SAM,6
Seneca,Town of Seneca Falls 1 LD 1,State Assembly,131,Cynthia L. Wade,SAM,7
Seneca,Town of Seneca Falls 2 LD 1,State Assembly,131,Cynthia L. Wade,SAM,6
Seneca,Town of Seneca Falls 3 LD 1,State Assembly,131,Cynthia L. Wade,SAM,5
Seneca,Town of Seneca Falls 4 LD 1,State Assembly,131,Cynthia L. Wade,SAM,11
Seneca,Town of Seneca Falls 5 LD 1,State Assembly,131,Cynthia L. Wade,SAM,6
Seneca,Town of Seneca Falls 6 LD 1,State Assembly,131,Cynthia L. Wade,SAM,6
Seneca,Town of Seneca Falls 7 LD 1,State Assembly,131,Cynthia L. Wade,SAM,0
Seneca,Town of Seneca Falls 8 LD 1,State Assembly,131,Cynthia L. Wade,SAM,8
Seneca,Town of Tyre 1 LD 1,State Assembly,131,Cynthia L. Wade,SAM,3
Seneca,Town of Varick 1 LD 1,State Assembly,131,Cynthia L. Wade,SAM,13
Seneca,Town of Waterloo 1 LD 1,State Assembly,131,Cynthia L. Wade,SAM,7
Seneca,Town of Waterloo 2 LD 1,State Assembly,131,Cynthia L. Wade,SAM,9
Seneca,Town of Waterloo 3 LD 1,State Assembly,131,Cynthia L. Wade,SAM,11
Seneca,Town of Waterloo 4 LD 1,State Assembly,131,Cynthia L. Wade,SAM,17
Seneca,Town of Waterloo 5 LD 1,State Assembly,131,Cynthia L. Wade,SAM,8
Seneca,Town of Fayette 1 LD 1,State Assembly,131,Write-ins,,0
Seneca,Town of Fayette 2 LD 1,State Assembly,131,Write-ins,,0
Seneca,Town of Fayette 3 LD 1,State Assembly,131,Write-ins,,0
Seneca,Town of Junius 1 LD 1,State Assembly,131,Write-ins,,0
Seneca,Town of Seneca Falls 1 LD 1,State Assembly,131,Write-ins,,0
Seneca,Town of Seneca Falls 2 LD 1,State Assembly,131,Write-ins,,0
Seneca,Town of Seneca Falls 3 LD 1,State Assembly,131,Write-ins,,0
Seneca,Town of Seneca Falls 4 LD 1,State Assembly,131,Write-ins,,0
Seneca,Town of Seneca Falls 5 LD 1,State Assembly,131,Write-ins,,0
Seneca,Town of Seneca Falls 6 LD 1,State Assembly,131,Write-ins,,0
Seneca,Town of Seneca Falls 7 LD 1,State Assembly,131,Write-ins,,0
Seneca,Town of Seneca Falls 8 LD 1,State Assembly,131,Write-ins,,0
Seneca,Town of Tyre 1 LD 1,State Assembly,131,Write-ins,,0
Seneca,Town of Varick 1 LD 1,State Assembly,131,Write-ins,,0
Seneca,Town of Waterloo 1 LD 1,State Assembly,131,Write-ins,,0
Seneca,Town of Waterloo 2 LD 1,State Assembly,131,Write-ins,,0
Seneca,Town of Waterloo 3 LD 1,State Assembly,131,Write-ins,,0
Seneca,Town of Waterloo 4 LD 1,State Assembly,131,Write-ins,,3
Seneca,Town of Waterloo 5 LD 1,State Assembly,131,Write-ins,,0
Seneca,Town of Covert 1 LD 1,State Assembly,132,Philip A. Palmesano,REP,335
Seneca,Town of Covert 2 LD 1,State Assembly,132,Philip A. Palmesano,REP,306
Seneca,Town of Lodi 1 LD 1,State Assembly,132,Philip A. Palmesano,REP,449
Seneca,Town of Ovid 1 LD 1,State Assembly,132,Philip A. Palmesano,REP,309
Seneca,Town of Ovid 2 LD 1,State Assembly,132,Philip A. Palmesano,REP,309
Seneca,Town of Romulus 1 LD 1,State Assembly,132,Philip A. Palmesano,REP,182
Seneca,Town of Romulus 2 LD 1,State Assembly,132,Philip A. Palmesano,REP,226
Seneca,Town of Romulus 3 LD 1,State Assembly,132,Philip A. Palmesano,REP,169
Seneca,Town of Covert 1 LD 1,State Assembly,132,Philip A. Palmesano,CON,38
Seneca,Town of Covert 2 LD 1,State Assembly,132,Philip A. Palmesano,CON,33
Seneca,Town of Lodi 1 LD 1,State Assembly,132,Philip A. Palmesano,CON,62
Seneca,Town of Ovid 1 LD 1,State Assembly,132,Philip A. Palmesano,CON,39
Seneca,Town of Ovid 2 LD 1,State Assembly,132,Philip A. Palmesano,CON,42
Seneca,Town of Romulus 1 LD 1,State Assembly,132,Philip A. Palmesano,CON,26
Seneca,Town of Romulus 2 LD 1,State Assembly,132,Philip A. Palmesano,CON,29
Seneca,Town of Romulus 3 LD 1,State Assembly,132,Philip A. Palmesano,CON,9
Seneca,Town of Covert 1 LD 1,State Assembly,132,Philip A. Palmesano,IND,51
Seneca,Town of Covert 2 LD 1,State Assembly,132,Philip A. Palmesano,IND,30
Seneca,Town of Lodi 1 LD 1,State Assembly,132,Philip A. Palmesano,IND,48
Seneca,Town of Ovid 1 LD 1,State Assembly,132,Philip A. Palmesano,IND,23
Seneca,Town of Ovid 2 LD 1,State Assembly,132,Philip A. Palmesano,IND,20
Seneca,Town of Romulus 1 LD 1,State Assembly,132,Philip A. Palmesano,IND,9
Seneca,Town of Romulus 2 LD 1,State Assembly,132,Philip A. Palmesano,IND,25
Seneca,Town of Romulus 3 LD 1,State Assembly,132,Philip A. Palmesano,IND,13
Seneca,Town of Covert 1 LD 1,State Assembly,132,Write-ins,,7
Seneca,Town of Covert 2 LD 1,State Assembly,132,Write-ins,,8
Seneca,Town of Lodi 1 LD 1,State Assembly,132,Write-ins,,6
Seneca,Town of Ovid 1 LD 1,State Assembly,132,Write-ins,,1
Seneca,Town of Ovid 2 LD 1,State Assembly,132,Write-ins,,1
Seneca,Town of Romulus 1 LD 1,State Assembly,132,Write-ins,,0
Seneca,Town of Romulus 2 LD 1,State Assembly,132,Write-ins,,3
Seneca,Town of Romulus 3 LD 1,State Assembly,132,Write-ins,,1