county,precinct,office,district,party,candidate,votes,,,,,,,,,,
Otsego,Burlington 1 ,Governor,,DEM,Andrew M. Cuomo,79,,,,,,,,,,
Otsego,Butternuts 1 ,Governor,,DEM,Andrew M. Cuomo,68,,,,,,,,,,
Otsego,Butternuts 2 ,Governor,,DEM,Andrew M. Cuomo,160,,,,,,,,,,
Otsego,Cherry Valley 1 ,Governor,,DEM,Andrew M. Cuomo,203,,,,,,,,,,
Otsego,Decatur 1 ,Governor,,DEM,Andrew M. Cuomo,34,,,,,,,,,,
Otsego,Edmeston 1 ,Governor,,DEM,Andrew M. Cuomo,146,,,,,,,,,,
Otsego,Exeter 1 ,Governor,,DEM,Andrew M. Cuomo,76,,,,,,,,,,
Otsego,Hartwick 1 ,Governor,,DEM,Andrew M. Cuomo,188,,,,,,,,,,
Otsego,Hartwick 2 ,Governor,,DEM,Andrew M. Cuomo,89,,,,,,,,,,
Otsego,Laurens 1 ,Governor,,DEM,Andrew M. Cuomo,128,,,,,,,,,,
Otsego,Laurens 2 ,Governor,,DEM,Andrew M. Cuomo,149,,,,,,,,,,
Otsego,Maryland 1 ,Governor,,DEM,Andrew M. Cuomo,72,,,,,,,,,,
Otsego,Maryland 2 ,Governor,,DEM,Andrew M. Cuomo,76,,,,,,,,,,
Otsego,Middlefield 1 ,Governor,,DEM,Andrew M. Cuomo,221,,,,,,,,,,
Otsego,Middlefield 2 ,Governor,,DEM,Andrew M. Cuomo,193,,,,,,,,,,
Otsego,Milford 1 ,Governor,,DEM,Andrew M. Cuomo,131,,,,,,,,,,
Otsego,Milford 2 ,Governor,,DEM,Andrew M. Cuomo,246,,,,,,,,,,
Otsego,Morris 1 ,Governor,,DEM,Andrew M. Cuomo,185,,,,,,,,,,
Otsego,New Lisbon 1 ,Governor,,DEM,Andrew M. Cuomo,121,,,,,,,,,,
Otsego,Oneonta 1 ,Governor,,DEM,Andrew M. Cuomo,283,,,,,,,,,,
Otsego,Oneonta 2 ,Governor,,DEM,Andrew M. Cuomo,278,,,,,,,,,,
Otsego,Oneonta 3 ,Governor,,DEM,Andrew M. Cuomo,195,,,,,,,,,,
Otsego,Oneonta 4 ,Governor,,DEM,Andrew M. Cuomo,141,,,,,,,,,,
Otsego,Otego 1 ,Governor,,DEM,Andrew M. Cuomo,126,,,,,,,,,,
Otsego,Otego 2 ,Governor,,DEM,Andrew M. Cuomo,178,,,,,,,,,,
Otsego,Otsego 1 ,Governor,,DEM,Andrew M. Cuomo,494,,,,,,,,,,
Otsego,Otsego 2 ,Governor,,DEM,Andrew M. Cuomo,144,,,,,,,,,,
Otsego,Otsego 3 ,Governor,,DEM,Andrew M. Cuomo,235,,,,,,,,,,
Otsego,Pittsfield 1 ,Governor,,DEM,Andrew M. Cuomo,112,,,,,,,,,,
Otsego,Plainfield 1 ,Governor,,DEM,Andrew M. Cuomo,53,,,,,,,,,,
Otsego,Richfield 1 ,Governor,,DEM,Andrew M. Cuomo,109,,,,,,,,,,
Otsego,Richfield 2 ,Governor,,DEM,Andrew M. Cuomo,72,,,,,,,,,,
Otsego,Roseboom 1 ,Governor,,DEM,Andrew M. Cuomo,96,,,,,,,,,,
Otsego,Springfield 1 ,Governor,,DEM,Andrew M. Cuomo,141,,,,,,,,,,
Otsego,Unadilla 1 ,Governor,,DEM,Andrew M. Cuomo,117,,,,,,,,,,
Otsego,Unadilla 2 ,Governor,,DEM,Andrew M. Cuomo,158,,,,,,,,,,
Otsego,Unadilla 3 ,Governor,,DEM,Andrew M. Cuomo,149,,,,,,,,,,
Otsego,Westford 1 ,Governor,,DEM,Andrew M. Cuomo,85,,,,,,,,,,
Otsego,Worcester 1 ,Governor,,DEM,Andrew M. Cuomo,76,,,,,,,,,,
Otsego,Worcester 2 ,Governor,,DEM,Andrew M. Cuomo,32,,,,,,,,,,
Otsego,Worcester 3 ,Governor,,DEM,Andrew M. Cuomo,84,,,,,,,,,,
Otsego,Oneonta City Ward 1 ,Governor,,DEM,Andrew M. Cuomo,368,,,,,,,,,,
Otsego,Oneonta City Ward 2 ,Governor,,DEM,Andrew M. Cuomo,252,,,,,,,,,,
Otsego,Oneonta City Ward 3 ,Governor,,DEM,Andrew M. Cuomo,140,,,,,,,,,,
Otsego,Oneonta City Ward 4 ,Governor,,DEM,Andrew M. Cuomo,157,,,,,,,,,,
Otsego,Oneonta City Ward 5 ,Governor,,DEM,Andrew M. Cuomo,186,,,,,,,,,,
Otsego,Oneonta City Ward 6 ,Governor,,DEM,Andrew M. Cuomo,212,,,,,,,,,,
Otsego,Oneonta City Ward 7 ,Governor,,DEM,Andrew M. Cuomo,143,,,,,,,,,,
Otsego,Oneonta City Ward 8 ,Governor,,DEM,Andrew M. Cuomo,184,,,,,,,,,,
Otsego,Burlington 1 ,Governor,,REP,Marc Molinaro,291,,,,,,,,,,
Otsego,Butternuts 1 ,Governor,,REP,Marc Molinaro,144,,,,,,,,,,
Otsego,Butternuts 2 ,Governor,,REP,Marc Molinaro,245,,,,,,,,,,
Otsego,Cherry Valley 1 ,Governor,,REP,Marc Molinaro,249,,,,,,,,,,
Otsego,Decatur 1 ,Governor,,REP,Marc Molinaro,101,,,,,,,,,,
Otsego,Edmeston 1 ,Governor,,REP,Marc Molinaro,365,,,,,,,,,,
Otsego,Exeter 1 ,Governor,,REP,Marc Molinaro,200,,,,,,,,,,
Otsego,Hartwick 1 ,Governor,,REP,Marc Molinaro,281,,,,,,,,,,
Otsego,Hartwick 2 ,Governor,,REP,Marc Molinaro,160,,,,,,,,,,
Otsego,Laurens 1 ,Governor,,REP,Marc Molinaro,214,,,,,,,,,,
Otsego,Laurens 2 ,Governor,,REP,Marc Molinaro,260,,,,,,,,,,
Otsego,Maryland 1 ,Governor,,REP,Marc Molinaro,183,,,,,,,,,,
Otsego,Maryland 2 ,Governor,,REP,Marc Molinaro,281,,,,,,,,,,
Otsego,Middlefield 1 ,Governor,,REP,Marc Molinaro,133,,,,,,,,,,
Otsego,Middlefield 2 ,Governor,,REP,Marc Molinaro,243,,,,,,,,,,
Otsego,Milford 1 ,Governor,,REP,Marc Molinaro,216,,,,,,,,,,
Otsego,Milford 2 ,Governor,,REP,Marc Molinaro,375,,,,,,,,,,
Otsego,Morris 1 ,Governor,,REP,Marc Molinaro,352,,,,,,,,,,
Otsego,New Lisbon 1 ,Governor,,REP,Marc Molinaro,257,,,,,,,,,,
Otsego,Oneonta 1 ,Governor,,REP,Marc Molinaro,293,,,,,,,,,,
Otsego,Oneonta 2 ,Governor,,REP,Marc Molinaro,280,,,,,,,,,,
Otsego,Oneonta 3 ,Governor,,REP,Marc Molinaro,170,,,,,,,,,,
Otsego,Oneonta 4 ,Governor,,REP,Marc Molinaro,175,,,,,,,,,,
Otsego,Otego 1 ,Governor,,REP,Marc Molinaro,293,,,,,,,,,,
Otsego,Otego 2 ,Governor,,REP,Marc Molinaro,308,,,,,,,,,,
Otsego,Otsego 1 ,Governor,,REP,Marc Molinaro,243,,,,,,,,,,
Otsego,Otsego 2 ,Governor,,REP,Marc Molinaro,138,,,,,,,,,,
Otsego,Otsego 3 ,Governor,,REP,Marc Molinaro,332,,,,,,,,,,
Otsego,Pittsfield 1 ,Governor,,REP,Marc Molinaro,230,,,,,,,,,,
Otsego,Plainfield 1 ,Governor,,REP,Marc Molinaro,195,,,,,,,,,,
Otsego,Richfield 1 ,Governor,,REP,Marc Molinaro,209,,,,,,,,,,
Otsego,Richfield 2 ,Governor,,REP,Marc Molinaro,303,,,,,,,,,,
Otsego,Roseboom 1 ,Governor,,REP,Marc Molinaro,155,,,,,,,,,,
Otsego,Springfield 1 ,Governor,,REP,Marc Molinaro,280,,,,,,,,,,
Otsego,Unadilla 1 ,Governor,,REP,Marc Molinaro,241,,,,,,,,,,
Otsego,Unadilla 2 ,Governor,,REP,Marc Molinaro,303,,,,,,,,,,
Otsego,Unadilla 3 ,Governor,,REP,Marc Molinaro,160,,,,,,,,,,
Otsego,Westford 1 ,Governor,,REP,Marc Molinaro,221,,,,,,,,,,
Otsego,Worcester 1 ,Governor,,REP,Marc Molinaro,174,,,,,,,,,,
Otsego,Worcester 2 ,Governor,,REP,Marc Molinaro,113,,,,,,,,,,
Otsego,Worcester 3 ,Governor,,REP,Marc Molinaro,177,,,,,,,,,,
Otsego,Oneonta City Ward 1 ,Governor,,REP,Marc Molinaro,195,,,,,,,,,,
Otsego,Oneonta City Ward 2 ,Governor,,REP,Marc Molinaro,93,,,,,,,,,,
Otsego,Oneonta City Ward 3 ,Governor,,REP,Marc Molinaro,55,,,,,,,,,,
Otsego,Oneonta City Ward 4 ,Governor,,REP,Marc Molinaro,77,,,,,,,,,,
Otsego,Oneonta City Ward 5 ,Governor,,REP,Marc Molinaro,161,,,,,,,,,,
Otsego,Oneonta City Ward 6 ,Governor,,REP,Marc Molinaro,188,,,,,,,,,,
Otsego,Oneonta City Ward 7 ,Governor,,REP,Marc Molinaro,62,,,,,,,,,,
Otsego,Oneonta City Ward 8 ,Governor,,REP,Marc Molinaro,70,,,,,,,,,,
Otsego,Burlington 1 ,Governor,,CON,Marc Molinaro,31,,,,,,,,,,
Otsego,Butternuts 1 ,Governor,,CON,Marc Molinaro,13,,,,,,,,,,
Otsego,Butternuts 2 ,Governor,,CON,Marc Molinaro,16,,,,,,,,,,
Otsego,Cherry Valley 1 ,Governor,,CON,Marc Molinaro,31,,,,,,,,,,
Otsego,Decatur 1 ,Governor,,CON,Marc Molinaro,13,,,,,,,,,,
Otsego,Edmeston 1 ,Governor,,CON,Marc Molinaro,45,,,,,,,,,,
Otsego,Exeter 1 ,Governor,,CON,Marc Molinaro,13,,,,,,,,,,
Otsego,Hartwick 1 ,Governor,,CON,Marc Molinaro,39,,,,,,,,,,
Otsego,Hartwick 2 ,Governor,,CON,Marc Molinaro,11,,,,,,,,,,
Otsego,Laurens 1 ,Governor,,CON,Marc Molinaro,26,,,,,,,,,,
Otsego,Laurens 2 ,Governor,,CON,Marc Molinaro,26,,,,,,,,,,
Otsego,Maryland 1 ,Governor,,CON,Marc Molinaro,8,,,,,,,,,,
Otsego,Maryland 2 ,Governor,,CON,Marc Molinaro,22,,,,,,,,,,
Otsego,Middlefield 1 ,Governor,,CON,Marc Molinaro,14,,,,,,,,,,
Otsego,Middlefield 2 ,Governor,,CON,Marc Molinaro,23,,,,,,,,,,
Otsego,Milford 1 ,Governor,,CON,Marc Molinaro,18,,,,,,,,,,
Otsego,Milford 2 ,Governor,,CON,Marc Molinaro,23,,,,,,,,,,
Otsego,Morris 1 ,Governor,,CON,Marc Molinaro,28,,,,,,,,,,
Otsego,New Lisbon 1 ,Governor,,CON,Marc Molinaro,33,,,,,,,,,,
Otsego,Oneonta 1 ,Governor,,CON,Marc Molinaro,26,,,,,,,,,,
Otsego,Oneonta 2 ,Governor,,CON,Marc Molinaro,26,,,,,,,,,,
Otsego,Oneonta 3 ,Governor,,CON,Marc Molinaro,16,,,,,,,,,,
Otsego,Oneonta 4 ,Governor,,CON,Marc Molinaro,15,,,,,,,,,,
Otsego,Otego 1 ,Governor,,CON,Marc Molinaro,32,,,,,,,,,,
Otsego,Otego 2 ,Governor,,CON,Marc Molinaro,35,,,,,,,,,,
Otsego,Otsego 1 ,Governor,,CON,Marc Molinaro,26,,,,,,,,,,
Otsego,Otsego 2 ,Governor,,CON,Marc Molinaro,13,,,,,,,,,,
Otsego,Otsego 3 ,Governor,,CON,Marc Molinaro,37,,,,,,,,,,
Otsego,Pittsfield 1 ,Governor,,CON,Marc Molinaro,15,,,,,,,,,,
Otsego,Plainfield 1 ,Governor,,CON,Marc Molinaro,20,,,,,,,,,,
Otsego,Richfield 1 ,Governor,,CON,Marc Molinaro,28,,,,,,,,,,
Otsego,Richfield 2 ,Governor,,CON,Marc Molinaro,28,,,,,,,,,,
Otsego,Roseboom 1 ,Governor,,CON,Marc Molinaro,8,,,,,,,,,,
Otsego,Springfield 1 ,Governor,,CON,Marc Molinaro,33,,,,,,,,,,
Otsego,Unadilla 1 ,Governor,,CON,Marc Molinaro,22,,,,,,,,,,
Otsego,Unadilla 2 ,Governor,,CON,Marc Molinaro,20,,,,,,,,,,
Otsego,Unadilla 3 ,Governor,,CON,Marc Molinaro,16,,,,,,,,,,
Otsego,Westford 1 ,Governor,,CON,Marc Molinaro,27,,,,,,,,,,
Otsego,Worcester 1 ,Governor,,CON,Marc Molinaro,28,,,,,,,,,,
Otsego,Worcester 2 ,Governor,,CON,Marc Molinaro,22,,,,,,,,,,
Otsego,Worcester 3 ,Governor,,CON,Marc Molinaro,19,,,,,,,,,,
Otsego,Oneonta City Ward 1 ,Governor,,CON,Marc Molinaro,13,,,,,,,,,,
Otsego,Oneonta City Ward 2 ,Governor,,CON,Marc Molinaro,15,,,,,,,,,,
Otsego,Oneonta City Ward 3 ,Governor,,CON,Marc Molinaro,4,,,,,,,,,,
Otsego,Oneonta City Ward 4 ,Governor,,CON,Marc Molinaro,3,,,,,,,,,,
Otsego,Oneonta City Ward 5 ,Governor,,CON,Marc Molinaro,11,,,,,,,,,,
Otsego,Oneonta City Ward 6 ,Governor,,CON,Marc Molinaro,9,,,,,,,,,,
Otsego,Oneonta City Ward 7 ,Governor,,CON,Marc Molinaro,2,,,,,,,,,,
Otsego,Oneonta City Ward 8 ,Governor,,CON,Marc Molinaro,4,,,,,,,,,,
Otsego,Burlington 1 ,Governor,,GRE,Howie Hawkins,8,,,,,,,,,,
Otsego,Butternuts 1 ,Governor,,GRE,Howie Hawkins,7,,,,,,,,,,
Otsego,Butternuts 2 ,Governor,,GRE,Howie Hawkins,12,,,,,,,,,,
Otsego,Cherry Valley 1 ,Governor,,GRE,Howie Hawkins,10,,,,,,,,,,
Otsego,Decatur 1 ,Governor,,GRE,Howie Hawkins,2,,,,,,,,,,
Otsego,Edmeston 1 ,Governor,,GRE,Howie Hawkins,10,,,,,,,,,,
Otsego,Exeter 1 ,Governor,,GRE,Howie Hawkins,1,,,,,,,,,,
Otsego,Hartwick 1 ,Governor,,GRE,Howie Hawkins,15,,,,,,,,,,
Otsego,Hartwick 2 ,Governor,,GRE,Howie Hawkins,7,,,,,,,,,,
Otsego,Laurens 1 ,Governor,,GRE,Howie Hawkins,6,,,,,,,,,,
Otsego,Laurens 2 ,Governor,,GRE,Howie Hawkins,19,,,,,,,,,,
Otsego,Maryland 1 ,Governor,,GRE,Howie Hawkins,4,,,,,,,,,,
Otsego,Maryland 2 ,Governor,,GRE,Howie Hawkins,7,,,,,,,,,,
Otsego,Middlefield 1 ,Governor,,GRE,Howie Hawkins,8,,,,,,,,,,
Otsego,Middlefield 2 ,Governor,,GRE,Howie Hawkins,16,,,,,,,,,,
Otsego,Milford 1 ,Governor,,GRE,Howie Hawkins,3,,,,,,,,,,
Otsego,Milford 2 ,Governor,,GRE,Howie Hawkins,16,,,,,,,,,,
Otsego,Morris 1 ,Governor,,GRE,Howie Hawkins,15,,,,,,,,,,
Otsego,New Lisbon 1 ,Governor,,GRE,Howie Hawkins,7,,,,,,,,,,
Otsego,Oneonta 1 ,Governor,,GRE,Howie Hawkins,11,,,,,,,,,,
Otsego,Oneonta 2 ,Governor,,GRE,Howie Hawkins,11,,,,,,,,,,
Otsego,Oneonta 3 ,Governor,,GRE,Howie Hawkins,7,,,,,,,,,,
Otsego,Oneonta 4 ,Governor,,GRE,Howie Hawkins,6,,,,,,,,,,
Otsego,Otego 1 ,Governor,,GRE,Howie Hawkins,4,,,,,,,,,,
Otsego,Otego 2 ,Governor,,GRE,Howie Hawkins,7,,,,,,,,,,
Otsego,Otsego 1 ,Governor,,GRE,Howie Hawkins,19,,,,,,,,,,
Otsego,Otsego 2 ,Governor,,GRE,Howie Hawkins,5,,,,,,,,,,
Otsego,Otsego 3 ,Governor,,GRE,Howie Hawkins,9,,,,,,,,,,
Otsego,Pittsfield 1 ,Governor,,GRE,Howie Hawkins,4,,,,,,,,,,
Otsego,Plainfield 1 ,Governor,,GRE,Howie Hawkins,7,,,,,,,,,,
Otsego,Richfield 1 ,Governor,,GRE,Howie Hawkins,8,,,,,,,,,,
Otsego,Richfield 2 ,Governor,,GRE,Howie Hawkins,4,,,,,,,,,,
Otsego,Roseboom 1 ,Governor,,GRE,Howie Hawkins,6,,,,,,,,,,
Otsego,Springfield 1 ,Governor,,GRE,Howie Hawkins,15,,,,,,,,,,
Otsego,Unadilla 1 ,Governor,,GRE,Howie Hawkins,4,,,,,,,,,,
Otsego,Unadilla 2 ,Governor,,GRE,Howie Hawkins,6,,,,,,,,,,
Otsego,Unadilla 3 ,Governor,,GRE,Howie Hawkins,3,,,,,,,,,,
Otsego,Westford 1 ,Governor,,GRE,Howie Hawkins,5,,,,,,,,,,
Otsego,Worcester 1 ,Governor,,GRE,Howie Hawkins,4,,,,,,,,,,
Otsego,Worcester 2 ,Governor,,GRE,Howie Hawkins,3,,,,,,,,,,
Otsego,Worcester 3 ,Governor,,GRE,Howie Hawkins,5,,,,,,,,,,
Otsego,Oneonta City Ward 1 ,Governor,,GRE,Howie Hawkins,15,,,,,,,,,,
Otsego,Oneonta City Ward 2 ,Governor,,GRE,Howie Hawkins,18,,,,,,,,,,
Otsego,Oneonta City Ward 3 ,Governor,,GRE,Howie Hawkins,15,,,,,,,,,,
Otsego,Oneonta City Ward 4 ,Governor,,GRE,Howie Hawkins,10,,,,,,,,,,
Otsego,Oneonta City Ward 5 ,Governor,,GRE,Howie Hawkins,15,,,,,,,,,,
Otsego,Oneonta City Ward 6 ,Governor,,GRE,Howie Hawkins,7,,,,,,,,,,
Otsego,Oneonta City Ward 7 ,Governor,,GRE,Howie Hawkins,7,,,,,,,,,,
Otsego,Oneonta City Ward 8 ,Governor,,GRE,Howie Hawkins,9,,,,,,,,,,
Otsego,Burlington 1 ,Governor,,WOR,Andrew M. Cuomo,2,,,,,,,,,,
Otsego,Butternuts 1 ,Governor,,WOR,Andrew M. Cuomo,1,,,,,,,,,,
Otsego,Butternuts 2 ,Governor,,WOR,Andrew M. Cuomo,9,,,,,,,,,,
Otsego,Cherry Valley 1 ,Governor,,WOR,Andrew M. Cuomo,6,,,,,,,,,,
Otsego,Decatur 1 ,Governor,,WOR,Andrew M. Cuomo,1,,,,,,,,,,
Otsego,Edmeston 1 ,Governor,,WOR,Andrew M. Cuomo,3,,,,,,,,,,
Otsego,Exeter 1 ,Governor,,WOR,Andrew M. Cuomo,4,,,,,,,,,,
Otsego,Hartwick 1 ,Governor,,WOR,Andrew M. Cuomo,9,,,,,,,,,,
Otsego,Hartwick 2 ,Governor,,WOR,Andrew M. Cuomo,1,,,,,,,,,,
Otsego,Laurens 1 ,Governor,,WOR,Andrew M. Cuomo,3,,,,,,,,,,
Otsego,Laurens 2 ,Governor,,WOR,Andrew M. Cuomo,2,,,,,,,,,,
Otsego,Maryland 1 ,Governor,,WOR,Andrew M. Cuomo,1,,,,,,,,,,
Otsego,Maryland 2 ,Governor,,WOR,Andrew M. Cuomo,4,,,,,,,,,,
Otsego,Middlefield 1 ,Governor,,WOR,Andrew M. Cuomo,10,,,,,,,,,,
Otsego,Middlefield 2 ,Governor,,WOR,Andrew M. Cuomo,8,,,,,,,,,,
Otsego,Milford 1 ,Governor,,WOR,Andrew M. Cuomo,0,,,,,,,,,,
Otsego,Milford 2 ,Governor,,WOR,Andrew M. Cuomo,6,,,,,,,,,,
Otsego,Morris 1 ,Governor,,WOR,Andrew M. Cuomo,8,,,,,,,,,,
Otsego,New Lisbon 1 ,Governor,,WOR,Andrew M. Cuomo,1,,,,,,,,,,
Otsego,Oneonta 1 ,Governor,,WOR,Andrew M. Cuomo,4,,,,,,,,,,
Otsego,Oneonta 2 ,Governor,,WOR,Andrew M. Cuomo,3,,,,,,,,,,
Otsego,Oneonta 3 ,Governor,,WOR,Andrew M. Cuomo,5,,,,,,,,,,
Otsego,Oneonta 4 ,Governor,,WOR,Andrew M. Cuomo,1,,,,,,,,,,
Otsego,Otego 1 ,Governor,,WOR,Andrew M. Cuomo,4,,,,,,,,,,
Otsego,Otego 2 ,Governor,,WOR,Andrew M. Cuomo,5,,,,,,,,,,
Otsego,Otsego 1 ,Governor,,WOR,Andrew M. Cuomo,9,,,,,,,,,,
Otsego,Otsego 2 ,Governor,,WOR,Andrew M. Cuomo,6,,,,,,,,,,
Otsego,Otsego 3 ,Governor,,WOR,Andrew M. Cuomo,4,,,,,,,,,,
Otsego,Pittsfield 1 ,Governor,,WOR,Andrew M. Cuomo,0,,,,,,,,,,
Otsego,Plainfield 1 ,Governor,,WOR,Andrew M. Cuomo,1,,,,,,,,,,
Otsego,Richfield 1 ,Governor,,WOR,Andrew M. Cuomo,2,,,,,,,,,,
Otsego,Richfield 2 ,Governor,,WOR,Andrew M. Cuomo,2,,,,,,,,,,
Otsego,Roseboom 1 ,Governor,,WOR,Andrew M. Cuomo,6,,,,,,,,,,
Otsego,Springfield 1 ,Governor,,WOR,Andrew M. Cuomo,4,,,,,,,,,,
Otsego,Unadilla 1 ,Governor,,WOR,Andrew M. Cuomo,3,,,,,,,,,,
Otsego,Unadilla 2 ,Governor,,WOR,Andrew M. Cuomo,5,,,,,,,,,,
Otsego,Unadilla 3 ,Governor,,WOR,Andrew M. Cuomo,2,,,,,,,,,,
Otsego,Westford 1 ,Governor,,WOR,Andrew M. Cuomo,2,,,,,,,,,,
Otsego,Worcester 1 ,Governor,,WOR,Andrew M. Cuomo,0,,,,,,,,,,
Otsego,Worcester 2 ,Governor,,WOR,Andrew M. Cuomo,3,,,,,,,,,,
Otsego,Worcester 3 ,Governor,,WOR,Andrew M. Cuomo,1,,,,,,,,,,
Otsego,Oneonta City Ward 1 ,Governor,,WOR,Andrew M. Cuomo,6,,,,,,,,,,
Otsego,Oneonta City Ward 2 ,Governor,,WOR,Andrew M. Cuomo,11,,,,,,,,,,
Otsego,Oneonta City Ward 3 ,Governor,,WOR,Andrew M. Cuomo,4,,,,,,,,,,
Otsego,Oneonta City Ward 4 ,Governor,,WOR,Andrew M. Cuomo,9,,,,,,,,,,
Otsego,Oneonta City Ward 5 ,Governor,,WOR,Andrew M. Cuomo,6,,,,,,,,,,
Otsego,Oneonta City Ward 6 ,Governor,,WOR,Andrew M. Cuomo,6,,,,,,,,,,
Otsego,Oneonta City Ward 7 ,Governor,,WOR,Andrew M. Cuomo,10,,,,,,,,,,
Otsego,Oneonta City Ward 8 ,Governor,,WOR,Andrew M. Cuomo,8,,,,,,,,,,
Otsego,Burlington 1 ,Governor,,IND,Andrew M. Cuomo,3,,,,,,,,,,
Otsego,Butternuts 1 ,Governor,,IND,Andrew M. Cuomo,1,,,,,,,,,,
Otsego,Butternuts 2 ,Governor,,IND,Andrew M. Cuomo,2,,,,,,,,,,
Otsego,Cherry Valley 1 ,Governor,,IND,Andrew M. Cuomo,7,,,,,,,,,,
Otsego,Decatur 1 ,Governor,,IND,Andrew M. Cuomo,2,,,,,,,,,,
Otsego,Edmeston 1 ,Governor,,IND,Andrew M. Cuomo,6,,,,,,,,,,
Otsego,Exeter 1 ,Governor,,IND,Andrew M. Cuomo,1,,,,,,,,,,
Otsego,Hartwick 1 ,Governor,,IND,Andrew M. Cuomo,9,,,,,,,,,,
Otsego,Hartwick 2 ,Governor,,IND,Andrew M. Cuomo,2,,,,,,,,,,
Otsego,Laurens 1 ,Governor,,IND,Andrew M. Cuomo,3,,,,,,,,,,
Otsego,Laurens 2 ,Governor,,IND,Andrew M. Cuomo,12,,,,,,,,,,
Otsego,Maryland 1 ,Governor,,IND,Andrew M. Cuomo,1,,,,,,,,,,
Otsego,Maryland 2 ,Governor,,IND,Andrew M. Cuomo,3,,,,,,,,,,
Otsego,Middlefield 1 ,Governor,,IND,Andrew M. Cuomo,6,,,,,,,,,,
Otsego,Middlefield 2 ,Governor,,IND,Andrew M. Cuomo,4,,,,,,,,,,
Otsego,Milford 1 ,Governor,,IND,Andrew M. Cuomo,5,,,,,,,,,,
Otsego,Milford 2 ,Governor,,IND,Andrew M. Cuomo,8,,,,,,,,,,
Otsego,Morris 1 ,Governor,,IND,Andrew M. Cuomo,4,,,,,,,,,,
Otsego,New Lisbon 1 ,Governor,,IND,Andrew M. Cuomo,3,,,,,,,,,,
Otsego,Oneonta 1 ,Governor,,IND,Andrew M. Cuomo,4,,,,,,,,,,
Otsego,Oneonta 2 ,Governor,,IND,Andrew M. Cuomo,11,,,,,,,,,,
Otsego,Oneonta 3 ,Governor,,IND,Andrew M. Cuomo,4,,,,,,,,,,
Otsego,Oneonta 4 ,Governor,,IND,Andrew M. Cuomo,5,,,,,,,,,,
Otsego,Otego 1 ,Governor,,IND,Andrew M. Cuomo,2,,,,,,,,,,
Otsego,Otego 2 ,Governor,,IND,Andrew M. Cuomo,7,,,,,,,,,,
Otsego,Otsego 1 ,Governor,,IND,Andrew M. Cuomo,10,,,,,,,,,,
Otsego,Otsego 2 ,Governor,,IND,Andrew M. Cuomo,7,,,,,,,,,,
Otsego,Otsego 3 ,Governor,,IND,Andrew M. Cuomo,11,,,,,,,,,,
Otsego,Pittsfield 1 ,Governor,,IND,Andrew M. Cuomo,4,,,,,,,,,,
Otsego,Plainfield 1 ,Governor,,IND,Andrew M. Cuomo,3,,,,,,,,,,
Otsego,Richfield 1 ,Governor,,IND,Andrew M. Cuomo,4,,,,,,,,,,
Otsego,Richfield 2 ,Governor,,IND,Andrew M. Cuomo,2,,,,,,,,,,
Otsego,Roseboom 1 ,Governor,,IND,Andrew M. Cuomo,3,,,,,,,,,,
Otsego,Springfield 1 ,Governor,,IND,Andrew M. Cuomo,5,,,,,,,,,,
Otsego,Unadilla 1 ,Governor,,IND,Andrew M. Cuomo,5,,,,,,,,,,
Otsego,Unadilla 2 ,Governor,,IND,Andrew M. Cuomo,1,,,,,,,,,,
Otsego,Unadilla 3 ,Governor,,IND,Andrew M. Cuomo,0,,,,,,,,,,
Otsego,Westford 1 ,Governor,,IND,Andrew M. Cuomo,9,,,,,,,,,,
Otsego,Worcester 1 ,Governor,,IND,Andrew M. Cuomo,1,,,,,,,,,,
Otsego,Worcester 2 ,Governor,,IND,Andrew M. Cuomo,1,,,,,,,,,,
Otsego,Worcester 3 ,Governor,,IND,Andrew M. Cuomo,4,,,,,,,,,,
Otsego,Oneonta City Ward 1 ,Governor,,IND,Andrew M. Cuomo,13,,,,,,,,,,
Otsego,Oneonta City Ward 2 ,Governor,,IND,Andrew M. Cuomo,4,,,,,,,,,,
Otsego,Oneonta City Ward 3 ,Governor,,IND,Andrew M. Cuomo,6,,,,,,,,,,
Otsego,Oneonta City Ward 4 ,Governor,,IND,Andrew M. Cuomo,2,,,,,,,,,,
Otsego,Oneonta City Ward 5 ,Governor,,IND,Andrew M. Cuomo,4,,,,,,,,,,
Otsego,Oneonta City Ward 6 ,Governor,,IND,Andrew M. Cuomo,7,,,,,,,,,,
Otsego,Oneonta City Ward 7 ,Governor,,IND,Andrew M. Cuomo,7,,,,,,,,,,
Otsego,Oneonta City Ward 8 ,Governor,,IND,Andrew M. Cuomo,4,,,,,,,,,,
Otsego,Burlington 1 ,Governor,,WEP,Andrew M. Cuomo,2,,,,,,,,,,
Otsego,Butternuts 1 ,Governor,,WEP,Andrew M. Cuomo,0,,,,,,,,,,
Otsego,Butternuts 2 ,Governor,,WEP,Andrew M. Cuomo,3,,,,,,,,,,
Otsego,Cherry Valley 1 ,Governor,,WEP,Andrew M. Cuomo,7,,,,,,,,,,
Otsego,Decatur 1 ,Governor,,WEP,Andrew M. Cuomo,0,,,,,,,,,,
Otsego,Edmeston 1 ,Governor,,WEP,Andrew M. Cuomo,1,,,,,,,,,,
Otsego,Exeter 1 ,Governor,,WEP,Andrew M. Cuomo,0,,,,,,,,,,
Otsego,Hartwick 1 ,Governor,,WEP,Andrew M. Cuomo,2,,,,,,,,,,
Otsego,Hartwick 2 ,Governor,,WEP,Andrew M. Cuomo,1,,,,,,,,,,
Otsego,Laurens 1 ,Governor,,WEP,Andrew M. Cuomo,1,,,,,,,,,,
Otsego,Laurens 2 ,Governor,,WEP,Andrew M. Cuomo,3,,,,,,,,,,
Otsego,Maryland 1 ,Governor,,WEP,Andrew M. Cuomo,2,,,,,,,,,,
Otsego,Maryland 2 ,Governor,,WEP,Andrew M. Cuomo,1,,,,,,,,,,
Otsego,Middlefield 1 ,Governor,,WEP,Andrew M. Cuomo,1,,,,,,,,,,
Otsego,Middlefield 2 ,Governor,,WEP,Andrew M. Cuomo,5,,,,,,,,,,
Otsego,Milford 1 ,Governor,,WEP,Andrew M. Cuomo,1,,,,,,,,,,
Otsego,Milford 2 ,Governor,,WEP,Andrew M. Cuomo,1,,,,,,,,,,
Otsego,Morris 1 ,Governor,,WEP,Andrew M. Cuomo,6,,,,,,,,,,
Otsego,New Lisbon 1 ,Governor,,WEP,Andrew M. Cuomo,4,,,,,,,,,,
Otsego,Oneonta 1 ,Governor,,WEP,Andrew M. Cuomo,3,,,,,,,,,,
Otsego,Oneonta 2 ,Governor,,WEP,Andrew M. Cuomo,3,,,,,,,,,,
Otsego,Oneonta 3 ,Governor,,WEP,Andrew M. Cuomo,8,,,,,,,,,,
Otsego,Oneonta 4 ,Governor,,WEP,Andrew M. Cuomo,8,,,,,,,,,,
Otsego,Otego 1 ,Governor,,WEP,Andrew M. Cuomo,4,,,,,,,,,,
Otsego,Otego 2 ,Governor,,WEP,Andrew M. Cuomo,4,,,,,,,,,,
Otsego,Otsego 1 ,Governor,,WEP,Andrew M. Cuomo,7,,,,,,,,,,
Otsego,Otsego 2 ,Governor,,WEP,Andrew M. Cuomo,3,,,,,,,,,,
Otsego,Otsego 3 ,Governor,,WEP,Andrew M. Cuomo,6,,,,,,,,,,
Otsego,Pittsfield 1 ,Governor,,WEP,Andrew M. Cuomo,0,,,,,,,,,,
Otsego,Plainfield 1 ,Governor,,WEP,Andrew M. Cuomo,0,,,,,,,,,,
Otsego,Richfield 1 ,Governor,,WEP,Andrew M. Cuomo,1,,,,,,,,,,
Otsego,Richfield 2 ,Governor,,WEP,Andrew M. Cuomo,2,,,,,,,,,,
Otsego,Roseboom 1 ,Governor,,WEP,Andrew M. Cuomo,2,,,,,,,,,,
Otsego,Springfield 1 ,Governor,,WEP,Andrew M. Cuomo,4,,,,,,,,,,
Otsego,Unadilla 1 ,Governor,,WEP,Andrew M. Cuomo,2,,,,,,,,,,
Otsego,Unadilla 2 ,Governor,,WEP,Andrew M. Cuomo,3,,,,,,,,,,
Otsego,Unadilla 3 ,Governor,,WEP,Andrew M. Cuomo,0,,,,,,,,,,
Otsego,Westford 1 ,Governor,,WEP,Andrew M. Cuomo,1,,,,,,,,,,
Otsego,Worcester 1 ,Governor,,WEP,Andrew M. Cuomo,2,,,,,,,,,,
Otsego,Worcester 2 ,Governor,,WEP,Andrew M. Cuomo,1,,,,,,,,,,
Otsego,Worcester 3 ,Governor,,WEP,Andrew M. Cuomo,0,,,,,,,,,,
Otsego,Oneonta City Ward 1 ,Governor,,WEP,Andrew M. Cuomo,8,,,,,,,,,,
Otsego,Oneonta City Ward 2 ,Governor,,WEP,Andrew M. Cuomo,5,,,,,,,,,,
Otsego,Oneonta City Ward 3 ,Governor,,WEP,Andrew M. Cuomo,8,,,,,,,,,,
Otsego,Oneonta City Ward 4 ,Governor,,WEP,Andrew M. Cuomo,1,,,,,,,,,,
Otsego,Oneonta City Ward 5 ,Governor,,WEP,Andrew M. Cuomo,6,,,,,,,,,,
Otsego,Oneonta City Ward 6 ,Governor,,WEP,Andrew M. Cuomo,3,,,,,,,,,,
Otsego,Oneonta City Ward 7 ,Governor,,WEP,Andrew M. Cuomo,2,,,,,,,,,,
Otsego,Oneonta City Ward 8 ,Governor,,WEP,Andrew M. Cuomo,5,,,,,,,,,,
Otsego,Burlington 1 ,Governor,,REF,Marc Molinaro,6,,,,,,,,,,
Otsego,Butternuts 1 ,Governor,,REF,Marc Molinaro,2,,,,,,,,,,
Otsego,Butternuts 2 ,Governor,,REF,Marc Molinaro,1,,,,,,,,,,
Otsego,Cherry Valley 1 ,Governor,,REF,Marc Molinaro,1,,,,,,,,,,
Otsego,Decatur 1 ,Governor,,REF,Marc Molinaro,0,,,,,,,,,,
Otsego,Edmeston 1 ,Governor,,REF,Marc Molinaro,1,,,,,,,,,,
Otsego,Exeter 1 ,Governor,,REF,Marc Molinaro,1,,,,,,,,,,
Otsego,Hartwick 1 ,Governor,,REF,Marc Molinaro,11,,,,,,,,,,
Otsego,Hartwick 2 ,Governor,,REF,Marc Molinaro,3,,,,,,,,,,
Otsego,Laurens 1 ,Governor,,REF,Marc Molinaro,2,,,,,,,,,,
Otsego,Laurens 2 ,Governor,,REF,Marc Molinaro,0,,,,,,,,,,
Otsego,Maryland 1 ,Governor,,REF,Marc Molinaro,3,,,,,,,,,,
Otsego,Maryland 2 ,Governor,,REF,Marc Molinaro,2,,,,,,,,,,
Otsego,Middlefield 1 ,Governor,,REF,Marc Molinaro,3,,,,,,,,,,
Otsego,Middlefield 2 ,Governor,,REF,Marc Molinaro,3,,,,,,,,,,
Otsego,Milford 1 ,Governor,,REF,Marc Molinaro,5,,,,,,,,,,
Otsego,Milford 2 ,Governor,,REF,Marc Molinaro,4,,,,,,,,,,
Otsego,Morris 1 ,Governor,,REF,Marc Molinaro,8,,,,,,,,,,
Otsego,New Lisbon 1 ,Governor,,REF,Marc Molinaro,4,,,,,,,,,,
Otsego,Oneonta 1 ,Governor,,REF,Marc Molinaro,3,,,,,,,,,,
Otsego,Oneonta 2 ,Governor,,REF,Marc Molinaro,3,,,,,,,,,,
Otsego,Oneonta 3 ,Governor,,REF,Marc Molinaro,5,,,,,,,,,,
Otsego,Oneonta 4 ,Governor,,REF,Marc Molinaro,3,,,,,,,,,,
Otsego,Otego 1 ,Governor,,REF,Marc Molinaro,1,,,,,,,,,,
Otsego,Otego 2 ,Governor,,REF,Marc Molinaro,4,,,,,,,,,,
Otsego,Otsego 1 ,Governor,,REF,Marc Molinaro,12,,,,,,,,,,
Otsego,Otsego 2 ,Governor,,REF,Marc Molinaro,3,,,,,,,,,,
Otsego,Otsego 3 ,Governor,,REF,Marc Molinaro,7,,,,,,,,,,
Otsego,Pittsfield 1 ,Governor,,REF,Marc Molinaro,2,,,,,,,,,,
Otsego,Plainfield 1 ,Governor,,REF,Marc Molinaro,1,,,,,,,,,,
Otsego,Richfield 1 ,Governor,,REF,Marc Molinaro,2,,,,,,,,,,
Otsego,Richfield 2 ,Governor,,REF,Marc Molinaro,3,,,,,,,,,,
Otsego,Roseboom 1 ,Governor,,REF,Marc Molinaro,2,,,,,,,,,,
Otsego,Springfield 1 ,Governor,,REF,Marc Molinaro,3,,,,,,,,,,
Otsego,Unadilla 1 ,Governor,,REF,Marc Molinaro,3,,,,,,,,,,
Otsego,Unadilla 2 ,Governor,,REF,Marc Molinaro,1,,,,,,,,,,
Otsego,Unadilla 3 ,Governor,,REF,Marc Molinaro,3,,,,,,,,,,
Otsego,Westford 1 ,Governor,,REF,Marc Molinaro,1,,,,,,,,,,
Otsego,Worcester 1 ,Governor,,REF,Marc Molinaro,3,,,,,,,,,,
Otsego,Worcester 2 ,Governor,,REF,Marc Molinaro,1,,,,,,,,,,
Otsego,Worcester 3 ,Governor,,REF,Marc Molinaro,2,,,,,,,,,,
Otsego,Oneonta City Ward 1 ,Governor,,REF,Marc Molinaro,2,,,,,,,,,,
Otsego,Oneonta City Ward 2 ,Governor,,REF,Marc Molinaro,3,,,,,,,,,,
Otsego,Oneonta City Ward 3 ,Governor,,REF,Marc Molinaro,0,,,,,,,,,,
Otsego,Oneonta City Ward 4 ,Governor,,REF,Marc Molinaro,0,,,,,,,,,,
Otsego,Oneonta City Ward 5 ,Governor,,REF,Marc Molinaro,3,,,,,,,,,,
Otsego,Oneonta City Ward 6 ,Governor,,REF,Marc Molinaro,6,,,,,,,,,,
Otsego,Oneonta City Ward 7 ,Governor,,REF,Marc Molinaro,0,,,,,,,,,,
Otsego,Oneonta City Ward 8 ,Governor,,REF,Marc Molinaro,0,,,,,,,,,,
Otsego,Burlington 1 ,Governor,,SAM,Stephanie A. Miner,4,,,,,,,,,,
Otsego,Butternuts 1 ,Governor,,SAM,Stephanie A. Miner,1,,,,,,,,,,
Otsego,Butternuts 2 ,Governor,,SAM,Stephanie A. Miner,5,,,,,,,,,,
Otsego,Cherry Valley 1 ,Governor,,SAM,Stephanie A. Miner,7,,,,,,,,,,
Otsego,Decatur 1 ,Governor,,SAM,Stephanie A. Miner,1,,,,,,,,,,
Otsego,Edmeston 1 ,Governor,,SAM,Stephanie A. Miner,7,,,,,,,,,,
Otsego,Exeter 1 ,Governor,,SAM,Stephanie A. Miner,1,,,,,,,,,,
Otsego,Hartwick 1 ,Governor,,SAM,Stephanie A. Miner,12,,,,,,,,,,
Otsego,Hartwick 2 ,Governor,,SAM,Stephanie A. Miner,4,,,,,,,,,,
Otsego,Laurens 1 ,Governor,,SAM,Stephanie A. Miner,0,,,,,,,,,,
Otsego,Laurens 2 ,Governor,,SAM,Stephanie A. Miner,4,,,,,,,,,,
Otsego,Maryland 1 ,Governor,,SAM,Stephanie A. Miner,2,,,,,,,,,,
Otsego,Maryland 2 ,Governor,,SAM,Stephanie A. Miner,3,,,,,,,,,,
Otsego,Middlefield 1 ,Governor,,SAM,Stephanie A. Miner,8,,,,,,,,,,
Otsego,Middlefield 2 ,Governor,,SAM,Stephanie A. Miner,8,,,,,,,,,,
Otsego,Milford 1 ,Governor,,SAM,Stephanie A. Miner,3,,,,,,,,,,
Otsego,Milford 2 ,Governor,,SAM,Stephanie A. Miner,11,,,,,,,,,,
Otsego,Morris 1 ,Governor,,SAM,Stephanie A. Miner,10,,,,,,,,,,
Otsego,New Lisbon 1 ,Governor,,SAM,Stephanie A. Miner,3,,,,,,,,,,
Otsego,Oneonta 1 ,Governor,,SAM,Stephanie A. Miner,8,,,,,,,,,,
Otsego,Oneonta 2 ,Governor,,SAM,Stephanie A. Miner,10,,,,,,,,,,
Otsego,Oneonta 3 ,Governor,,SAM,Stephanie A. Miner,11,,,,,,,,,,
Otsego,Oneonta 4 ,Governor,,SAM,Stephanie A. Miner,2,,,,,,,,,,
Otsego,Otego 1 ,Governor,,SAM,Stephanie A. Miner,11,,,,,,,,,,
Otsego,Otego 2 ,Governor,,SAM,Stephanie A. Miner,5,,,,,,,,,,
Otsego,Otsego 1 ,Governor,,SAM,Stephanie A. Miner,22,,,,,,,,,,
Otsego,Otsego 2 ,Governor,,SAM,Stephanie A. Miner,13,,,,,,,,,,
Otsego,Otsego 3 ,Governor,,SAM,Stephanie A. Miner,8,,,,,,,,,,
Otsego,Pittsfield 1 ,Governor,,SAM,Stephanie A. Miner,3,,,,,,,,,,
Otsego,Plainfield 1 ,Governor,,SAM,Stephanie A. Miner,5,,,,,,,,,,
Otsego,Richfield 1 ,Governor,,SAM,Stephanie A. Miner,5,,,,,,,,,,
Otsego,Richfield 2 ,Governor,,SAM,Stephanie A. Miner,5,,,,,,,,,,
Otsego,Roseboom 1 ,Governor,,SAM,Stephanie A. Miner,5,,,,,,,,,,
Otsego,Springfield 1 ,Governor,,SAM,Stephanie A. Miner,10,,,,,,,,,,
Otsego,Unadilla 1 ,Governor,,SAM,Stephanie A. Miner,4,,,,,,,,,,
Otsego,Unadilla 2 ,Governor,,SAM,Stephanie A. Miner,2,,,,,,,,,,
Otsego,Unadilla 3 ,Governor,,SAM,Stephanie A. Miner,3,,,,,,,,,,
Otsego,Westford 1 ,Governor,,SAM,Stephanie A. Miner,3,,,,,,,,,,
Otsego,Worcester 1 ,Governor,,SAM,Stephanie A. Miner,1,,,,,,,,,,
Otsego,Worcester 2 ,Governor,,SAM,Stephanie A. Miner,3,,,,,,,,,,
Otsego,Worcester 3 ,Governor,,SAM,Stephanie A. Miner,2,,,,,,,,,,
Otsego,Oneonta City Ward 1 ,Governor,,SAM,Stephanie A. Miner,11,,,,,,,,,,
Otsego,Oneonta City Ward 2 ,Governor,,SAM,Stephanie A. Miner,5,,,,,,,,,,
Otsego,Oneonta City Ward 3 ,Governor,,SAM,Stephanie A. Miner,4,,,,,,,,,,
Otsego,Oneonta City Ward 4 ,Governor,,SAM,Stephanie A. Miner,10,,,,,,,,,,
Otsego,Oneonta City Ward 5 ,Governor,,SAM,Stephanie A. Miner,6,,,,,,,,,,
Otsego,Oneonta City Ward 6 ,Governor,,SAM,Stephanie A. Miner,9,,,,,,,,,,
Otsego,Oneonta City Ward 7 ,Governor,,SAM,Stephanie A. Miner,6,,,,,,,,,,
Otsego,Oneonta City Ward 8 ,Governor,,SAM,Stephanie A. Miner,7,,,,,,,,,,
Otsego,Burlington 1 ,Governor,,LBT,Larry Sharpe,12,,,,,,,,,,
Otsego,Butternuts 1 ,Governor,,LBT,Larry Sharpe,9,,,,,,,,,,
Otsego,Butternuts 2 ,Governor,,LBT,Larry Sharpe,22,,,,,,,,,,
Otsego,Cherry Valley 1 ,Governor,,LBT,Larry Sharpe,25,,,,,,,,,,
Otsego,Decatur 1 ,Governor,,LBT,Larry Sharpe,2,,,,,,,,,,
Otsego,Edmeston 1 ,Governor,,LBT,Larry Sharpe,22,,,,,,,,,,
Otsego,Exeter 1 ,Governor,,LBT,Larry Sharpe,12,,,,,,,,,,
Otsego,Hartwick 1 ,Governor,,LBT,Larry Sharpe,18,,,,,,,,,,
Otsego,Hartwick 2 ,Governor,,LBT,Larry Sharpe,6,,,,,,,,,,
Otsego,Laurens 1 ,Governor,,LBT,Larry Sharpe,7,,,,,,,,,,
Otsego,Laurens 2 ,Governor,,LBT,Larry Sharpe,27,,,,,,,,,,
Otsego,Maryland 1 ,Governor,,LBT,Larry Sharpe,10,,,,,,,,,,
Otsego,Maryland 2 ,Governor,,LBT,Larry Sharpe,17,,,,,,,,,,
Otsego,Middlefield 1 ,Governor,,LBT,Larry Sharpe,7,,,,,,,,,,
Otsego,Middlefield 2 ,Governor,,LBT,Larry Sharpe,12,,,,,,,,,,
Otsego,Milford 1 ,Governor,,LBT,Larry Sharpe,22,,,,,,,,,,
Otsego,Milford 2 ,Governor,,LBT,Larry Sharpe,24,,,,,,,,,,
Otsego,Morris 1 ,Governor,,LBT,Larry Sharpe,29,,,,,,,,,,
Otsego,New Lisbon 1 ,Governor,,LBT,Larry Sharpe,23,,,,,,,,,,
Otsego,Oneonta 1 ,Governor,,LBT,Larry Sharpe,14,,,,,,,,,,
Otsego,Oneonta 2 ,Governor,,LBT,Larry Sharpe,17,,,,,,,,,,
Otsego,Oneonta 3 ,Governor,,LBT,Larry Sharpe,15,,,,,,,,,,
Otsego,Oneonta 4 ,Governor,,LBT,Larry Sharpe,8,,,,,,,,,,
Otsego,Otego 1 ,Governor,,LBT,Larry Sharpe,30,,,,,,,,,,
Otsego,Otego 2 ,Governor,,LBT,Larry Sharpe,28,,,,,,,,,,
Otsego,Otsego 1 ,Governor,,LBT,Larry Sharpe,13,,,,,,,,,,
Otsego,Otsego 2 ,Governor,,LBT,Larry Sharpe,2,,,,,,,,,,
Otsego,Otsego 3 ,Governor,,LBT,Larry Sharpe,13,,,,,,,,,,
Otsego,Pittsfield 1 ,Governor,,LBT,Larry Sharpe,19,,,,,,,,,,
Otsego,Plainfield 1 ,Governor,,LBT,Larry Sharpe,18,,,,,,,,,,
Otsego,Richfield 1 ,Governor,,LBT,Larry Sharpe,9,,,,,,,,,,
Otsego,Richfield 2 ,Governor,,LBT,Larry Sharpe,14,,,,,,,,,,
Otsego,Roseboom 1 ,Governor,,LBT,Larry Sharpe,6,,,,,,,,,,
Otsego,Springfield 1 ,Governor,,LBT,Larry Sharpe,20,,,,,,,,,,
Otsego,Unadilla 1 ,Governor,,LBT,Larry Sharpe,10,,,,,,,,,,
Otsego,Unadilla 2 ,Governor,,LBT,Larry Sharpe,22,,,,,,,,,,
Otsego,Unadilla 3 ,Governor,,LBT,Larry Sharpe,8,,,,,,,,,,
Otsego,Westford 1 ,Governor,,LBT,Larry Sharpe,16,,,,,,,,,,
Otsego,Worcester 1 ,Governor,,LBT,Larry Sharpe,16,,,,,,,,,,
Otsego,Worcester 2 ,Governor,,LBT,Larry Sharpe,8,,,,,,,,,,
Otsego,Worcester 3 ,Governor,,LBT,Larry Sharpe,10,,,,,,,,,,
Otsego,Oneonta City Ward 1 ,Governor,,LBT,Larry Sharpe,19,,,,,,,,,,
Otsego,Oneonta City Ward 2 ,Governor,,LBT,Larry Sharpe,6,,,,,,,,,,
Otsego,Oneonta City Ward 3 ,Governor,,LBT,Larry Sharpe,10,,,,,,,,,,
Otsego,Oneonta City Ward 4 ,Governor,,LBT,Larry Sharpe,10,,,,,,,,,,
Otsego,Oneonta City Ward 5 ,Governor,,LBT,Larry Sharpe,19,,,,,,,,,,
Otsego,Oneonta City Ward 6 ,Governor,,LBT,Larry Sharpe,20,,,,,,,,,,
Otsego,Oneonta City Ward 7 ,Governor,,LBT,Larry Sharpe,11,,,,,,,,,,
Otsego,Oneonta City Ward 8 ,Governor,,LBT,Larry Sharpe,9,,,,,,,,,,
Otsego,Burlington 1 ,Governor,,,Under Votes,17,,,,,,,,,,
Otsego,Butternuts 1 ,Governor,,,Under Votes,11,,,,,,,,,,
Otsego,Butternuts 2 ,Governor,,,Under Votes,23,,,,,,,,,,
Otsego,Cherry Valley 1 ,Governor,,,Under Votes,24,,,,,,,,,,
Otsego,Decatur 1 ,Governor,,,Under Votes,12,,,,,,,,,,
Otsego,Edmeston 1 ,Governor,,,Under Votes,26,,,,,,,,,,
Otsego,Exeter 1 ,Governor,,,Under Votes,15,,,,,,,,,,
Otsego,Hartwick 1 ,Governor,,,Under Votes,36,,,,,,,,,,
Otsego,Hartwick 2 ,Governor,,,Under Votes,19,,,,,,,,,,
Otsego,Laurens 1 ,Governor,,,Under Votes,22,,,,,,,,,,
Otsego,Laurens 2 ,Governor,,,Under Votes,17,,,,,,,,,,
Otsego,Maryland 1 ,Governor,,,Under Votes,16,,,,,,,,,,
Otsego,Maryland 2 ,Governor,,,Under Votes,26,,,,,,,,,,
Otsego,Middlefield 1 ,Governor,,,Under Votes,20,,,,,,,,,,
Otsego,Middlefield 2 ,Governor,,,Under Votes,23,,,,,,,,,,
Otsego,Milford 1 ,Governor,,,Under Votes,22,,,,,,,,,,
Otsego,Milford 2 ,Governor,,,Under Votes,41,,,,,,,,,,
Otsego,Morris 1 ,Governor,,,Under Votes,38,,,,,,,,,,
Otsego,New Lisbon 1 ,Governor,,,Under Votes,23,,,,,,,,,,
Otsego,Oneonta 1 ,Governor,,,Under Votes,32,,,,,,,,,,
Otsego,Oneonta 2 ,Governor,,,Under Votes,28,,,,,,,,,,
Otsego,Oneonta 3 ,Governor,,,Under Votes,16,,,,,,,,,,
Otsego,Oneonta 4 ,Governor,,,Under Votes,23,,,,,,,,,,
Otsego,Otego 1 ,Governor,,,Under Votes,15,,,,,,,,,,
Otsego,Otego 2 ,Governor,,,Under Votes,30,,,,,,,,,,
Otsego,Otsego 1 ,Governor,,,Under Votes,49,,,,,,,,,,
Otsego,Otsego 2 ,Governor,,,Under Votes,20,,,,,,,,,,
Otsego,Otsego 3 ,Governor,,,Under Votes,39,,,,,,,,,,
Otsego,Pittsfield 1 ,Governor,,,Under Votes,22,,,,,,,,,,
Otsego,Plainfield 1 ,Governor,,,Under Votes,12,,,,,,,,,,
Otsego,Richfield 1 ,Governor,,,Under Votes,21,,,,,,,,,,
Otsego,Richfield 2 ,Governor,,,Under Votes,23,,,,,,,,,,
Otsego,Roseboom 1 ,Governor,,,Under Votes,17,,,,,,,,,,
Otsego,Springfield 1 ,Governor,,,Under Votes,16,,,,,,,,,,
Otsego,Unadilla 1 ,Governor,,,Under Votes,18,,,,,,,,,,
Otsego,Unadilla 2 ,Governor,,,Under Votes,17,,,,,,,,,,
Otsego,Unadilla 3 ,Governor,,,Under Votes,14,,,,,,,,,,
Otsego,Westford 1 ,Governor,,,Under Votes,21,,,,,,,,,,
Otsego,Worcester 1 ,Governor,,,Under Votes,10,,,,,,,,,,
Otsego,Worcester 2 ,Governor,,,Under Votes,17,,,,,,,,,,
Otsego,Worcester 3 ,Governor,,,Under Votes,12,,,,,,,,,,
Otsego,Oneonta City Ward 1 ,Governor,,,Under Votes,26,,,,,,,,,,
Otsego,Oneonta City Ward 2 ,Governor,,,Under Votes,14,,,,,,,,,,
Otsego,Oneonta City Ward 3 ,Governor,,,Under Votes,11,,,,,,,,,,
Otsego,Oneonta City Ward 4 ,Governor,,,Under Votes,12,,,,,,,,,,
Otsego,Oneonta City Ward 5 ,Governor,,,Under Votes,21,,,,,,,,,,
Otsego,Oneonta City Ward 6 ,Governor,,,Under Votes,20,,,,,,,,,,
Otsego,Oneonta City Ward 7 ,Governor,,,Under Votes,8,,,,,,,,,,
Otsego,Oneonta City Ward 8 ,Governor,,,Under Votes,13,,,,,,,,,,
Otsego,Burlington 1 ,Governor,,,Over Votes,2,,,,,,,,,,
Otsego,Butternuts 1 ,Governor,,,Over Votes,0,,,,,,,,,,
Otsego,Butternuts 2 ,Governor,,,Over Votes,0,,,,,,,,,,
Otsego,Cherry Valley 1 ,Governor,,,Over Votes,5,,,,,,,,,,
Otsego,Decatur 1 ,Governor,,,Over Votes,0,,,,,,,,,,
Otsego,Edmeston 1 ,Governor,,,Over Votes,0,,,,,,,,,,
Otsego,Exeter 1 ,Governor,,,Over Votes,0,,,,,,,,,,
Otsego,Hartwick 1 ,Governor,,,Over Votes,0,,,,,,,,,,
Otsego,Hartwick 2 ,Governor,,,Over Votes,1,,,,,,,,,,
Otsego,Laurens 1 ,Governor,,,Over Votes,1,,,,,,,,,,
Otsego,Laurens 2 ,Governor,,,Over Votes,1,,,,,,,,,,
Otsego,Maryland 1 ,Governor,,,Over Votes,1,,,,,,,,,,
Otsego,Maryland 2 ,Governor,,,Over Votes,1,,,,,,,,,,
Otsego,Middlefield 1 ,Governor,,,Over Votes,3,,,,,,,,,,
Otsego,Middlefield 2 ,Governor,,,Over Votes,3,,,,,,,,,,
Otsego,Milford 1 ,Governor,,,Over Votes,3,,,,,,,,,,
Otsego,Milford 2 ,Governor,,,Over Votes,0,,,,,,,,,,
Otsego,Morris 1 ,Governor,,,Over Votes,1,,,,,,,,,,
Otsego,New Lisbon 1 ,Governor,,,Over Votes,2,,,,,,,,,,
Otsego,Oneonta 1 ,Governor,,,Over Votes,1,,,,,,,,,,
Otsego,Oneonta 2 ,Governor,,,Over Votes,1,,,,,,,,,,
Otsego,Oneonta 3 ,Governor,,,Over Votes,1,,,,,,,,,,
Otsego,Oneonta 4 ,Governor,,,Over Votes,1,,,,,,,,,,
Otsego,Otego 1 ,Governor,,,Over Votes,2,,,,,,,,,,
Otsego,Otego 2 ,Governor,,,Over Votes,1,,,,,,,,,,
Otsego,Otsego 1 ,Governor,,,Over Votes,3,,,,,,,,,,
Otsego,Otsego 2 ,Governor,,,Over Votes,0,,,,,,,,,,
Otsego,Otsego 3 ,Governor,,,Over Votes,1,,,,,,,,,,
Otsego,Pittsfield 1 ,Governor,,,Over Votes,0,,,,,,,,,,
Otsego,Plainfield 1 ,Governor,,,Over Votes,2,,,,,,,,,,
Otsego,Richfield 1 ,Governor,,,Over Votes,7,,,,,,,,,,
Otsego,Richfield 2 ,Governor,,,Over Votes,1,,,,,,,,,,
Otsego,Roseboom 1 ,Governor,,,Over Votes,0,,,,,,,,,,
Otsego,Springfield 1 ,Governor,,,Over Votes,1,,,,,,,,,,
Otsego,Unadilla 1 ,Governor,,,Over Votes,2,,,,,,,,,,
Otsego,Unadilla 2 ,Governor,,,Over Votes,5,,,,,,,,,,
Otsego,Unadilla 3 ,Governor,,,Over Votes,2,,,,,,,,,,
Otsego,Westford 1 ,Governor,,,Over Votes,0,,,,,,,,,,
Otsego,Worcester 1 ,Governor,,,Over Votes,1,,,,,,,,,,
Otsego,Worcester 2 ,Governor,,,Over Votes,0,,,,,,,,,,
Otsego,Worcester 3 ,Governor,,,Over Votes,1,,,,,,,,,,
Otsego,Oneonta City Ward 1 ,Governor,,,Over Votes,0,,,,,,,,,,
Otsego,Oneonta City Ward 2 ,Governor,,,Over Votes,0,,,,,,,,,,
Otsego,Oneonta City Ward 3 ,Governor,,,Over Votes,0,,,,,,,,,,
Otsego,Oneonta City Ward 4 ,Governor,,,Over Votes,1,,,,,,,,,,
Otsego,Oneonta City Ward 5 ,Governor,,,Over Votes,1,,,,,,,,,,
Otsego,Oneonta City Ward 6 ,Governor,,,Over Votes,2,,,,,,,,,,
Otsego,Oneonta City Ward 7 ,Governor,,,Over Votes,1,,,,,,,,,,
Otsego,Oneonta City Ward 8 ,Governor,,,Over Votes,2,,,,,,,,,,
Otsego,Burlington 1 ,Governor,,,Write-ins,1,,,,,,,,,,
Otsego,Butternuts 1 ,Governor,,,Write-ins,0,,,,,,,,,,
Otsego,Butternuts 2 ,Governor,,,Write-ins,0,,,,,,,,,,
Otsego,Cherry Valley 1 ,Governor,,,Write-ins,0,,,,,,,,,,
Otsego,Decatur 1 ,Governor,,,Write-ins,0,,,,,,,,,,
Otsego,Edmeston 1 ,Governor,,,Write-ins,0,,,,,,,,,,
Otsego,Exeter 1 ,Governor,,,Write-ins,0,,,,,,,,,,
Otsego,Hartwick 1 ,Governor,,,Write-ins,0,,,,,,,,,,
Otsego,Hartwick 2 ,Governor,,,Write-ins,1,,,,,,,,,,
Otsego,Laurens 1 ,Governor,,,Write-ins,0,,,,,,,,,,
Otsego,Laurens 2 ,Governor,,,Write-ins,0,,,,,,,,,,
Otsego,Maryland 1 ,Governor,,,Write-ins,0,,,,,,,,,,
Otsego,Maryland 2 ,Governor,,,Write-ins,0,,,,,,,,,,
Otsego,Middlefield 1 ,Governor,,,Write-ins,0,,,,,,,,,,
Otsego,Middlefield 2 ,Governor,,,Write-ins,0,,,,,,,,,,
Otsego,Milford 1 ,Governor,,,Write-ins,0,,,,,,,,,,
Otsego,Milford 2 ,Governor,,,Write-ins,2,,,,,,,,,,
Otsego,Morris 1 ,Governor,,,Write-ins,0,,,,,,,,,,
Otsego,New Lisbon 1 ,Governor,,,Write-ins,0,,,,,,,,,,
Otsego,Oneonta 1 ,Governor,,,Write-ins,0,,,,,,,,,,
Otsego,Oneonta 2 ,Governor,,,Write-ins,1,,,,,,,,,,
Otsego,Oneonta 3 ,Governor,,,Write-ins,1,,,,,,,,,,
Otsego,Oneonta 4 ,Governor,,,Write-ins,0,,,,,,,,,,
Otsego,Otego 1 ,Governor,,,Write-ins,1,,,,,,,,,,
Otsego,Otego 2 ,Governor,,,Write-ins,1,,,,,,,,,,
Otsego,Otsego 1 ,Governor,,,Write-ins,2,,,,,,,,,,
Otsego,Otsego 2 ,Governor,,,Write-ins,1,,,,,,,,,,
Otsego,Otsego 3 ,Governor,,,Write-ins,0,,,,,,,,,,
Otsego,Pittsfield 1 ,Governor,,,Write-ins,0,,,,,,,,,,
Otsego,Plainfield 1 ,Governor,,,Write-ins,0,,,,,,,,,,
Otsego,Richfield 1 ,Governor,,,Write-ins,0,,,,,,,,,,
Otsego,Richfield 2 ,Governor,,,Write-ins,0,,,,,,,,,,
Otsego,Roseboom 1 ,Governor,,,Write-ins,0,,,,,,,,,,
Otsego,Springfield 1 ,Governor,,,Write-ins,1,,,,,,,,,,
Otsego,Unadilla 1 ,Governor,,,Write-ins,0,,,,,,,,,,
Otsego,Unadilla 2 ,Governor,,,Write-ins,0,,,,,,,,,,
Otsego,Unadilla 3 ,Governor,,,Write-ins,0,,,,,,,,,,
Otsego,Westford 1 ,Governor,,,Write-ins,0,,,,,,,,,,
Otsego,Worcester 1 ,Governor,,,Write-ins,1,,,,,,,,,,
Otsego,Worcester 2 ,Governor,,,Write-ins,1,,,,,,,,,,
Otsego,Worcester 3 ,Governor,,,Write-ins,1,,,,,,,,,,
Otsego,Oneonta City Ward 1 ,Governor,,,Write-ins,0,,,,,,,,,,
Otsego,Oneonta City Ward 2 ,Governor,,,Write-ins,0,,,,,,,,,,
Otsego,Oneonta City Ward 3 ,Governor,,,Write-ins,1,,,,,,,,,,
Otsego,Oneonta City Ward 4 ,Governor,,,Write-ins,2,,,,,,,,,,
Otsego,Oneonta City Ward 5 ,Governor,,,Write-ins,0,,,,,,,,,,
Otsego,Oneonta City Ward 6 ,Governor,,,Write-ins,0,,,,,,,,,,
Otsego,Oneonta City Ward 7 ,Governor,,,Write-ins,0,,,,,,,,,,
Otsego,Oneonta City Ward 8 ,Governor,,,Write-ins,1,,,,,,,,,,
Otsego,Burlington 1 ,Comptroller,,DEM,Thomas P. DiNapoli,147,,,,,,,,,,
Otsego,Butternuts 1 ,Comptroller,,DEM,Thomas P. DiNapoli,82,,,,,,,,,,
Otsego,Butternuts 2 ,Comptroller,,DEM,Thomas P. DiNapoli,218,,,,,,,,,,
Otsego,Cherry Valley 1 ,Comptroller,,DEM,Thomas P. DiNapoli,289,,,,,,,,,,
Otsego,Decatur 1 ,Comptroller,,DEM,Thomas P. DiNapoli,57,,,,,,,,,,
Otsego,Edmeston 1 ,Comptroller,,DEM,Thomas P. DiNapoli,213,,,,,,,,,,
Otsego,Exeter 1 ,Comptroller,,DEM,Thomas P. DiNapoli,110,,,,,,,,,,
Otsego,Hartwick 1 ,Comptroller,,DEM,Thomas P. DiNapoli,261,,,,,,,,,,
Otsego,Hartwick 2 ,Comptroller,,DEM,Thomas P. DiNapoli,127,,,,,,,,,,
Otsego,Laurens 1 ,Comptroller,,DEM,Thomas P. DiNapoli,165,,,,,,,,,,
Otsego,Laurens 2 ,Comptroller,,DEM,Thomas P. DiNapoli,228,,,,,,,,,,
Otsego,Maryland 1 ,Comptroller,,DEM,Thomas P. DiNapoli,97,,,,,,,,,,
Otsego,Maryland 2 ,Comptroller,,DEM,Thomas P. DiNapoli,152,,,,,,,,,,
Otsego,Middlefield 1 ,Comptroller,,DEM,Thomas P. DiNapoli,271,,,,,,,,,,
Otsego,Middlefield 2 ,Comptroller,,DEM,Thomas P. DiNapoli,256,,,,,,,,,,
Otsego,Milford 1 ,Comptroller,,DEM,Thomas P. DiNapoli,197,,,,,,,,,,
Otsego,Milford 2 ,Comptroller,,DEM,Thomas P. DiNapoli,344,,,,,,,,,,
Otsego,Morris 1 ,Comptroller,,DEM,Thomas P. DiNapoli,281,,,,,,,,,,
Otsego,New Lisbon 1 ,Comptroller,,DEM,Thomas P. DiNapoli,187,,,,,,,,,,
Otsego,Oneonta 1 ,Comptroller,,DEM,Thomas P. DiNapoli,392,,,,,,,,,,
Otsego,Oneonta 2 ,Comptroller,,DEM,Thomas P. DiNapoli,372,,,,,,,,,,
Otsego,Oneonta 3 ,Comptroller,,DEM,Thomas P. DiNapoli,264,,,,,,,,,,
Otsego,Oneonta 4 ,Comptroller,,DEM,Thomas P. DiNapoli,195,,,,,,,,,,
Otsego,Otego 1 ,Comptroller,,DEM,Thomas P. DiNapoli,204,,,,,,,,,,
Otsego,Otego 2 ,Comptroller,,DEM,Thomas P. DiNapoli,263,,,,,,,,,,
Otsego,Otsego 1 ,Comptroller,,DEM,Thomas P. DiNapoli,586,,,,,,,,,,
Otsego,Otsego 2 ,Comptroller,,DEM,Thomas P. DiNapoli,198,,,,,,,,,,
Otsego,Otsego 3 ,Comptroller,,DEM,Thomas P. DiNapoli,318,,,,,,,,,,
Otsego,Pittsfield 1 ,Comptroller,,DEM,Thomas P. DiNapoli,154,,,,,,,,,,
Otsego,Plainfield 1 ,Comptroller,,DEM,Thomas P. DiNapoli,90,,,,,,,,,,
Otsego,Richfield 1 ,Comptroller,,DEM,Thomas P. DiNapoli,169,,,,,,,,,,
Otsego,Richfield 2 ,Comptroller,,DEM,Thomas P. DiNapoli,119,,,,,,,,,,
Otsego,Roseboom 1 ,Comptroller,,DEM,Thomas P. DiNapoli,136,,,,,,,,,,
Otsego,Springfield 1 ,Comptroller,,DEM,Thomas P. DiNapoli,196,,,,,,,,,,
Otsego,Unadilla 1 ,Comptroller,,DEM,Thomas P. DiNapoli,155,,,,,,,,,,
Otsego,Unadilla 2 ,Comptroller,,DEM,Thomas P. DiNapoli,212,,,,,,,,,,
Otsego,Unadilla 3 ,Comptroller,,DEM,Thomas P. DiNapoli,191,,,,,,,,,,
Otsego,Westford 1 ,Comptroller,,DEM,Thomas P. DiNapoli,132,,,,,,,,,,
Otsego,Worcester 1 ,Comptroller,,DEM,Thomas P. DiNapoli,118,,,,,,,,,,
Otsego,Worcester 2 ,Comptroller,,DEM,Thomas P. DiNapoli,69,,,,,,,,,,
Otsego,Worcester 3 ,Comptroller,,DEM,Thomas P. DiNapoli,142,,,,,,,,,,
Otsego,Oneonta City Ward 1 ,Comptroller,,DEM,Thomas P. DiNapoli,452,,,,,,,,,,
Otsego,Oneonta City Ward 2 ,Comptroller,,DEM,Thomas P. DiNapoli,316,,,,,,,,,,
Otsego,Oneonta City Ward 3 ,Comptroller,,DEM,Thomas P. DiNapoli,169,,,,,,,,,,
Otsego,Oneonta City Ward 4 ,Comptroller,,DEM,Thomas P. DiNapoli,195,,,,,,,,,,
Otsego,Oneonta City Ward 5 ,Comptroller,,DEM,Thomas P. DiNapoli,250,,,,,,,,,,
Otsego,Oneonta City Ward 6 ,Comptroller,,DEM,Thomas P. DiNapoli,279,,,,,,,,,,
Otsego,Oneonta City Ward 7 ,Comptroller,,DEM,Thomas P. DiNapoli,164,,,,,,,,,,
Otsego,Oneonta City Ward 8 ,Comptroller,,DEM,Thomas P. DiNapoli,215,,,,,,,,,,
Otsego,Burlington 1 ,Comptroller,,REP,Jonathan Trichter,242,23,5,7,7,2,1,2,22,0,0
Otsego,Butternuts 1 ,Comptroller,,REP,Jonathan Trichter,136,10,3,4,3,1,3,2,12,1,0
Otsego,Butternuts 2 ,Comptroller,,REP,Jonathan Trichter,218,9,7,16,6,5,1,3,15,0,0
Otsego,Cherry Valley 1 ,Comptroller,,REP,Jonathan Trichter,179,25,4,12,14,7,2,5,38,0,0
Otsego,Decatur 1 ,Comptroller,,REP,Jonathan Trichter,78,13,0,2,0,0,1,1,16,0,0
Otsego,Edmeston 1 ,Comptroller,,REP,Jonathan Trichter,308,37,11,4,7,0,1,3,48,0,0
Otsego,Exeter 1 ,Comptroller,,REP,Jonathan Trichter,169,15,0,7,2,3,1,1,16,0,0
Otsego,Hartwick 1 ,Comptroller,,REP,Jonathan Trichter,217,38,12,14,12,5,4,5,52,0,0
Otsego,Hartwick 2 ,Comptroller,,REP,Jonathan Trichter,139,11,5,3,3,2,1,3,11,0,0
Otsego,Laurens 1 ,Comptroller,,REP,Jonathan Trichter,174,26,0,8,13,4,0,2,20,0,1
Otsego,Laurens 2 ,Comptroller,,REP,Jonathan Trichter,196,24,8,11,17,4,2,5,24,1,0
Otsego,Maryland 1 ,Comptroller,,REP,Jonathan Trichter,158,7,3,6,5,3,3,1,20,0,0
Otsego,Maryland 2 ,Comptroller,,REP,Jonathan Trichter,212,19,5,12,7,3,4,6,21,1,1
Otsego,Middlefield 1 ,Comptroller,,REP,Jonathan Trichter,98,11,4,12,7,2,1,1,26,1,0
Otsego,Middlefield 2 ,Comptroller,,REP,Jonathan Trichter,196,15,13,11,11,4,0,9,26,0,0
Otsego,Milford 1 ,Comptroller,,REP,Jonathan Trichter,172,14,3,3,11,1,1,5,22,0,0
Otsego,Milford 2 ,Comptroller,,REP,Jonathan Trichter,297,17,7,12,22,2,1,4,51,0,0
Otsego,Morris 1 ,Comptroller,,REP,Jonathan Trichter,298,19,4,16,11,5,4,6,39,1,0
Otsego,New Lisbon 1 ,Comptroller,,REP,Jonathan Trichter,212,35,2,4,10,7,2,2,20,0,0
Otsego,Oneonta 1 ,Comptroller,,REP,Jonathan Trichter,210,21,7,9,11,2,1,1,27,1,0
Otsego,Oneonta 2 ,Comptroller,,REP,Jonathan Trichter,206,18,5,11,17,4,2,1,36,0,0
Otsego,Oneonta 3 ,Comptroller,,REP,Jonathan Trichter,127,9,4,8,8,7,4,4,18,1,0
Otsego,Oneonta 4 ,Comptroller,,REP,Jonathan Trichter,131,15,2,4,8,5,1,3,23,1,0
Otsego,Otego 1 ,Comptroller,,REP,Jonathan Trichter,248,24,2,13,6,4,1,4,19,0,0
Otsego,Otego 2 ,Comptroller,,REP,Jonathan Trichter,250,32,4,12,14,5,0,3,30,0,0
Otsego,Otsego 1 ,Comptroller,,REP,Jonathan Trichter,202,24,9,14,19,5,4,8,38,0,0
Otsego,Otsego 2 ,Comptroller,,REP,Jonathan Trichter,103,9,5,6,11,3,2,2,16,0,0
Otsego,Otsego 3 ,Comptroller,,REP,Jonathan Trichter,268,32,3,11,20,5,6,4,35,0,0
Otsego,Pittsfield 1 ,Comptroller,,REP,Jonathan Trichter,192,9,3,8,7,2,1,0,35,0,0
Otsego,Plainfield 1 ,Comptroller,,REP,Jonathan Trichter,168,20,6,6,7,1,1,0,18,0,0
Otsego,Richfield 1 ,Comptroller,,REP,Jonathan Trichter,162,18,1,8,8,0,2,3,34,0,0
Otsego,Richfield 2 ,Comptroller,,REP,Jonathan Trichter,265,22,3,5,7,1,0,3,34,0,0
Otsego,Roseboom 1 ,Comptroller,,REP,Jonathan Trichter,123,8,3,10,3,2,3,1,17,0,0
Otsego,Springfield 1 ,Comptroller,,REP,Jonathan Trichter,247,27,8,9,15,3,0,6,22,0,0
Otsego,Unadilla 1 ,Comptroller,,REP,Jonathan Trichter,206,25,6,8,5,2,2,3,19,0,0
Otsego,Unadilla 2 ,Comptroller,,REP,Jonathan Trichter,260,16,5,11,9,4,1,4,20,1,0
Otsego,Unadilla 3 ,Comptroller,,REP,Jonathan Trichter,120,13,2,5,2,3,2,3,19,0,0
Otsego,Westford 1 ,Comptroller,,REP,Jonathan Trichter,185,24,6,4,15,3,1,3,18,0,0
Otsego,Worcester 1 ,Comptroller,,REP,Jonathan Trichter,140,24,4,3,7,2,2,5,12,0,0
Otsego,Worcester 2 ,Comptroller,,REP,Jonathan Trichter,90,15,5,6,5,1,0,1,13,0,0
Otsego,Worcester 3 ,Comptroller,,REP,Jonathan Trichter,124,15,1,1,11,1,2,3,18,0,0
Otsego,Oneonta City Ward 1 ,Comptroller,,REP,Jonathan Trichter,140,9,8,12,20,11,0,5,19,0,0
Otsego,Oneonta City Ward 2 ,Comptroller,,REP,Jonathan Trichter,57,14,9,11,4,4,0,1,10,0,0
Otsego,Oneonta City Ward 3 ,Comptroller,,REP,Jonathan Trichter,40,8,10,8,4,8,0,4,7,0,0
Otsego,Oneonta City Ward 4 ,Comptroller,,REP,Jonathan Trichter,63,3,3,12,5,1,0,5,7,0,0
Otsego,Oneonta City Ward 5 ,Comptroller,,REP,Jonathan Trichter,123,9,10,9,10,5,1,5,17,0,0
Otsego,Oneonta City Ward 6 ,Comptroller,,REP,Jonathan Trichter,138,10,7,12,7,5,5,4,19,2,1
Otsego,Oneonta City Ward 7 ,Comptroller,,REP,Jonathan Trichter,46,3,5,14,11,2,1,2,11,0,0
Otsego,Oneonta City Ward 8 ,Comptroller,,REP,Jonathan Trichter,56,4,3,14,6,4,2,2,10,0,0