county,precinct,office,district,party,candidate,votes,absentee,election_day
Greene,Town of Ashland 1 LD 6,U. S. House,19,DEM,Brian Flynn,8,0,0
Greene,Town of Athens 1 LD 3,U. S. House,19,DEM,Brian Flynn,15,0,15
Greene,Town of Athens 2 LD 3,U. S. House,19,DEM,Brian Flynn,3,0,3
Greene,Town of Athens 3 LD 3,U. S. House,19,DEM,Brian Flynn,16,0,16
Greene,Town of Athens 4 LD 3,U. S. House,19,DEM,Brian Flynn,4,0,4
Greene,Town of Cairo 1 LD 8,U. S. House,19,DEM,Brian Flynn,5,0,5
Greene,Town of Cairo 2 LD 8,U. S. House,19,DEM,Brian Flynn,3,0,3
Greene,Town of Cairo 3 LD 8,U. S. House,19,DEM,Brian Flynn,1,0,1
Greene,Town of Cairo 4 LD 8,U. S. House,19,DEM,Brian Flynn,6,0,6
Greene,Town of Cairo 5 LD 8,U. S. House,19,DEM,Brian Flynn,9,0,9
Greene,Town of Cairo 6 LD 8,U. S. House,19,DEM,Brian Flynn,1,0,1
Greene,Town of Cairo 7 LD 8,U. S. House,19,DEM,Brian Flynn,2,0,2
Greene,Town of Catskill 1 LD 1,U. S. House,19,DEM,Brian Flynn,14,0,14
Greene,Town of Catskill 2 LD 1,U. S. House,19,DEM,Brian Flynn,10,0,10
Greene,Town of Catskill 3 LD 1,U. S. House,19,DEM,Brian Flynn,3,0,3
Greene,Town of Catskill 4 LD 1,U. S. House,19,DEM,Brian Flynn,2,0,2
Greene,Town of Catskill 5 LD 1,U. S. House,19,DEM,Brian Flynn,3,0,3
Greene,Town of Catskill 6 LD 1,U. S. House,19,DEM,Brian Flynn,1,0,1
Greene,Town of Catskill 7 LD 1,U. S. House,19,DEM,Brian Flynn,6,0,6
Greene,Town of Catskill 8 LD 1,U. S. House,19,DEM,Brian Flynn,1,0,1
Greene,Town of Catskill 9 LD 1,U. S. House,19,DEM,Brian Flynn,5,0,5
Greene,Town of Catskill 10 LD 1,U. S. House,19,DEM,Brian Flynn,11,0,11
Greene,Town of Catskill 11 LD 1,U. S. House,19,DEM,Brian Flynn,4,0,4
Greene,Town of Catskill 12 LD 1,U. S. House,19,DEM,Brian Flynn,0,0,0
Greene,Town of Catskill 13 LD 1,U. S. House,19,DEM,Brian Flynn,4,0,4
Greene,Town of Catskill 14 LD 1,U. S. House,19,DEM,Brian Flynn,10,0,10
Greene,Town of Coxsackie 1 LD 2,U. S. House,19,DEM,Brian Flynn,12,0,12
Greene,Town of Coxsackie 2 LD 2,U. S. House,19,DEM,Brian Flynn,11,0,11
Greene,Town of Coxsackie 3 LD 2,U. S. House,19,DEM,Brian Flynn,2,0,2
Greene,Town of Coxsackie 4 LD 2,U. S. House,19,DEM,Brian Flynn,3,0,3
Greene,Town of Coxsackie 5 LD 2,U. S. House,19,DEM,Brian Flynn,3,0,3
Greene,Town of Coxsackie 6 LD 2,U. S. House,19,DEM,Brian Flynn,3,0,3
Greene,Town of Durham 1 LD 9,U. S. House,19,DEM,Brian Flynn,9,0,9
Greene,Town of Durham 2 LD 9,U. S. House,19,DEM,Brian Flynn,9,0,9
Greene,Town of Greenville 1 LD 4,U. S. House,19,DEM,Brian Flynn,7,0,7
Greene,Town of Greenville 2 LD 4,U. S. House,19,DEM,Brian Flynn,11,0,11
Greene,Town of Greenville 3 LD 4,U. S. House,19,DEM,Brian Flynn,9,0,9
Greene,Town of Halcott 1 LD 7,U. S. House,19,DEM,Brian Flynn,4,0,4
Greene,Town of Hunter 1 LD 7,U. S. House,19,DEM,Brian Flynn,53,0,53
Greene,Town of Hunter 2 LD 7,U. S. House,19,DEM,Brian Flynn,28,0,28
Greene,Town of Hunter 3 LD 7,U. S. House,19,DEM,Brian Flynn,23,0,23
Greene,Town of Hunter 4 LD 7,U. S. House,19,DEM,Brian Flynn,17,0,17
Greene,Town of Jewett 1 LD 6,U. S. House,19,DEM,Brian Flynn,28,0,28
Greene,Town of Lexington 1 LD 7,U. S. House,19,DEM,Brian Flynn,5,0,5
Greene,Town of Lexington 2 LD 7,U. S. House,19,DEM,Brian Flynn,4,0,4
Greene,Town of New Baltimore 1 LD 5,U. S. House,19,DEM,Brian Flynn,8,0,8
Greene,Town of New Baltimore 2 LD 5,U. S. House,19,DEM,Brian Flynn,2,0,2
Greene,Town of New Baltimore 3 LD 5,U. S. House,19,DEM,Brian Flynn,9,0,9
Greene,Town of New Baltimore 4 LD 5,U. S. House,19,DEM,Brian Flynn,1,0,1
Greene,Town of Prattsville 1 LD 6,U. S. House,19,DEM,Brian Flynn,6,0,6
Greene,Town of Windham 1 LD 6,U. S. House,19,DEM,Brian Flynn,19,0,19
Greene,Town of Windham 2 LD 6,U. S. House,19,DEM,Brian Flynn,11,0,11
Greene,ASH ABS 1,U. S. House,19,DEM,Brian Flynn,0,0,0
Greene,ATH ABS 1,U. S. House,19,DEM,Brian Flynn,3,3,0
Greene,ATH ABS 2,U. S. House,19,DEM,Brian Flynn,1,1,0
Greene,ATH ABS 3,U. S. House,19,DEM,Brian Flynn,1,1,0
Greene,ATH ABS 4,U. S. House,19,DEM,Brian Flynn,0,0,0
Greene,CAR ABS 1,U. S. House,19,DEM,Brian Flynn,2,2,0
Greene,CAR ABS 2,U. S. House,19,DEM,Brian Flynn,1,1,0
Greene,CAR ABS 3,U. S. House,19,DEM,Brian Flynn,0,0,0
Greene,CAR ABS 4,U. S. House,19,DEM,Brian Flynn,1,1,0
Greene,CAR ABS 5,U. S. House,19,DEM,Brian Flynn,0,0,0
Greene,CAR ABS 6,U. S. House,19,DEM,Brian Flynn,1,1,0
Greene,CAR ABS 7,U. S. House,19,DEM,Brian Flynn,2,2,0
Greene,CAT ABS 1,U. S. House,19,DEM,Brian Flynn,1,1,0
Greene,CAT ABS 2,U. S. House,19,DEM,Brian Flynn,3,3,0
Greene,CAT ABS 3,U. S. House,19,DEM,Brian Flynn,0,0,0
Greene,CAT ABS 4,U. S. House,19,DEM,Brian Flynn,2,2,0
Greene,CAT ABS 5,U. S. House,19,DEM,Brian Flynn,3,3,0
Greene,CAT ABS 6,U. S. House,19,DEM,Brian Flynn,0,0,0
Greene,CAT ABS 7,U. S. House,19,DEM,Brian Flynn,1,1,0
Greene,CAT ABS 8,U. S. House,19,DEM,Brian Flynn,0,0,0
Greene,CAT ABS 9,U. S. House,19,DEM,Brian Flynn,0,0,0
Greene,CAT ABS 10,U. S. House,19,DEM,Brian Flynn,0,0,0
Greene,CAT ABS 11,U. S. House,19,DEM,Brian Flynn,1,1,0
Greene,CAT ABS 12,U. S. House,19,DEM,Brian Flynn,0,0,0
Greene,CAT ABS 13,U. S. House,19,DEM,Brian Flynn,1,1,0
Greene,CAT ABS 14,U. S. House,19,DEM,Brian Flynn,0,0,0
Greene,COX ABS 1,U. S. House,19,DEM,Brian Flynn,1,1,0
Greene,COX ABS 2,U. S. House,19,DEM,Brian Flynn,1,1,0
Greene,COX ABS 3,U. S. House,19,DEM,Brian Flynn,0,0,0
Greene,COX ABS 4,U. S. House,19,DEM,Brian Flynn,1,1,0
Greene,COX ABS 5,U. S. House,19,DEM,Brian Flynn,0,0,0
Greene,COX ABS 6,U. S. House,19,DEM,Brian Flynn,0,0,0
Greene,DUR ABS 1,U. S. House,19,DEM,Brian Flynn,4,4,0
Greene,DUR ABS 2,U. S. House,19,DEM,Brian Flynn,3,3,0
Greene,GVL ABS 1,U. S. House,19,DEM,Brian Flynn,1,1,0
Greene,GVL ABS 2,U. S. House,19,DEM,Brian Flynn,0,0,0
Greene,GVL ABS 3,U. S. House,19,DEM,Brian Flynn,0,0,0
Greene,HAL ABS 1,U. S. House,19,DEM,Brian Flynn,1,1,0
Greene,HUN ABS 2,U. S. House,19,DEM,Brian Flynn,8,8,0
Greene,HUN ABS 3,U. S. House,19,DEM,Brian Flynn,6,6,0
Greene,HUN ABS 1,U. S. House,19,DEM,Brian Flynn,6,6,0
Greene,HUN ABS 4,U. S. House,19,DEM,Brian Flynn,0,0,0
Greene,JWT ABS 1,U. S. House,19,DEM,Brian Flynn,2,2,0
Greene,LEX ABS 1,U. S. House,19,DEM,Brian Flynn,0,0,0
Greene,LEX ABS 2,U. S. House,19,DEM,Brian Flynn,0,0,0
Greene,NB ABS 2,U. S. House,19,DEM,Brian Flynn,0,0,0
Greene,NB ABS 1,U. S. House,19,DEM,Brian Flynn,0,0,0
Greene,NB ABS 3,U. S. House,19,DEM,Brian Flynn,0,0,0
Greene,NB ABS 4,U. S. House,19,DEM,Brian Flynn,0,0,0
Greene,PRT ABS 1,U. S. House,19,DEM,Brian Flynn,1,1,0
Greene,WIN ABS 1,U. S. House,19,DEM,Brian Flynn,0,0,0
Greene,WIN ABS 2,U. S. House,19,DEM,Brian Flynn,1,1,0
Greene,Town of Ashland 1 LD 6,U. S. House,19,DEM,Erin Collier,0,0,0
Greene,Town of Athens 1 LD 3,U. S. House,19,DEM,Erin Collier,0,0,0
Greene,Town of Athens 2 LD 3,U. S. House,19,DEM,Erin Collier,0,0,0
Greene,Town of Athens 3 LD 3,U. S. House,19,DEM,Erin Collier,3,0,3
Greene,Town of Athens 4 LD 3,U. S. House,19,DEM,Erin Collier,1,0,1
Greene,Town of Cairo 1 LD 8,U. S. House,19,DEM,Erin Collier,0,0,0
Greene,Town of Cairo 2 LD 8,U. S. House,19,DEM,Erin Collier,2,0,2
Greene,Town of Cairo 3 LD 8,U. S. House,19,DEM,Erin Collier,0,0,0
Greene,Town of Cairo 4 LD 8,U. S. House,19,DEM,Erin Collier,3,0,3
Greene,Town of Cairo 5 LD 8,U. S. House,19,DEM,Erin Collier,0,0,0
Greene,Town of Cairo 6 LD 8,U. S. House,19,DEM,Erin Collier,2,0,2
Greene,Town of Cairo 7 LD 8,U. S. House,19,DEM,Erin Collier,2,0,2
Greene,Town of Catskill 1 LD 1,U. S. House,19,DEM,Erin Collier,0,0,0
Greene,Town of Catskill 2 LD 1,U. S. House,19,DEM,Erin Collier,1,0,1
Greene,Town of Catskill 3 LD 1,U. S. House,19,DEM,Erin Collier,2,0,2
Greene,Town of Catskill 4 LD 1,U. S. House,19,DEM,Erin Collier,0,0,0
Greene,Town of Catskill 5 LD 1,U. S. House,19,DEM,Erin Collier,0,0,0
Greene,Town of Catskill 6 LD 1,U. S. House,19,DEM,Erin Collier,0,0,0
Greene,Town of Catskill 7 LD 1,U. S. House,19,DEM,Erin Collier,0,0,0
Greene,Town of Catskill 8 LD 1,U. S. House,19,DEM,Erin Collier,0,0,0
Greene,Town of Catskill 9 LD 1,U. S. House,19,DEM,Erin Collier,0,0,0
Greene,Town of Catskill 10 LD 1,U. S. House,19,DEM,Erin Collier,3,0,3
Greene,Town of Catskill 11 LD 1,U. S. House,19,DEM,Erin Collier,0,0,0
Greene,Town of Catskill 12 LD 1,U. S. House,19,DEM,Erin Collier,2,0,2
Greene,Town of Catskill 13 LD 1,U. S. House,19,DEM,Erin Collier,0,0,0
Greene,Town of Catskill 14 LD 1,U. S. House,19,DEM,Erin Collier,0,0,0
Greene,Town of Coxsackie 1 LD 2,U. S. House,19,DEM,Erin Collier,5,0,5
Greene,Town of Coxsackie 2 LD 2,U. S. House,19,DEM,Erin Collier,2,0,2
Greene,Town of Coxsackie 3 LD 2,U. S. House,19,DEM,Erin Collier,0,0,0
Greene,Town of Coxsackie 4 LD 2,U. S. House,19,DEM,Erin Collier,1,0,1
Greene,Town of Coxsackie 5 LD 2,U. S. House,19,DEM,Erin Collier,1,0,1
Greene,Town of Coxsackie 6 LD 2,U. S. House,19,DEM,Erin Collier,1,0,1
Greene,Town of Durham 1 LD 9,U. S. House,19,DEM,Erin Collier,1,0,1
Greene,Town of Durham 2 LD 9,U. S. House,19,DEM,Erin Collier,2,0,2
Greene,Town of Greenville 1 LD 4,U. S. House,19,DEM,Erin Collier,0,0,0
Greene,Town of Greenville 2 LD 4,U. S. House,19,DEM,Erin Collier,2,0,2
Greene,Town of Greenville 3 LD 4,U. S. House,19,DEM,Erin Collier,1,0,1
Greene,Town of Halcott 1 LD 7,U. S. House,19,DEM,Erin Collier,4,0,4
Greene,Town of Hunter 1 LD 7,U. S. House,19,DEM,Erin Collier,0,0,0
Greene,Town of Hunter 2 LD 7,U. S. House,19,DEM,Erin Collier,1,0,1
Greene,Town of Hunter 3 LD 7,U. S. House,19,DEM,Erin Collier,0,0,0
Greene,Town of Hunter 4 LD 7,U. S. House,19,DEM,Erin Collier,2,0,2
Greene,Town of Jewett 1 LD 6,U. S. House,19,DEM,Erin Collier,0,0,0
Greene,Town of Lexington 1 LD 7,U. S. House,19,DEM,Erin Collier,0,0,0
Greene,Town of Lexington 2 LD 7,U. S. House,19,DEM,Erin Collier,0,0,0
Greene,Town of New Baltimore 1 LD 5,U. S. House,19,DEM,Erin Collier,3,0,3
Greene,Town of New Baltimore 2 LD 5,U. S. House,19,DEM,Erin Collier,1,0,1
Greene,Town of New Baltimore 3 LD 5,U. S. House,19,DEM,Erin Collier,5,0,5
Greene,Town of New Baltimore 4 LD 5,U. S. House,19,DEM,Erin Collier,0,0,0
Greene,Town of Prattsville 1 LD 6,U. S. House,19,DEM,Erin Collier,4,0,4
Greene,Town of Windham 1 LD 6,U. S. House,19,DEM,Erin Collier,3,0,3
Greene,Town of Windham 2 LD 6,U. S. House,19,DEM,Erin Collier,0,0,0
Greene,ASH ABS 1,U. S. House,19,DEM,Erin Collier,0,0,0
Greene,ATH ABS 1,U. S. House,19,DEM,Erin Collier,0,0,0
Greene,ATH ABS 2,U. S. House,19,DEM,Erin Collier,0,0,0
Greene,ATH ABS 3,U. S. House,19,DEM,Erin Collier,0,0,0
Greene,ATH ABS 4,U. S. House,19,DEM,Erin Collier,0,0,0
Greene,CAR ABS 1,U. S. House,19,DEM,Erin Collier,0,0,0
Greene,CAR ABS 2,U. S. House,19,DEM,Erin Collier,0,0,0
Greene,CAR ABS 3,U. S. House,19,DEM,Erin Collier,0,0,0
Greene,CAR ABS 4,U. S. House,19,DEM,Erin Collier,0,0,0
Greene,CAR ABS 5,U. S. House,19,DEM,Erin Collier,0,0,0
Greene,CAR ABS 6,U. S. House,19,DEM,Erin Collier,0,0,0
Greene,CAR ABS 7,U. S. House,19,DEM,Erin Collier,0,0,0
Greene,CAT ABS 1,U. S. House,19,DEM,Erin Collier,1,1,0
Greene,CAT ABS 2,U. S. House,19,DEM,Erin Collier,2,2,0
Greene,CAT ABS 3,U. S. House,19,DEM,Erin Collier,0,0,0
Greene,CAT ABS 4,U. S. House,19,DEM,Erin Collier,0,0,0
Greene,CAT ABS 5,U. S. House,19,DEM,Erin Collier,0,0,0
Greene,CAT ABS 6,U. S. House,19,DEM,Erin Collier,0,0,0
Greene,CAT ABS 7,U. S. House,19,DEM,Erin Collier,0,0,0
Greene,CAT ABS 8,U. S. House,19,DEM,Erin Collier,0,0,0
Greene,CAT ABS 9,U. S. House,19,DEM,Erin Collier,0,0,0
Greene,CAT ABS 10,U. S. House,19,DEM,Erin Collier,0,0,0
Greene,CAT ABS 11,U. S. House,19,DEM,Erin Collier,1,1,0
Greene,CAT ABS 12,U. S. House,19,DEM,Erin Collier,1,1,0
Greene,CAT ABS 13,U. S. House,19,DEM,Erin Collier,0,0,0
Greene,CAT ABS 14,U. S. House,19,DEM,Erin Collier,0,0,0
Greene,COX ABS 1,U. S. House,19,DEM,Erin Collier,0,0,0
Greene,COX ABS 2,U. S. House,19,DEM,Erin Collier,0,0,0
Greene,COX ABS 3,U. S. House,19,DEM,Erin Collier,0,0,0
Greene,COX ABS 4,U. S. House,19,DEM,Erin Collier,0,0,0
Greene,COX ABS 5,U. S. House,19,DEM,Erin Collier,0,0,0
Greene,COX ABS 6,U. S. House,19,DEM,Erin Collier,0,0,0
Greene,DUR ABS 1,U. S. House,19,DEM,Erin Collier,0,0,0
Greene,DUR ABS 2,U. S. House,19,DEM,Erin Collier,0,0,0
Greene,GVL ABS 1,U. S. House,19,DEM,Erin Collier,0,0,0
Greene,GVL ABS 2,U. S. House,19,DEM,Erin Collier,0,0,0
Greene,GVL ABS 3,U. S. House,19,DEM,Erin Collier,0,0,0
Greene,HAL ABS 1,U. S. House,19,DEM,Erin Collier,0,0,0
Greene,HUN ABS 2,U. S. House,19,DEM,Erin Collier,1,1,0
Greene,HUN ABS 3,U. S. House,19,DEM,Erin Collier,0,0,0
Greene,HUN ABS 1,U. S. House,19,DEM,Erin Collier,0,0,0
Greene,HUN ABS 4,U. S. House,19,DEM,Erin Collier,0,0,0
Greene,JWT ABS 1,U. S. House,19,DEM,Erin Collier,0,0,0
Greene,LEX ABS 1,U. S. House,19,DEM,Erin Collier,0,0,0
Greene,LEX ABS 2,U. S. House,19,DEM,Erin Collier,0,0,0
Greene,NB ABS 2,U. S. House,19,DEM,Erin Collier,0,0,0
Greene,NB ABS 1,U. S. House,19,DEM,Erin Collier,0,0,0
Greene,NB ABS 3,U. S. House,19,DEM,Erin Collier,0,0,0
Greene,NB ABS 4,U. S. House,19,DEM,Erin Collier,0,0,0
Greene,PRT ABS 1,U. S. House,19,DEM,Erin Collier,0,0,0
Greene,WIN ABS 1,U. S. House,19,DEM,Erin Collier,1,1,0
Greene,WIN ABS 2,U. S. House,19,DEM,Erin Collier,0,0,0
Greene,Town of Ashland 1 LD 6,U. S. House,19,DEM,Gareth Rhodes,2,0,0
Greene,Town of Athens 1 LD 3,U. S. House,19,DEM,Gareth Rhodes,13,0,13
Greene,Town of Athens 2 LD 3,U. S. House,19,DEM,Gareth Rhodes,1,0,1
Greene,Town of Athens 3 LD 3,U. S. House,19,DEM,Gareth Rhodes,12,0,12
Greene,Town of Athens 4 LD 3,U. S. House,19,DEM,Gareth Rhodes,5,0,5
Greene,Town of Cairo 1 LD 8,U. S. House,19,DEM,Gareth Rhodes,4,0,4
Greene,Town of Cairo 2 LD 8,U. S. House,19,DEM,Gareth Rhodes,2,0,2
Greene,Town of Cairo 3 LD 8,U. S. House,19,DEM,Gareth Rhodes,1,0,1
Greene,Town of Cairo 4 LD 8,U. S. House,19,DEM,Gareth Rhodes,2,0,2
Greene,Town of Cairo 5 LD 8,U. S. House,19,DEM,Gareth Rhodes,1,0,1
Greene,Town of Cairo 6 LD 8,U. S. House,19,DEM,Gareth Rhodes,6,0,6
Greene,Town of Cairo 7 LD 8,U. S. House,19,DEM,Gareth Rhodes,0,0,0
Greene,Town of Catskill 1 LD 1,U. S. House,19,DEM,Gareth Rhodes,10,0,10
Greene,Town of Catskill 2 LD 1,U. S. House,19,DEM,Gareth Rhodes,8,0,8
Greene,Town of Catskill 3 LD 1,U. S. House,19,DEM,Gareth Rhodes,5,0,5
Greene,Town of Catskill 4 LD 1,U. S. House,19,DEM,Gareth Rhodes,6,0,6
Greene,Town of Catskill 5 LD 1,U. S. House,19,DEM,Gareth Rhodes,7,0,7
Greene,Town of Catskill 6 LD 1,U. S. House,19,DEM,Gareth Rhodes,5,0,5
Greene,Town of Catskill 7 LD 1,U. S. House,19,DEM,Gareth Rhodes,6,0,6
Greene,Town of Catskill 8 LD 1,U. S. House,19,DEM,Gareth Rhodes,1,0,1
Greene,Town of Catskill 9 LD 1,U. S. House,19,DEM,Gareth Rhodes,7,0,7
Greene,Town of Catskill 10 LD 1,U. S. House,19,DEM,Gareth Rhodes,6,0,6
Greene,Town of Catskill 11 LD 1,U. S. House,19,DEM,Gareth Rhodes,1,0,1
Greene,Town of Catskill 12 LD 1,U. S. House,19,DEM,Gareth Rhodes,0,0,0
Greene,Town of Catskill 13 LD 1,U. S. House,19,DEM,Gareth Rhodes,11,0,11
Greene,Town of Catskill 14 LD 1,U. S. House,19,DEM,Gareth Rhodes,11,0,11
Greene,Town of Coxsackie 1 LD 2,U. S. House,19,DEM,Gareth Rhodes,8,0,8
Greene,Town of Coxsackie 2 LD 2,U. S. House,19,DEM,Gareth Rhodes,1,0,1
Greene,Town of Coxsackie 3 LD 2,U. S. House,19,DEM,Gareth Rhodes,0,0,0
Greene,Town of Coxsackie 4 LD 2,U. S. House,19,DEM,Gareth Rhodes,6,0,6
Greene,Town of Coxsackie 5 LD 2,U. S. House,19,DEM,Gareth Rhodes,1,0,1
Greene,Town of Coxsackie 6 LD 2,U. S. House,19,DEM,Gareth Rhodes,1,0,1
Greene,Town of Durham 1 LD 9,U. S. House,19,DEM,Gareth Rhodes,14,0,14
Greene,Town of Durham 2 LD 9,U. S. House,19,DEM,Gareth Rhodes,6,0,6
Greene,Town of Greenville 1 LD 4,U. S. House,19,DEM,Gareth Rhodes,3,0,3
Greene,Town of Greenville 2 LD 4,U. S. House,19,DEM,Gareth Rhodes,3,0,3
Greene,Town of Greenville 3 LD 4,U. S. House,19,DEM,Gareth Rhodes,6,0,6
Greene,Town of Halcott 1 LD 7,U. S. House,19,DEM,Gareth Rhodes,4,0,4
Greene,Town of Hunter 1 LD 7,U. S. House,19,DEM,Gareth Rhodes,2,0,2
Greene,Town of Hunter 2 LD 7,U. S. House,19,DEM,Gareth Rhodes,4,0,4
Greene,Town of Hunter 3 LD 7,U. S. House,19,DEM,Gareth Rhodes,0,0,0
Greene,Town of Hunter 4 LD 7,U. S. House,19,DEM,Gareth Rhodes,0,0,0
Greene,Town of Jewett 1 LD 6,U. S. House,19,DEM,Gareth Rhodes,11,0,11
Greene,Town of Lexington 1 LD 7,U. S. House,19,DEM,Gareth Rhodes,1,0,1
Greene,Town of Lexington 2 LD 7,U. S. House,19,DEM,Gareth Rhodes,3,0,3
Greene,Town of New Baltimore 1 LD 5,U. S. House,19,DEM,Gareth Rhodes,7,0,7
Greene,Town of New Baltimore 2 LD 5,U. S. House,19,DEM,Gareth Rhodes,2,0,2
Greene,Town of New Baltimore 3 LD 5,U. S. House,19,DEM,Gareth Rhodes,2,0,2
Greene,Town of New Baltimore 4 LD 5,U. S. House,19,DEM,Gareth Rhodes,0,0,0
Greene,Town of Prattsville 1 LD 6,U. S. House,19,DEM,Gareth Rhodes,0,0,0
Greene,Town of Windham 1 LD 6,U. S. House,19,DEM,Gareth Rhodes,5,0,5
Greene,Town of Windham 2 LD 6,U. S. House,19,DEM,Gareth Rhodes,0,0,0
Greene,ASH ABS 1,U. S. House,19,DEM,Gareth Rhodes,0,0,0
Greene,ATH ABS 1,U. S. House,19,DEM,Gareth Rhodes,3,3,0
Greene,ATH ABS 2,U. S. House,19,DEM,Gareth Rhodes,0,0,0
Greene,ATH ABS 3,U. S. House,19,DEM,Gareth Rhodes,1,1,0
Greene,ATH ABS 4,U. S. House,19,DEM,Gareth Rhodes,0,0,0
Greene,CAR ABS 1,U. S. House,19,DEM,Gareth Rhodes,0,0,0
Greene,CAR ABS 2,U. S. House,19,DEM,Gareth Rhodes,0,0,0
Greene,CAR ABS 3,U. S. House,19,DEM,Gareth Rhodes,0,0,0
Greene,CAR ABS 4,U. S. House,19,DEM,Gareth Rhodes,0,0,0
Greene,CAR ABS 5,U. S. House,19,DEM,Gareth Rhodes,0,0,0
Greene,CAR ABS 6,U. S. House,19,DEM,Gareth Rhodes,0,0,0
Greene,CAR ABS 7,U. S. House,19,DEM,Gareth Rhodes,1,1,0
Greene,CAT ABS 1,U. S. House,19,DEM,Gareth Rhodes,4,4,0
Greene,CAT ABS 2,U. S. House,19,DEM,Gareth Rhodes,1,1,0
Greene,CAT ABS 3,U. S. House,19,DEM,Gareth Rhodes,2,2,0
Greene,CAT ABS 4,U. S. House,19,DEM,Gareth Rhodes,0,0,0
Greene,CAT ABS 5,U. S. House,19,DEM,Gareth Rhodes,0,0,0
Greene,CAT ABS 6,U. S. House,19,DEM,Gareth Rhodes,0,0,0
Greene,CAT ABS 7,U. S. House,19,DEM,Gareth Rhodes,2,2,0
Greene,CAT ABS 8,U. S. House,19,DEM,Gareth Rhodes,0,0,0
Greene,CAT ABS 9,U. S. House,19,DEM,Gareth Rhodes,0,0,0
Greene,CAT ABS 10,U. S. House,19,DEM,Gareth Rhodes,0,0,0
Greene,CAT ABS 11,U. S. House,19,DEM,Gareth Rhodes,0,0,0
Greene,CAT ABS 12,U. S. House,19,DEM,Gareth Rhodes,0,0,0
Greene,CAT ABS 13,U. S. House,19,DEM,Gareth Rhodes,0,0,0
Greene,CAT ABS 14,U. S. House,19,DEM,Gareth Rhodes,3,3,0
Greene,COX ABS 1,U. S. House,19,DEM,Gareth Rhodes,2,2,0
Greene,COX ABS 2,U. S. House,19,DEM,Gareth Rhodes,0,0,0
Greene,COX ABS 3,U. S. House,19,DEM,Gareth Rhodes,0,0,0
Greene,COX ABS 4,U. S. House,19,DEM,Gareth Rhodes,1,1,0
Greene,COX ABS 5,U. S. House,19,DEM,Gareth Rhodes,0,0,0
Greene,COX ABS 6,U. S. House,19,DEM,Gareth Rhodes,0,0,0
Greene,DUR ABS 1,U. S. House,19,DEM,Gareth Rhodes,1,1,0
Greene,DUR ABS 2,U. S. House,19,DEM,Gareth Rhodes,6,6,0
Greene,GVL ABS 1,U. S. House,19,DEM,Gareth Rhodes,0,0,0
Greene,GVL ABS 2,U. S. House,19,DEM,Gareth Rhodes,0,0,0
Greene,GVL ABS 3,U. S. House,19,DEM,Gareth Rhodes,0,0,0
Greene,HAL ABS 1,U. S. House,19,DEM,Gareth Rhodes,1,1,0
Greene,HUN ABS 2,U. S. House,19,DEM,Gareth Rhodes,4,4,0
Greene,HUN ABS 3,U. S. House,19,DEM,Gareth Rhodes,0,0,0
Greene,HUN ABS 1,U. S. House,19,DEM,Gareth Rhodes,0,0,0
Greene,HUN ABS 4,U. S. House,19,DEM,Gareth Rhodes,0,0,0
Greene,JWT ABS 1,U. S. House,19,DEM,Gareth Rhodes,2,2,0
Greene,LEX ABS 1,U. S. House,19,DEM,Gareth Rhodes,1,1,0
Greene,LEX ABS 2,U. S. House,19,DEM,Gareth Rhodes,0,0,0
Greene,NB ABS 2,U. S. House,19,DEM,Gareth Rhodes,0,0,0
Greene,NB ABS 1,U. S. House,19,DEM,Gareth Rhodes,0,0,0
Greene,NB ABS 3,U. S. House,19,DEM,Gareth Rhodes,1,1,0
Greene,NB ABS 4,U. S. House,19,DEM,Gareth Rhodes,0,0,0
Greene,PRT ABS 1,U. S. House,19,DEM,Gareth Rhodes,0,0,0
Greene,WIN ABS 1,U. S. House,19,DEM,Gareth Rhodes,2,2,0
Greene,WIN ABS 2,U. S. House,19,DEM,Gareth Rhodes,0,0,0
Greene,Town of Ashland 1 LD 6,U. S. House,19,DEM,Pat Ryan,3,0,0
Greene,Town of Athens 1 LD 3,U. S. House,19,DEM,Pat Ryan,7,0,7
Greene,Town of Athens 2 LD 3,U. S. House,19,DEM,Pat Ryan,5,0,5
Greene,Town of Athens 3 LD 3,U. S. House,19,DEM,Pat Ryan,21,0,21
Greene,Town of Athens 4 LD 3,U. S. House,19,DEM,Pat Ryan,3,0,3
Greene,Town of Cairo 1 LD 8,U. S. House,19,DEM,Pat Ryan,3,0,3
Greene,Town of Cairo 2 LD 8,U. S. House,19,DEM,Pat Ryan,4,0,4
Greene,Town of Cairo 3 LD 8,U. S. House,19,DEM,Pat Ryan,4,0,4
Greene,Town of Cairo 4 LD 8,U. S. House,19,DEM,Pat Ryan,6,0,6
Greene,Town of Cairo 5 LD 8,U. S. House,19,DEM,Pat Ryan,2,0,2
Greene,Town of Cairo 6 LD 8,U. S. House,19,DEM,Pat Ryan,5,0,5
Greene,Town of Cairo 7 LD 8,U. S. House,19,DEM,Pat Ryan,2,0,2
Greene,Town of Catskill 1 LD 1,U. S. House,19,DEM,Pat Ryan,5,0,5
Greene,Town of Catskill 2 LD 1,U. S. House,19,DEM,Pat Ryan,3,0,3
Greene,Town of Catskill 3 LD 1,U. S. House,19,DEM,Pat Ryan,0,0,0
Greene,Town of Catskill 4 LD 1,U. S. House,19,DEM,Pat Ryan,1,0,1
Greene,Town of Catskill 5 LD 1,U. S. House,19,DEM,Pat Ryan,5,0,5
Greene,Town of Catskill 6 LD 1,U. S. House,19,DEM,Pat Ryan,1,0,1
Greene,Town of Catskill 7 LD 1,U. S. House,19,DEM,Pat Ryan,1,0,1
Greene,Town of Catskill 8 LD 1,U. S. House,19,DEM,Pat Ryan,1,0,1
Greene,Town of Catskill 9 LD 1,U. S. House,19,DEM,Pat Ryan,9,0,9
Greene,Town of Catskill 10 LD 1,U. S. House,19,DEM,Pat Ryan,8,0,8
Greene,Town of Catskill 11 LD 1,U. S. House,19,DEM,Pat Ryan,5,0,5
Greene,Town of Catskill 12 LD 1,U. S. House,19,DEM,Pat Ryan,0,0,0
Greene,Town of Catskill 13 LD 1,U. S. House,19,DEM,Pat Ryan,5,0,5
Greene,Town of Catskill 14 LD 1,U. S. House,19,DEM,Pat Ryan,3,0,3
Greene,Town of Coxsackie 1 LD 2,U. S. House,19,DEM,Pat Ryan,16,0,16
Greene,Town of Coxsackie 2 LD 2,U. S. House,19,DEM,Pat Ryan,4,0,4
Greene,Town of Coxsackie 3 LD 2,U. S. House,19,DEM,Pat Ryan,3,0,3
Greene,Town of Coxsackie 4 LD 2,U. S. House,19,DEM,Pat Ryan,3,0,3
Greene,Town of Coxsackie 5 LD 2,U. S. House,19,DEM,Pat Ryan,3,0,3
Greene,Town of Coxsackie 6 LD 2,U. S. House,19,DEM,Pat Ryan,8,0,8
Greene,Town of Durham 1 LD 9,U. S. House,19,DEM,Pat Ryan,5,0,5
Greene,Town of Durham 2 LD 9,U. S. House,19,DEM,Pat Ryan,5,0,5
Greene,Town of Greenville 1 LD 4,U. S. House,19,DEM,Pat Ryan,15,0,15
Greene,Town of Greenville 2 LD 4,U. S. House,19,DEM,Pat Ryan,7,0,7
Greene,Town of Greenville 3 LD 4,U. S. House,19,DEM,Pat Ryan,10,0,10
Greene,Town of Halcott 1 LD 7,U. S. House,19,DEM,Pat Ryan,1,0,1
Greene,Town of Hunter 1 LD 7,U. S. House,19,DEM,Pat Ryan,9,0,9
Greene,Town of Hunter 2 LD 7,U. S. House,19,DEM,Pat Ryan,7,0,7
Greene,Town of Hunter 3 LD 7,U. S. House,19,DEM,Pat Ryan,2,0,2
Greene,Town of Hunter 4 LD 7,U. S. House,19,DEM,Pat Ryan,0,0,0
Greene,Town of Jewett 1 LD 6,U. S. House,19,DEM,Pat Ryan,3,0,3
Greene,Town of Lexington 1 LD 7,U. S. House,19,DEM,Pat Ryan,8,0,8
Greene,Town of Lexington 2 LD 7,U. S. House,19,DEM,Pat Ryan,9,0,9
Greene,Town of New Baltimore 1 LD 5,U. S. House,19,DEM,Pat Ryan,11,0,11
Greene,Town of New Baltimore 2 LD 5,U. S. House,19,DEM,Pat Ryan,4,0,4
Greene,Town of New Baltimore 3 LD 5,U. S. House,19,DEM,Pat Ryan,3,0,3
Greene,Town of New Baltimore 4 LD 5,U. S. House,19,DEM,Pat Ryan,5,0,5
Greene,Town of Prattsville 1 LD 6,U. S. House,19,DEM,Pat Ryan,4,0,4
Greene,Town of Windham 1 LD 6,U. S. House,19,DEM,Pat Ryan,8,0,8
Greene,Town of Windham 2 LD 6,U. S. House,19,DEM,Pat Ryan,3,0,3
Greene,ASH ABS 1,U. S. House,19,DEM,Pat Ryan,0,0,0
Greene,ATH ABS 1,U. S. House,19,DEM,Pat Ryan,2,2,0
Greene,ATH ABS 2,U. S. House,19,DEM,Pat Ryan,0,0,0
Greene,ATH ABS 3,U. S. House,19,DEM,Pat Ryan,0,0,0
Greene,ATH ABS 4,U. S. House,19,DEM,Pat Ryan,0,0,0
Greene,CAR ABS 1,U. S. House,19,DEM,Pat Ryan,0,0,0
Greene,CAR ABS 2,U. S. House,19,DEM,Pat Ryan,0,0,0
Greene,CAR ABS 3,U. S. House,19,DEM,Pat Ryan,0,0,0
Greene,CAR ABS 4,U. S. House,19,DEM,Pat Ryan,1,1,0
Greene,CAR ABS 5,U. S. House,19,DEM,Pat Ryan,0,0,0
Greene,CAR ABS 6,U. S. House,19,DEM,Pat Ryan,1,1,0
Greene,CAR ABS 7,U. S. House,19,DEM,Pat Ryan,0,0,0
Greene,CAT ABS 1,U. S. House,19,DEM,Pat Ryan,2,2,0
Greene,CAT ABS 2,U. S. House,19,DEM,Pat Ryan,0,0,0
Greene,CAT ABS 3,U. S. House,19,DEM,Pat Ryan,0,0,0
Greene,CAT ABS 4,U. S. House,19,DEM,Pat Ryan,0,0,0
Greene,CAT ABS 5,U. S. House,19,DEM,Pat Ryan,2,2,0
Greene,CAT ABS 6,U. S. House,19,DEM,Pat Ryan,0,0,0
Greene,CAT ABS 7,U. S. House,19,DEM,Pat Ryan,1,1,0
Greene,CAT ABS 8,U. S. House,19,DEM,Pat Ryan,0,0,0
Greene,CAT ABS 9,U. S. House,19,DEM,Pat Ryan,1,1,0
Greene,CAT ABS 10,U. S. House,19,DEM,Pat Ryan,0,0,0
Greene,CAT ABS 11,U. S. House,19,DEM,Pat Ryan,0,0,0
Greene,CAT ABS 12,U. S. House,19,DEM,Pat Ryan,1,1,0
Greene,CAT ABS 13,U. S. House,19,DEM,Pat Ryan,0,0,0
Greene,CAT ABS 14,U. S. House,19,DEM,Pat Ryan,0,0,0
Greene,COX ABS 1,U. S. House,19,DEM,Pat Ryan,0,0,0
Greene,COX ABS 2,U. S. House,19,DEM,Pat Ryan,0,0,0
Greene,COX ABS 3,U. S. House,19,DEM,Pat Ryan,1,1,0
Greene,COX ABS 4,U. S. House,19,DEM,Pat Ryan,0,0,0
Greene,COX ABS 5,U. S. House,19,DEM,Pat Ryan,0,0,0
Greene,COX ABS 6,U. S. House,19,DEM,Pat Ryan,1,1,0
Greene,DUR ABS 1,U. S. House,19,DEM,Pat Ryan,1,1,0
Greene,DUR ABS 2,U. S. House,19,DEM,Pat Ryan,0,0,0
Greene,GVL ABS 1,U. S. House,19,DEM,Pat Ryan,0,0,0
Greene,GVL ABS 2,U. S. House,19,DEM,Pat Ryan,0,0,0
Greene,GVL ABS 3,U. S. House,19,DEM,Pat Ryan,0,0,0
Greene,HAL ABS 1,U. S. House,19,DEM,Pat Ryan,2,2,0
Greene,HUN ABS 2,U. S. House,19,DEM,Pat Ryan,0,0,0
Greene,HUN ABS 3,U. S. House,19,DEM,Pat Ryan,0,0,0
Greene,HUN ABS 1,U. S. House,19,DEM,Pat Ryan,1,1,0
Greene,HUN ABS 4,U. S. House,19,DEM,Pat Ryan,1,1,0
Greene,JWT ABS 1,U. S. House,19,DEM,Pat Ryan,2,2,0
Greene,LEX ABS 1,U. S. House,19,DEM,Pat Ryan,1,1,0
Greene,LEX ABS 2,U. S. House,19,DEM,Pat Ryan,2,2,0
Greene,NB ABS 2,U. S. House,19,DEM,Pat Ryan,1,1,0
Greene,NB ABS 1,U. S. House,19,DEM,Pat Ryan,2,2,0
Greene,NB ABS 3,U. S. House,19,DEM,Pat Ryan,0,0,0
Greene,NB ABS 4,U. S. House,19,DEM,Pat Ryan,0,0,0
Greene,PRT ABS 1,U. S. House,19,DEM,Pat Ryan,1,1,0
Greene,WIN ABS 1,U. S. House,19,DEM,Pat Ryan,1,1,0
Greene,WIN ABS 2,U. S. House,19,DEM,Pat Ryan,0,0,0
Greene,Town of Ashland 1 LD 6,U. S. House,19,DEM,Antonio Delgado,8,0,0
Greene,Town of Athens 1 LD 3,U. S. House,19,DEM,Antonio Delgado,10,0,10
Greene,Town of Athens 2 LD 3,U. S. House,19,DEM,Antonio Delgado,2,0,2
Greene,Town of Athens 3 LD 3,U. S. House,19,DEM,Antonio Delgado,25,0,25
Greene,Town of Athens 4 LD 3,U. S. House,19,DEM,Antonio Delgado,7,0,7
Greene,Town of Cairo 1 LD 8,U. S. House,19,DEM,Antonio Delgado,6,0,6
Greene,Town of Cairo 2 LD 8,U. S. House,19,DEM,Antonio Delgado,2,0,2
Greene,Town of Cairo 3 LD 8,U. S. House,19,DEM,Antonio Delgado,2,0,2
Greene,Town of Cairo 4 LD 8,U. S. House,19,DEM,Antonio Delgado,8,0,8
Greene,Town of Cairo 5 LD 8,U. S. House,19,DEM,Antonio Delgado,4,0,4
Greene,Town of Cairo 6 LD 8,U. S. House,19,DEM,Antonio Delgado,8,0,8
Greene,Town of Cairo 7 LD 8,U. S. House,19,DEM,Antonio Delgado,4,0,4
Greene,Town of Catskill 1 LD 1,U. S. House,19,DEM,Antonio Delgado,11,0,11
Greene,Town of Catskill 2 LD 1,U. S. House,19,DEM,Antonio Delgado,6,0,6
Greene,Town of Catskill 3 LD 1,U. S. House,19,DEM,Antonio Delgado,18,0,18
Greene,Town of Catskill 4 LD 1,U. S. House,19,DEM,Antonio Delgado,13,0,13
Greene,Town of Catskill 5 LD 1,U. S. House,19,DEM,Antonio Delgado,5,0,5
Greene,Town of Catskill 6 LD 1,U. S. House,19,DEM,Antonio Delgado,9,0,9
Greene,Town of Catskill 7 LD 1,U. S. House,19,DEM,Antonio Delgado,8,0,8
Greene,Town of Catskill 8 LD 1,U. S. House,19,DEM,Antonio Delgado,4,0,4
Greene,Town of Catskill 9 LD 1,U. S. House,19,DEM,Antonio Delgado,10,0,10
Greene,Town of Catskill 10 LD 1,U. S. House,19,DEM,Antonio Delgado,8,0,8
Greene,Town of Catskill 11 LD 1,U. S. House,19,DEM,Antonio Delgado,14,0,14
Greene,Town of Catskill 12 LD 1,U. S. House,19,DEM,Antonio Delgado,1,0,1
Greene,Town of Catskill 13 LD 1,U. S. House,19,DEM,Antonio Delgado,11,0,11
Greene,Town of Catskill 14 LD 1,U. S. House,19,DEM,Antonio Delgado,6,0,6
Greene,Town of Coxsackie 1 LD 2,U. S. House,19,DEM,Antonio Delgado,17,0,17
Greene,Town of Coxsackie 2 LD 2,U. S. House,19,DEM,Antonio Delgado,15,0,15
Greene,Town of Coxsackie 3 LD 2,U. S. House,19,DEM,Antonio Delgado,2,0,2
Greene,Town of Coxsackie 4 LD 2,U. S. House,19,DEM,Antonio Delgado,9,0,9
Greene,Town of Coxsackie 5 LD 2,U. S. House,19,DEM,Antonio Delgado,12,0,12
Greene,Town of Coxsackie 6 LD 2,U. S. House,19,DEM,Antonio Delgado,10,0,10
Greene,Town of Durham 1 LD 9,U. S. House,19,DEM,Antonio Delgado,9,0,9
Greene,Town of Durham 2 LD 9,U. S. House,19,DEM,Antonio Delgado,7,0,7
Greene,Town of Greenville 1 LD 4,U. S. House,19,DEM,Antonio Delgado,3,0,3
Greene,Town of Greenville 2 LD 4,U. S. House,19,DEM,Antonio Delgado,5,0,5
Greene,Town of Greenville 3 LD 4,U. S. House,19,DEM,Antonio Delgado,2,0,2
Greene,Town of Halcott 1 LD 7,U. S. House,19,DEM,Antonio Delgado,2,0,2
Greene,Town of Hunter 1 LD 7,U. S. House,19,DEM,Antonio Delgado,6,0,6
Greene,Town of Hunter 2 LD 7,U. S. House,19,DEM,Antonio Delgado,5,0,5
Greene,Town of Hunter 3 LD 7,U. S. House,19,DEM,Antonio Delgado,4,0,4
Greene,Town of Hunter 4 LD 7,U. S. House,19,DEM,Antonio Delgado,3,0,3
Greene,Town of Jewett 1 LD 6,U. S. House,19,DEM,Antonio Delgado,13,0,13
Greene,Town of Lexington 1 LD 7,U. S. House,19,DEM,Antonio Delgado,3,0,3
Greene,Town of Lexington 2 LD 7,U. S. House,19,DEM,Antonio Delgado,2,0,2
Greene,Town of New Baltimore 1 LD 5,U. S. House,19,DEM,Antonio Delgado,22,0,22
Greene,Town of New Baltimore 2 LD 5,U. S. House,19,DEM,Antonio Delgado,2,0,2
Greene,Town of New Baltimore 3 LD 5,U. S. House,19,DEM,Antonio Delgado,4,0,4
Greene,Town of New Baltimore 4 LD 5,U. S. House,19,DEM,Antonio Delgado,2,0,2
Greene,Town of Prattsville 1 LD 6,U. S. House,19,DEM,Antonio Delgado,9,0,9
Greene,Town of Windham 1 LD 6,U. S. House,19,DEM,Antonio Delgado,13,0,13
Greene,Town of Windham 2 LD 6,U. S. House,19,DEM,Antonio Delgado,6,0,6
Greene,ASH ABS 1,U. S. House,19,DEM,Antonio Delgado,1,1,0
Greene,ATH ABS 1,U. S. House,19,DEM,Antonio Delgado,3,3,0
Greene,ATH ABS 2,U. S. House,19,DEM,Antonio Delgado,0,0,0
Greene,ATH ABS 3,U. S. House,19,DEM,Antonio Delgado,0,0,0
Greene,ATH ABS 4,U. S. House,19,DEM,Antonio Delgado,0,0,0
Greene,CAR ABS 1,U. S. House,19,DEM,Antonio Delgado,0,0,0
Greene,CAR ABS 2,U. S. House,19,DEM,Antonio Delgado,2,2,0
Greene,CAR ABS 3,U. S. House,19,DEM,Antonio Delgado,0,0,0
Greene,CAR ABS 4,U. S. House,19,DEM,Antonio Delgado,1,1,0
Greene,CAR ABS 5,U. S. House,19,DEM,Antonio Delgado,2,2,0
Greene,CAR ABS 6,U. S. House,19,DEM,Antonio Delgado,0,0,0
Greene,CAR ABS 7,U. S. House,19,DEM,Antonio Delgado,2,2,0
Greene,CAT ABS 1,U. S. House,19,DEM,Antonio Delgado,2,2,0
Greene,CAT ABS 2,U. S. House,19,DEM,Antonio Delgado,3,3,0
Greene,CAT ABS 3,U. S. House,19,DEM,Antonio Delgado,3,3,0
Greene,CAT ABS 4,U. S. House,19,DEM,Antonio Delgado,0,0,0
Greene,CAT ABS 5,U. S. House,19,DEM,Antonio Delgado,1,1,0
Greene,CAT ABS 6,U. S. House,19,DEM,Antonio Delgado,1,1,0
Greene,CAT ABS 7,U. S. House,19,DEM,Antonio Delgado,4,4,0
Greene,CAT ABS 8,U. S. House,19,DEM,Antonio Delgado,0,0,0
Greene,CAT ABS 9,U. S. House,19,DEM,Antonio Delgado,0,0,0
Greene,CAT ABS 10,U. S. House,19,DEM,Antonio Delgado,0,0,0
Greene,CAT ABS 11,U. S. House,19,DEM,Antonio Delgado,0,0,0
Greene,CAT ABS 12,U. S. House,19,DEM,Antonio Delgado,1,1,0
Greene,CAT ABS 13,U. S. House,19,DEM,Antonio Delgado,1,1,0
Greene,CAT ABS 14,U. S. House,19,DEM,Antonio Delgado,1,1,0
Greene,COX ABS 1,U. S. House,19,DEM,Antonio Delgado,2,2,0
Greene,COX ABS 2,U. S. House,19,DEM,Antonio Delgado,2,2,0
Greene,COX ABS 3,U. S. House,19,DEM,Antonio Delgado,0,0,0
Greene,COX ABS 4,U. S. House,19,DEM,Antonio Delgado,1,1,0
Greene,COX ABS 5,U. S. House,19,DEM,Antonio Delgado,0,0,0
Greene,COX ABS 6,U. S. House,19,DEM,Antonio Delgado,0,0,0
Greene,DUR ABS 1,U. S. House,19,DEM,Antonio Delgado,0,0,0
Greene,DUR ABS 2,U. S. House,19,DEM,Antonio Delgado,2,2,0
Greene,GVL ABS 1,U. S. House,19,DEM,Antonio Delgado,0,0,0
Greene,GVL ABS 2,U. S. House,19,DEM,Antonio Delgado,0,0,0
Greene,GVL ABS 3,U. S. House,19,DEM,Antonio Delgado,0,0,0
Greene,HAL ABS 1,U. S. House,19,DEM,Antonio Delgado,2,2,0
Greene,HUN ABS 2,U. S. House,19,DEM,Antonio Delgado,1,1,0
Greene,HUN ABS 3,U. S. House,19,DEM,Antonio Delgado,0,0,0
Greene,HUN ABS 1,U. S. House,19,DEM,Antonio Delgado,4,4,0
Greene,HUN ABS 4,U. S. House,19,DEM,Antonio Delgado,0,0,0
Greene,JWT ABS 1,U. S. House,19,DEM,Antonio Delgado,1,1,0
Greene,LEX ABS 1,U. S. House,19,DEM,Antonio Delgado,2,2,0
Greene,LEX ABS 2,U. S. House,19,DEM,Antonio Delgado,0,0,0
Greene,NB ABS 2,U. S. House,19,DEM,Antonio Delgado,0,0,0
Greene,NB ABS 1,U. S. House,19,DEM,Antonio Delgado,1,1,0
Greene,NB ABS 3,U. S. House,19,DEM,Antonio Delgado,2,2,0
Greene,NB ABS 4,U. S. House,19,DEM,Antonio Delgado,0,0,0
Greene,PRT ABS 1,U. S. House,19,DEM,Antonio Delgado,1,1,0
Greene,WIN ABS 1,U. S. House,19,DEM,Antonio Delgado,1,1,0
Greene,WIN ABS 2,U. S. House,19,DEM,Antonio Delgado,0,0,0
Greene,Town of Ashland 1 LD 6,U. S. House,19,DEM,Jeff Beals,0,0,0
Greene,Town of Athens 1 LD 3,U. S. House,19,DEM,Jeff Beals,8,0,8
Greene,Town of Athens 2 LD 3,U. S. House,19,DEM,Jeff Beals,3,0,3
Greene,Town of Athens 3 LD 3,U. S. House,19,DEM,Jeff Beals,21,0,21
Greene,Town of Athens 4 LD 3,U. S. House,19,DEM,Jeff Beals,1,0,1
Greene,Town of Cairo 1 LD 8,U. S. House,19,DEM,Jeff Beals,1,0,1
Greene,Town of Cairo 2 LD 8,U. S. House,19,DEM,Jeff Beals,2,0,2
Greene,Town of Cairo 3 LD 8,U. S. House,19,DEM,Jeff Beals,3,0,3
Greene,Town of Cairo 4 LD 8,U. S. House,19,DEM,Jeff Beals,4,0,4
Greene,Town of Cairo 5 LD 8,U. S. House,19,DEM,Jeff Beals,2,0,2
Greene,Town of Cairo 6 LD 8,U. S. House,19,DEM,Jeff Beals,6,0,6
Greene,Town of Cairo 7 LD 8,U. S. House,19,DEM,Jeff Beals,1,0,1
Greene,Town of Catskill 1 LD 1,U. S. House,19,DEM,Jeff Beals,11,0,11
Greene,Town of Catskill 2 LD 1,U. S. House,19,DEM,Jeff Beals,4,0,4
Greene,Town of Catskill 3 LD 1,U. S. House,19,DEM,Jeff Beals,23,0,23
Greene,Town of Catskill 4 LD 1,U. S. House,19,DEM,Jeff Beals,3,0,3
Greene,Town of Catskill 5 LD 1,U. S. House,19,DEM,Jeff Beals,0,0,0
Greene,Town of Catskill 6 LD 1,U. S. House,19,DEM,Jeff Beals,5,0,5
Greene,Town of Catskill 7 LD 1,U. S. House,19,DEM,Jeff Beals,12,0,12
Greene,Town of Catskill 8 LD 1,U. S. House,19,DEM,Jeff Beals,2,0,2
Greene,Town of Catskill 9 LD 1,U. S. House,19,DEM,Jeff Beals,16,0,16
Greene,Town of Catskill 10 LD 1,U. S. House,19,DEM,Jeff Beals,22,0,22
Greene,Town of Catskill 11 LD 1,U. S. House,19,DEM,Jeff Beals,5,0,5
Greene,Town of Catskill 12 LD 1,U. S. House,19,DEM,Jeff Beals,0,0,0
Greene,Town of Catskill 13 LD 1,U. S. House,19,DEM,Jeff Beals,6,0,6
Greene,Town of Catskill 14 LD 1,U. S. House,19,DEM,Jeff Beals,6,0,6
Greene,Town of Coxsackie 1 LD 2,U. S. House,19,DEM,Jeff Beals,12,0,12
Greene,Town of Coxsackie 2 LD 2,U. S. House,19,DEM,Jeff Beals,5,0,5
Greene,Town of Coxsackie 3 LD 2,U. S. House,19,DEM,Jeff Beals,2,0,2
Greene,Town of Coxsackie 4 LD 2,U. S. House,19,DEM,Jeff Beals,2,0,2
Greene,Town of Coxsackie 5 LD 2,U. S. House,19,DEM,Jeff Beals,2,0,2
Greene,Town of Coxsackie 6 LD 2,U. S. House,19,DEM,Jeff Beals,3,0,3
Greene,Town of Durham 1 LD 9,U. S. House,19,DEM,Jeff Beals,9,0,9
Greene,Town of Durham 2 LD 9,U. S. House,19,DEM,Jeff Beals,6,0,6
Greene,Town of Greenville 1 LD 4,U. S. House,19,DEM,Jeff Beals,5,0,5
Greene,Town of Greenville 2 LD 4,U. S. House,19,DEM,Jeff Beals,1,0,1
Greene,Town of Greenville 3 LD 4,U. S. House,19,DEM,Jeff Beals,10,0,10
Greene,Town of Halcott 1 LD 7,U. S. House,19,DEM,Jeff Beals,0,0,0
Greene,Town of Hunter 1 LD 7,U. S. House,19,DEM,Jeff Beals,10,0,10
Greene,Town of Hunter 2 LD 7,U. S. House,19,DEM,Jeff Beals,4,0,4
Greene,Town of Hunter 3 LD 7,U. S. House,19,DEM,Jeff Beals,5,0,5
Greene,Town of Hunter 4 LD 7,U. S. House,19,DEM,Jeff Beals,1,0,1
Greene,Town of Jewett 1 LD 6,U. S. House,19,DEM,Jeff Beals,4,0,4
Greene,Town of Lexington 1 LD 7,U. S. House,19,DEM,Jeff Beals,5,0,5
Greene,Town of Lexington 2 LD 7,U. S. House,19,DEM,Jeff Beals,5,0,5
Greene,Town of New Baltimore 1 LD 5,U. S. House,19,DEM,Jeff Beals,5,0,5
Greene,Town of New Baltimore 2 LD 5,U. S. House,19,DEM,Jeff Beals,5,0,5
Greene,Town of New Baltimore 3 LD 5,U. S. House,19,DEM,Jeff Beals,0,0,0
Greene,Town of New Baltimore 4 LD 5,U. S. House,19,DEM,Jeff Beals,2,0,2
Greene,Town of Prattsville 1 LD 6,U. S. House,19,DEM,Jeff Beals,0,0,0
Greene,Town of Windham 1 LD 6,U. S. House,19,DEM,Jeff Beals,1,0,1
Greene,Town of Windham 2 LD 6,U. S. House,19,DEM,Jeff Beals,3,0,3
Greene,ASH ABS 1,U. S. House,19,DEM,Jeff Beals,0,0,0
Greene,ATH ABS 1,U. S. House,19,DEM,Jeff Beals,2,2,0
Greene,ATH ABS 2,U. S. House,19,DEM,Jeff Beals,0,0,0
Greene,ATH ABS 3,U. S. House,19,DEM,Jeff Beals,2,2,0
Greene,ATH ABS 4,U. S. House,19,DEM,Jeff Beals,0,0,0
Greene,CAR ABS 1,U. S. House,19,DEM,Jeff Beals,0,0,0
Greene,CAR ABS 2,U. S. House,19,DEM,Jeff Beals,1,1,0
Greene,CAR ABS 3,U. S. House,19,DEM,Jeff Beals,0,0,0
Greene,CAR ABS 4,U. S. House,19,DEM,Jeff Beals,0,0,0
Greene,CAR ABS 5,U. S. House,19,DEM,Jeff Beals,0,0,0
Greene,CAR ABS 6,U. S. House,19,DEM,Jeff Beals,2,2,0
Greene,CAR ABS 7,U. S. House,19,DEM,Jeff Beals,0,0,0
Greene,CAT ABS 1,U. S. House,19,DEM,Jeff Beals,1,1,0
Greene,CAT ABS 2,U. S. House,19,DEM,Jeff Beals,0,0,0
Greene,CAT ABS 3,U. S. House,19,DEM,Jeff Beals,0,0,0
Greene,CAT ABS 4,U. S. House,19,DEM,Jeff Beals,0,0,0
Greene,CAT ABS 5,U. S. House,19,DEM,Jeff Beals,0,0,0
Greene,CAT ABS 6,U. S. House,19,DEM,Jeff Beals,0,0,0
Greene,CAT ABS 7,U. S. House,19,DEM,Jeff Beals,0,0,0
Greene,CAT ABS 8,U. S. House,19,DEM,Jeff Beals,0,0,0
Greene,CAT ABS 9,U. S. House,19,DEM,Jeff Beals,0,0,0
Greene,CAT ABS 10,U. S. House,19,DEM,Jeff Beals,0,0,0
Greene,CAT ABS 11,U. S. House,19,DEM,Jeff Beals,0,0,0
Greene,CAT ABS 12,U. S. House,19,DEM,Jeff Beals,0,0,0
Greene,CAT ABS 13,U. S. House,19,DEM,Jeff Beals,0,0,0
Greene,CAT ABS 14,U. S. House,19,DEM,Jeff Beals,0,0,0
Greene,COX ABS 1,U. S. House,19,DEM,Jeff Beals,0,0,0
Greene,COX ABS 2,U. S. House,19,DEM,Jeff Beals,0,0,0
Greene,COX ABS 3,U. S. House,19,DEM,Jeff Beals,0,0,0
Greene,COX ABS 4,U. S. House,19,DEM,Jeff Beals,0,0,0
Greene,COX ABS 5,U. S. House,19,DEM,Jeff Beals,0,0,0
Greene,COX ABS 6,U. S. House,19,DEM,Jeff Beals,0,0,0
Greene,DUR ABS 1,U. S. House,19,DEM,Jeff Beals,1,1,0
Greene,DUR ABS 2,U. S. House,19,DEM,Jeff Beals,0,0,0
Greene,GVL ABS 1,U. S. House,19,DEM,Jeff Beals,0,0,0
Greene,GVL ABS 2,U. S. House,19,DEM,Jeff Beals,0,0,0
Greene,GVL ABS 3,U. S. House,19,DEM,Jeff Beals,2,2,0
Greene,HAL ABS 1,U. S. House,19,DEM,Jeff Beals,0,0,0
Greene,HUN ABS 2,U. S. House,19,DEM,Jeff Beals,0,0,0
Greene,HUN ABS 3,U. S. House,19,DEM,Jeff Beals,0,0,0
Greene,HUN ABS 1,U. S. House,19,DEM,Jeff Beals,0,0,0
Greene,HUN ABS 4,U. S. House,19,DEM,Jeff Beals,2,2,0
Greene,JWT ABS 1,U. S. House,19,DEM,Jeff Beals,1,1,0
Greene,LEX ABS 1,U. S. House,19,DEM,Jeff Beals,1,1,0
Greene,LEX ABS 2,U. S. House,19,DEM,Jeff Beals,1,1,0
Greene,NB ABS 2,U. S. House,19,DEM,Jeff Beals,0,0,0
Greene,NB ABS 1,U. S. House,19,DEM,Jeff Beals,1,1,0
Greene,NB ABS 3,U. S. House,19,DEM,Jeff Beals,0,0,0
Greene,NB ABS 4,U. S. House,19,DEM,Jeff Beals,0,0,0
Greene,PRT ABS 1,U. S. House,19,DEM,Jeff Beals,0,0,0
Greene,WIN ABS 1,U. S. House,19,DEM,Jeff Beals,0,0,0
Greene,WIN ABS 2,U. S. House,19,DEM,Jeff Beals,0,0,0
Greene,Town of Ashland 1 LD 6,U. S. House,19,DEM,Dave Clegg,2,0,0
Greene,Town of Athens 1 LD 3,U. S. House,19,DEM,Dave Clegg,0,0,0
Greene,Town of Athens 2 LD 3,U. S. House,19,DEM,Dave Clegg,0,0,0
Greene,Town of Athens 3 LD 3,U. S. House,19,DEM,Dave Clegg,3,0,3
Greene,Town of Athens 4 LD 3,U. S. House,19,DEM,Dave Clegg,1,0,1
Greene,Town of Cairo 1 LD 8,U. S. House,19,DEM,Dave Clegg,1,0,1
Greene,Town of Cairo 2 LD 8,U. S. House,19,DEM,Dave Clegg,0,0,0
Greene,Town of Cairo 3 LD 8,U. S. House,19,DEM,Dave Clegg,0,0,0
Greene,Town of Cairo 4 LD 8,U. S. House,19,DEM,Dave Clegg,0,0,0
Greene,Town of Cairo 5 LD 8,U. S. House,19,DEM,Dave Clegg,0,0,0
Greene,Town of Cairo 6 LD 8,U. S. House,19,DEM,Dave Clegg,2,0,2
Greene,Town of Cairo 7 LD 8,U. S. House,19,DEM,Dave Clegg,1,0,1
Greene,Town of Catskill 1 LD 1,U. S. House,19,DEM,Dave Clegg,5,0,5
Greene,Town of Catskill 2 LD 1,U. S. House,19,DEM,Dave Clegg,3,0,3
Greene,Town of Catskill 3 LD 1,U. S. House,19,DEM,Dave Clegg,2,0,2
Greene,Town of Catskill 4 LD 1,U. S. House,19,DEM,Dave Clegg,0,0,0
Greene,Town of Catskill 5 LD 1,U. S. House,19,DEM,Dave Clegg,1,0,1
Greene,Town of Catskill 6 LD 1,U. S. House,19,DEM,Dave Clegg,3,0,3
Greene,Town of Catskill 7 LD 1,U. S. House,19,DEM,Dave Clegg,1,0,1
Greene,Town of Catskill 8 LD 1,U. S. House,19,DEM,Dave Clegg,0,0,0
Greene,Town of Catskill 9 LD 1,U. S. House,19,DEM,Dave Clegg,6,0,6
Greene,Town of Catskill 10 LD 1,U. S. House,19,DEM,Dave Clegg,3,0,3
Greene,Town of Catskill 11 LD 1,U. S. House,19,DEM,Dave Clegg,1,0,1
Greene,Town of Catskill 12 LD 1,U. S. House,19,DEM,Dave Clegg,0,0,0
Greene,Town of Catskill 13 LD 1,U. S. House,19,DEM,Dave Clegg,3,0,3
Greene,Town of Catskill 14 LD 1,U. S. House,19,DEM,Dave Clegg,2,0,2
Greene,Town of Coxsackie 1 LD 2,U. S. House,19,DEM,Dave Clegg,4,0,4
Greene,Town of Coxsackie 2 LD 2,U. S. House,19,DEM,Dave Clegg,0,0,0
Greene,Town of Coxsackie 3 LD 2,U. S. House,19,DEM,Dave Clegg,0,0,0
Greene,Town of Coxsackie 4 LD 2,U. S. House,19,DEM,Dave Clegg,3,0,3
Greene,Town of Coxsackie 5 LD 2,U. S. House,19,DEM,Dave Clegg,0,0,0
Greene,Town of Coxsackie 6 LD 2,U. S. House,19,DEM,Dave Clegg,1,0,1
Greene,Town of Durham 1 LD 9,U. S. House,19,DEM,Dave Clegg,0,0,0
Greene,Town of Durham 2 LD 9,U. S. House,19,DEM,Dave Clegg,0,0,0
Greene,Town of Greenville 1 LD 4,U. S. House,19,DEM,Dave Clegg,0,0,0
Greene,Town of Greenville 2 LD 4,U. S. House,19,DEM,Dave Clegg,0,0,0
Greene,Town of Greenville 3 LD 4,U. S. House,19,DEM,Dave Clegg,3,0,3
Greene,Town of Halcott 1 LD 7,U. S. House,19,DEM,Dave Clegg,3,0,3
Greene,Town of Hunter 1 LD 7,U. S. House,19,DEM,Dave Clegg,1,0,1
Greene,Town of Hunter 2 LD 7,U. S. House,19,DEM,Dave Clegg,0,0,0
Greene,Town of Hunter 3 LD 7,U. S. House,19,DEM,Dave Clegg,2,0,2
Greene,Town of Hunter 4 LD 7,U. S. House,19,DEM,Dave Clegg,1,0,1
Greene,Town of Jewett 1 LD 6,U. S. House,19,DEM,Dave Clegg,0,0,0
Greene,Town of Lexington 1 LD 7,U. S. House,19,DEM,Dave Clegg,10,0,10
Greene,Town of Lexington 2 LD 7,U. S. House,19,DEM,Dave Clegg,5,0,5
Greene,Town of New Baltimore 1 LD 5,U. S. House,19,DEM,Dave Clegg,1,0,1
Greene,Town of New Baltimore 2 LD 5,U. S. House,19,DEM,Dave Clegg,0,0,0
Greene,Town of New Baltimore 3 LD 5,U. S. House,19,DEM,Dave Clegg,2,0,2
Greene,Town of New Baltimore 4 LD 5,U. S. House,19,DEM,Dave Clegg,0,0,0
Greene,Town of Prattsville 1 LD 6,U. S. House,19,DEM,Dave Clegg,0,0,0
Greene,Town of Windham 1 LD 6,U. S. House,19,DEM,Dave Clegg,2,0,2
Greene,Town of Windham 2 LD 6,U. S. House,19,DEM,Dave Clegg,1,0,1
Greene,ASH ABS 1,U. S. House,19,DEM,Dave Clegg,0,0,0
Greene,ATH ABS 1,U. S. House,19,DEM,Dave Clegg,0,0,0
Greene,ATH ABS 2,U. S. House,19,DEM,Dave Clegg,0,0,0
Greene,ATH ABS 3,U. S. House,19,DEM,Dave Clegg,0,0,0
Greene,ATH ABS 4,U. S. House,19,DEM,Dave Clegg,0,0,0
Greene,CAR ABS 1,U. S. House,19,DEM,Dave Clegg,0,0,0
Greene,CAR ABS 2,U. S. House,19,DEM,Dave Clegg,2,2,0
Greene,CAR ABS 3,U. S. House,19,DEM,Dave Clegg,0,0,0
Greene,CAR ABS 4,U. S. House,19,DEM,Dave Clegg,0,0,0
Greene,CAR ABS 5,U. S. House,19,DEM,Dave Clegg,0,0,0
Greene,CAR ABS 6,U. S. House,19,DEM,Dave Clegg,0,0,0
Greene,CAR ABS 7,U. S. House,19,DEM,Dave Clegg,0,0,0
Greene,CAT ABS 1,U. S. House,19,DEM,Dave Clegg,0,0,0
Greene,CAT ABS 2,U. S. House,19,DEM,Dave Clegg,0,0,0
Greene,CAT ABS 3,U. S. House,19,DEM,Dave Clegg,0,0,0
Greene,CAT ABS 4,U. S. House,19,DEM,Dave Clegg,0,0,0
Greene,CAT ABS 5,U. S. House,19,DEM,Dave Clegg,2,2,0
Greene,CAT ABS 6,U. S. House,19,DEM,Dave Clegg,0,0,0
Greene,CAT ABS 7,U. S. House,19,DEM,Dave Clegg,0,0,0
Greene,CAT ABS 8,U. S. House,19,DEM,Dave Clegg,0,0,0
Greene,CAT ABS 9,U. S. House,19,DEM,Dave Clegg,0,0,0
Greene,CAT ABS 10,U. S. House,19,DEM,Dave Clegg,0,0,0
Greene,CAT ABS 11,U. S. House,19,DEM,Dave Clegg,0,0,0
Greene,CAT ABS 12,U. S. House,19,DEM,Dave Clegg,0,0,0
Greene,CAT ABS 13,U. S. House,19,DEM,Dave Clegg,0,0,0
Greene,CAT ABS 14,U. S. House,19,DEM,Dave Clegg,0,0,0
Greene,COX ABS 1,U. S. House,19,DEM,Dave Clegg,0,0,0
Greene,COX ABS 2,U. S. House,19,DEM,Dave Clegg,1,1,0
Greene,COX ABS 3,U. S. House,19,DEM,Dave Clegg,0,0,0
Greene,COX ABS 4,U. S. House,19,DEM,Dave Clegg,0,0,0
Greene,COX ABS 5,U. S. House,19,DEM,Dave Clegg,0,0,0
Greene,COX ABS 6,U. S. House,19,DEM,Dave Clegg,0,0,0
Greene,DUR ABS 1,U. S. House,19,DEM,Dave Clegg,0,0,0
Greene,DUR ABS 2,U. S. House,19,DEM,Dave Clegg,0,0,0
Greene,GVL ABS 1,U. S. House,19,DEM,Dave Clegg,0,0,0
Greene,GVL ABS 2,U. S. House,19,DEM,Dave Clegg,0,0,0
Greene,GVL ABS 3,U. S. House,19,DEM,Dave Clegg,0,0,0
Greene,HAL ABS 1,U. S. House,19,DEM,Dave Clegg,1,1,0
Greene,HUN ABS 2,U. S. House,19,DEM,Dave Clegg,0,0,0
Greene,HUN ABS 3,U. S. House,19,DEM,Dave Clegg,0,0,0
Greene,HUN ABS 1,U. S. House,19,DEM,Dave Clegg,0,0,0
Greene,HUN ABS 4,U. S. House,19,DEM,Dave Clegg,0,0,0
Greene,JWT ABS 1,U. S. House,19,DEM,Dave Clegg,1,1,0
Greene,LEX ABS 1,U. S. House,19,DEM,Dave Clegg,1,1,0
Greene,LEX ABS 2,U. S. House,19,DEM,Dave Clegg,0,0,0
Greene,NB ABS 2,U. S. House,19,DEM,Dave Clegg,0,0,0
Greene,NB ABS 1,U. S. House,19,DEM,Dave Clegg,2,2,0
Greene,NB ABS 3,U. S. House,19,DEM,Dave Clegg,0,0,0
Greene,NB ABS 4,U. S. House,19,DEM,Dave Clegg,0,0,0
Greene,PRT ABS 1,U. S. House,19,DEM,Dave Clegg,0,0,0
Greene,WIN ABS 1,U. S. House,19,DEM,Dave Clegg,0,0,0
Greene,WIN ABS 2,U. S. House,19,DEM,Dave Clegg,0,0,0
Greene,Town of Ashland 1 LD 6,U. S. House,19,DEM,Write-in,0,0,0
Greene,Town of Athens 1 LD 3,U. S. House,19,DEM,Write-in,0,0,0
Greene,Town of Athens 2 LD 3,U. S. House,19,DEM,Write-in,0,0,0
Greene,Town of Athens 3 LD 3,U. S. House,19,DEM,Write-in,0,0,0
Greene,Town of Athens 4 LD 3,U. S. House,19,DEM,Write-in,0,0,0
Greene,Town of Cairo 1 LD 8,U. S. House,19,DEM,Write-in,0,0,0
Greene,Town of Cairo 2 LD 8,U. S. House,19,DEM,Write-in,0,0,0
Greene,Town of Cairo 3 LD 8,U. S. House,19,DEM,Write-in,0,0,0
Greene,Town of Cairo 4 LD 8,U. S. House,19,DEM,Write-in,0,0,0
Greene,Town of Cairo 5 LD 8,U. S. House,19,DEM,Write-in,0,0,0
Greene,Town of Cairo 6 LD 8,U. S. House,19,DEM,Write-in,0,0,0
Greene,Town of Cairo 7 LD 8,U. S. House,19,DEM,Write-in,0,0,0
Greene,Town of Catskill 1 LD 1,U. S. House,19,DEM,Write-in,0,0,0
Greene,Town of Catskill 2 LD 1,U. S. House,19,DEM,Write-in,0,0,0
Greene,Town of Catskill 3 LD 1,U. S. House,19,DEM,Write-in,0,0,0
Greene,Town of Catskill 4 LD 1,U. S. House,19,DEM,Write-in,0,0,0
Greene,Town of Catskill 5 LD 1,U. S. House,19,DEM,Write-in,0,0,0
Greene,Town of Catskill 6 LD 1,U. S. House,19,DEM,Write-in,0,0,0
Greene,Town of Catskill 7 LD 1,U. S. House,19,DEM,Write-in,0,0,0
Greene,Town of Catskill 8 LD 1,U. S. House,19,DEM,Write-in,0,0,0
Greene,Town of Catskill 9 LD 1,U. S. House,19,DEM,Write-in,0,0,0
Greene,Town of Catskill 10 LD 1,U. S. House,19,DEM,Write-in,0,0,0
Greene,Town of Catskill 11 LD 1,U. S. House,19,DEM,Write-in,0,0,0
Greene,Town of Catskill 12 LD 1,U. S. House,19,DEM,Write-in,0,0,0
Greene,Town of Catskill 13 LD 1,U. S. House,19,DEM,Write-in,0,0,0
Greene,Town of Catskill 14 LD 1,U. S. House,19,DEM,Write-in,0,0,0
Greene,Town of Coxsackie 1 LD 2,U. S. House,19,DEM,Write-in,0,0,0
Greene,Town of Coxsackie 2 LD 2,U. S. House,19,DEM,Write-in,0,0,0
Greene,Town of Coxsackie 3 LD 2,U. S. House,19,DEM,Write-in,0,0,0
Greene,Town of Coxsackie 4 LD 2,U. S. House,19,DEM,Write-in,0,0,0
Greene,Town of Coxsackie 5 LD 2,U. S. House,19,DEM,Write-in,0,0,0
Greene,Town of Coxsackie 6 LD 2,U. S. House,19,DEM,Write-in,0,0,0
Greene,Town of Durham 1 LD 9,U. S. House,19,DEM,Write-in,0,0,0
Greene,Town of Durham 2 LD 9,U. S. House,19,DEM,Write-in,0,0,0
Greene,Town of Greenville 1 LD 4,U. S. House,19,DEM,Write-in,0,0,0
Greene,Town of Greenville 2 LD 4,U. S. House,19,DEM,Write-in,0,0,0
Greene,Town of Greenville 3 LD 4,U. S. House,19,DEM,Write-in,0,0,0
Greene,Town of Halcott 1 LD 7,U. S. House,19,DEM,Write-in,0,0,0
Greene,Town of Hunter 1 LD 7,U. S. House,19,DEM,Write-in,0,0,0
Greene,Town of Hunter 2 LD 7,U. S. House,19,DEM,Write-in,0,0,0
Greene,Town of Hunter 3 LD 7,U. S. House,19,DEM,Write-in,0,0,0
Greene,Town of Hunter 4 LD 7,U. S. House,19,DEM,Write-in,0,0,0
Greene,Town of Jewett 1 LD 6,U. S. House,19,DEM,Write-in,0,0,0
Greene,Town of Lexington 1 LD 7,U. S. House,19,DEM,Write-in,0,0,0
Greene,Town of Lexington 2 LD 7,U. S. House,19,DEM,Write-in,0,0,0
Greene,Town of New Baltimore 1 LD 5,U. S. House,19,DEM,Write-in,0,0,0
Greene,Town of New Baltimore 2 LD 5,U. S. House,19,DEM,Write-in,0,0,0
Greene,Town of New Baltimore 3 LD 5,U. S. House,19,DEM,Write-in,0,0,0
Greene,Town of New Baltimore 4 LD 5,U. S. House,19,DEM,Write-in,0,0,0
Greene,Town of Prattsville 1 LD 6,U. S. House,19,DEM,Write-in,0,0,0
Greene,Town of Windham 1 LD 6,U. S. House,19,DEM,Write-in,0,0,0
Greene,Town of Windham 2 LD 6,U. S. House,19,DEM,Write-in,0,0,0
Greene,ASH ABS 1,U. S. House,19,DEM,Write-in,0,0,0
Greene,ATH ABS 1,U. S. House,19,DEM,Write-in,0,0,0
Greene,ATH ABS 2,U. S. House,19,DEM,Write-in,0,0,0
Greene,ATH ABS 3,U. S. House,19,DEM,Write-in,0,0,0
Greene,ATH ABS 4,U. S. House,19,DEM,Write-in,0,0,0
Greene,CAR ABS 1,U. S. House,19,DEM,Write-in,0,0,0
Greene,CAR ABS 2,U. S. House,19,DEM,Write-in,0,0,0
Greene,CAR ABS 3,U. S. House,19,DEM,Write-in,0,0,0
Greene,CAR ABS 4,U. S. House,19,DEM,Write-in,0,0,0
Greene,CAR ABS 5,U. S. House,19,DEM,Write-in,0,0,0
Greene,CAR ABS 6,U. S. House,19,DEM,Write-in,0,0,0
Greene,CAR ABS 7,U. S. House,19,DEM,Write-in,0,0,0
Greene,CAT ABS 1,U. S. House,19,DEM,Write-in,0,0,0
Greene,CAT ABS 2,U. S. House,19,DEM,Write-in,0,0,0
Greene,CAT ABS 3,U. S. House,19,DEM,Write-in,0,0,0
Greene,CAT ABS 4,U. S. House,19,DEM,Write-in,0,0,0
Greene,CAT ABS 5,U. S. House,19,DEM,Write-in,0,0,0
Greene,CAT ABS 6,U. S. House,19,DEM,Write-in,0,0,0
Greene,CAT ABS 7,U. S. House,19,DEM,Write-in,0,0,0
Greene,CAT ABS 8,U. S. House,19,DEM,Write-in,0,0,0
Greene,CAT ABS 9,U. S. House,19,DEM,Write-in,0,0,0
Greene,CAT ABS 10,U. S. House,19,DEM,Write-in,0,0,0
Greene,CAT ABS 11,U. S. House,19,DEM,Write-in,0,0,0
Greene,CAT ABS 12,U. S. House,19,DEM,Write-in,0,0,0
Greene,CAT ABS 13,U. S. House,19,DEM,Write-in,0,0,0
Greene,CAT ABS 14,U. S. House,19,DEM,Write-in,0,0,0
Greene,COX ABS 1,U. S. House,19,DEM,Write-in,0,0,0
Greene,COX ABS 2,U. S. House,19,DEM,Write-in,0,0,0
Greene,COX ABS 3,U. S. House,19,DEM,Write-in,0,0,0
Greene,COX ABS 4,U. S. House,19,DEM,Write-in,0,0,0
Greene,COX ABS 5,U. S. House,19,DEM,Write-in,0,0,0
Greene,COX ABS 6,U. S. House,19,DEM,Write-in,0,0,0
Greene,DUR ABS 1,U. S. House,19,DEM,Write-in,0,0,0
Greene,DUR ABS 2,U. S. House,19,DEM,Write-in,0,0,0
Greene,GVL ABS 1,U. S. House,19,DEM,Write-in,0,0,0
Greene,GVL ABS 2,U. S. House,19,DEM,Write-in,0,0,0
Greene,GVL ABS 3,U. S. House,19,DEM,Write-in,0,0,0
Greene,HAL ABS 1,U. S. House,19,DEM,Write-in,0,0,0
Greene,HUN ABS 2,U. S. House,19,DEM,Write-in,0,0,0
Greene,HUN ABS 3,U. S. House,19,DEM,Write-in,0,0,0
Greene,HUN ABS 1,U. S. House,19,DEM,Write-in,0,0,0
Greene,HUN ABS 4,U. S. House,19,DEM,Write-in,0,0,0
Greene,JWT ABS 1,U. S. House,19,DEM,Write-in,0,0,0
Greene,LEX ABS 1,U. S. House,19,DEM,Write-in,0,0,0
Greene,LEX ABS 2,U. S. House,19,DEM,Write-in,0,0,0
Greene,NB ABS 2,U. S. House,19,DEM,Write-in,0,0,0
Greene,NB ABS 1,U. S. House,19,DEM,Write-in,0,0,0
Greene,NB ABS 3,U. S. House,19,DEM,Write-in,0,0,0
Greene,NB ABS 4,U. S. House,19,DEM,Write-in,0,0,0
Greene,PRT ABS 1,U. S. House,19,DEM,Write-in,0,0,0
Greene,WIN ABS 1,U. S. House,19,DEM,Write-in,0,0,0
Greene,WIN ABS 2,U. S. House,19,DEM,Write-in,0,0,0
Greene,Town of Ashland 1 LD 6,U. S. House,19,DEM,Undervotes,0,0,0
Greene,Town of Athens 1 LD 3,U. S. House,19,DEM,Undervotes,0,0,0
Greene,Town of Athens 2 LD 3,U. S. House,19,DEM,Undervotes,0,0,0
Greene,Town of Athens 3 LD 3,U. S. House,19,DEM,Undervotes,0,0,0
Greene,Town of Athens 4 LD 3,U. S. House,19,DEM,Undervotes,0,0,0
Greene,Town of Cairo 1 LD 8,U. S. House,19,DEM,Undervotes,0,0,0
Greene,Town of Cairo 2 LD 8,U. S. House,19,DEM,Undervotes,0,0,0
Greene,Town of Cairo 3 LD 8,U. S. House,19,DEM,Undervotes,0,0,0
Greene,Town of Cairo 4 LD 8,U. S. House,19,DEM,Undervotes,0,0,0
Greene,Town of Cairo 5 LD 8,U. S. House,19,DEM,Undervotes,0,0,0
Greene,Town of Cairo 6 LD 8,U. S. House,19,DEM,Undervotes,0,0,0
Greene,Town of Cairo 7 LD 8,U. S. House,19,DEM,Undervotes,0,0,0
Greene,Town of Catskill 1 LD 1,U. S. House,19,DEM,Undervotes,0,0,0
Greene,Town of Catskill 2 LD 1,U. S. House,19,DEM,Undervotes,0,0,0
Greene,Town of Catskill 3 LD 1,U. S. House,19,DEM,Undervotes,0,0,0
Greene,Town of Catskill 4 LD 1,U. S. House,19,DEM,Undervotes,0,0,0
Greene,Town of Catskill 5 LD 1,U. S. House,19,DEM,Undervotes,0,0,0
Greene,Town of Catskill 6 LD 1,U. S. House,19,DEM,Undervotes,0,0,0
Greene,Town of Catskill 7 LD 1,U. S. House,19,DEM,Undervotes,0,0,0
Greene,Town of Catskill 8 LD 1,U. S. House,19,DEM,Undervotes,0,0,0
Greene,Town of Catskill 9 LD 1,U. S. House,19,DEM,Undervotes,0,0,0
Greene,Town of Catskill 10 LD 1,U. S. House,19,DEM,Undervotes,0,0,0
Greene,Town of Catskill 11 LD 1,U. S. House,19,DEM,Undervotes,0,0,0
Greene,Town of Catskill 12 LD 1,U. S. House,19,DEM,Undervotes,0,0,0
Greene,Town of Catskill 13 LD 1,U. S. House,19,DEM,Undervotes,0,0,0
Greene,Town of Catskill 14 LD 1,U. S. House,19,DEM,Undervotes,0,0,0
Greene,Town of Coxsackie 1 LD 2,U. S. House,19,DEM,Undervotes,0,0,0
Greene,Town of Coxsackie 2 LD 2,U. S. House,19,DEM,Undervotes,0,0,0
Greene,Town of Coxsackie 3 LD 2,U. S. House,19,DEM,Undervotes,0,0,0
Greene,Town of Coxsackie 4 LD 2,U. S. House,19,DEM,Undervotes,0,0,0
Greene,Town of Coxsackie 5 LD 2,U. S. House,19,DEM,Undervotes,0,0,0
Greene,Town of Coxsackie 6 LD 2,U. S. House,19,DEM,Undervotes,0,0,0
Greene,Town of Durham 1 LD 9,U. S. House,19,DEM,Undervotes,0,0,0
Greene,Town of Durham 2 LD 9,U. S. House,19,DEM,Undervotes,0,0,0
Greene,Town of Greenville 1 LD 4,U. S. House,19,DEM,Undervotes,0,0,0
Greene,Town of Greenville 2 LD 4,U. S. House,19,DEM,Undervotes,0,0,0
Greene,Town of Greenville 3 LD 4,U. S. House,19,DEM,Undervotes,0,0,0
Greene,Town of Halcott 1 LD 7,U. S. House,19,DEM,Undervotes,0,0,0
Greene,Town of Hunter 1 LD 7,U. S. House,19,DEM,Undervotes,0,0,0
Greene,Town of Hunter 2 LD 7,U. S. House,19,DEM,Undervotes,0,0,0
Greene,Town of Hunter 3 LD 7,U. S. House,19,DEM,Undervotes,0,0,0
Greene,Town of Hunter 4 LD 7,U. S. House,19,DEM,Undervotes,0,0,0
Greene,Town of Jewett 1 LD 6,U. S. House,19,DEM,Undervotes,0,0,0
Greene,Town of Lexington 1 LD 7,U. S. House,19,DEM,Undervotes,0,0,0
Greene,Town of Lexington 2 LD 7,U. S. House,19,DEM,Undervotes,0,0,0
Greene,Town of New Baltimore 1 LD 5,U. S. House,19,DEM,Undervotes,0,0,0
Greene,Town of New Baltimore 2 LD 5,U. S. House,19,DEM,Undervotes,0,0,0
Greene,Town of New Baltimore 3 LD 5,U. S. House,19,DEM,Undervotes,0,0,0
Greene,Town of New Baltimore 4 LD 5,U. S. House,19,DEM,Undervotes,0,0,0
Greene,Town of Prattsville 1 LD 6,U. S. House,19,DEM,Undervotes,0,0,0
Greene,Town of Windham 1 LD 6,U. S. House,19,DEM,Undervotes,0,0,0
Greene,Town of Windham 2 LD 6,U. S. House,19,DEM,Undervotes,0,0,0
Greene,ASH ABS 1,U. S. House,19,DEM,Undervotes,0,0,0
Greene,ATH ABS 1,U. S. House,19,DEM,Undervotes,0,0,0
Greene,ATH ABS 2,U. S. House,19,DEM,Undervotes,0,0,0
Greene,ATH ABS 3,U. S. House,19,DEM,Undervotes,0,0,0
Greene,ATH ABS 4,U. S. House,19,DEM,Undervotes,0,0,0
Greene,CAR ABS 1,U. S. House,19,DEM,Undervotes,0,0,0
Greene,CAR ABS 2,U. S. House,19,DEM,Undervotes,1,1,0
Greene,CAR ABS 3,U. S. House,19,DEM,Undervotes,0,0,0
Greene,CAR ABS 4,U. S. House,19,DEM,Undervotes,0,0,0
Greene,CAR ABS 5,U. S. House,19,DEM,Undervotes,0,0,0
Greene,CAR ABS 6,U. S. House,19,DEM,Undervotes,0,0,0
Greene,CAR ABS 7,U. S. House,19,DEM,Undervotes,0,0,0
Greene,CAT ABS 1,U. S. House,19,DEM,Undervotes,0,0,0
Greene,CAT ABS 2,U. S. House,19,DEM,Undervotes,0,0,0
Greene,CAT ABS 3,U. S. House,19,DEM,Undervotes,0,0,0
Greene,CAT ABS 4,U. S. House,19,DEM,Undervotes,0,0,0
Greene,CAT ABS 5,U. S. House,19,DEM,Undervotes,0,0,0
Greene,CAT ABS 6,U. S. House,19,DEM,Undervotes,0,0,0
Greene,CAT ABS 7,U. S. House,19,DEM,Undervotes,0,0,0
Greene,CAT ABS 8,U. S. House,19,DEM,Undervotes,0,0,0
Greene,CAT ABS 9,U. S. House,19,DEM,Undervotes,0,0,0
Greene,CAT ABS 10,U. S. House,19,DEM,Undervotes,0,0,0
Greene,CAT ABS 11,U. S. House,19,DEM,Undervotes,0,0,0
Greene,CAT ABS 12,U. S. House,19,DEM,Undervotes,0,0,0
Greene,CAT ABS 13,U. S. House,19,DEM,Undervotes,0,0,0
Greene,CAT ABS 14,U. S. House,19,DEM,Undervotes,0,0,0
Greene,COX ABS 1,U. S. House,19,DEM,Undervotes,0,0,0
Greene,COX ABS 2,U. S. House,19,DEM,Undervotes,0,0,0
Greene,COX ABS 3,U. S. House,19,DEM,Undervotes,0,0,0
Greene,COX ABS 4,U. S. House,19,DEM,Undervotes,0,0,0
Greene,COX ABS 5,U. S. House,19,DEM,Undervotes,0,0,0
Greene,COX ABS 6,U. S. House,19,DEM,Undervotes,0,0,0
Greene,DUR ABS 1,U. S. House,19,DEM,Undervotes,0,0,0
Greene,DUR ABS 2,U. S. House,19,DEM,Undervotes,0,0,0
Greene,GVL ABS 1,U. S. House,19,DEM,Undervotes,0,0,0
Greene,GVL ABS 2,U. S. House,19,DEM,Undervotes,0,0,0
Greene,GVL ABS 3,U. S. House,19,DEM,Undervotes,0,0,0
Greene,HAL ABS 1,U. S. House,19,DEM,Undervotes,0,0,0
Greene,HUN ABS 2,U. S. House,19,DEM,Undervotes,0,0,0
Greene,HUN ABS 3,U. S. House,19,DEM,Undervotes,0,0,0
Greene,HUN ABS 1,U. S. House,19,DEM,Undervotes,0,0,0
Greene,HUN ABS 4,U. S. House,19,DEM,Undervotes,0,0,0
Greene,JWT ABS 1,U. S. House,19,DEM,Undervotes,0,0,0
Greene,LEX ABS 1,U. S. House,19,DEM,Undervotes,0,0,0
Greene,LEX ABS 2,U. S. House,19,DEM,Undervotes,0,0,0
Greene,NB ABS 2,U. S. House,19,DEM,Undervotes,0,0,0
Greene,NB ABS 1,U. S. House,19,DEM,Undervotes,0,0,0
Greene,NB ABS 3,U. S. House,19,DEM,Undervotes,0,0,0
Greene,NB ABS 4,U. S. House,19,DEM,Undervotes,0,0,0
Greene,PRT ABS 1,U. S. House,19,DEM,Undervotes,0,0,0
Greene,WIN ABS 1,U. S. House,19,DEM,Undervotes,0,0,0
Greene,WIN ABS 2,U. S. House,19,DEM,Undervotes,0,0,0
Greene,Town of Ashland 1 LD 6,U. S. House,19,DEM,Overvotes,0,0,0
Greene,Town of Athens 1 LD 3,U. S. House,19,DEM,Overvotes,0,0,0
Greene,Town of Athens 2 LD 3,U. S. House,19,DEM,Overvotes,0,0,0
Greene,Town of Athens 3 LD 3,U. S. House,19,DEM,Overvotes,0,0,0
Greene,Town of Athens 4 LD 3,U. S. House,19,DEM,Overvotes,0,0,0
Greene,Town of Cairo 1 LD 8,U. S. House,19,DEM,Overvotes,0,0,0
Greene,Town of Cairo 2 LD 8,U. S. House,19,DEM,Overvotes,0,0,0
Greene,Town of Cairo 3 LD 8,U. S. House,19,DEM,Overvotes,0,0,0
Greene,Town of Cairo 4 LD 8,U. S. House,19,DEM,Overvotes,0,0,0
Greene,Town of Cairo 5 LD 8,U. S. House,19,DEM,Overvotes,0,0,0
Greene,Town of Cairo 6 LD 8,U. S. House,19,DEM,Overvotes,0,0,0
Greene,Town of Cairo 7 LD 8,U. S. House,19,DEM,Overvotes,0,0,0
Greene,Town of Catskill 1 LD 1,U. S. House,19,DEM,Overvotes,0,0,0
Greene,Town of Catskill 2 LD 1,U. S. House,19,DEM,Overvotes,0,0,0
Greene,Town of Catskill 3 LD 1,U. S. House,19,DEM,Overvotes,0,0,0
Greene,Town of Catskill 4 LD 1,U. S. House,19,DEM,Overvotes,0,0,0
Greene,Town of Catskill 5 LD 1,U. S. House,19,DEM,Overvotes,0,0,0
Greene,Town of Catskill 6 LD 1,U. S. House,19,DEM,Overvotes,0,0,0
Greene,Town of Catskill 7 LD 1,U. S. House,19,DEM,Overvotes,0,0,0
Greene,Town of Catskill 8 LD 1,U. S. House,19,DEM,Overvotes,0,0,0
Greene,Town of Catskill 9 LD 1,U. S. House,19,DEM,Overvotes,0,0,0
Greene,Town of Catskill 10 LD 1,U. S. House,19,DEM,Overvotes,0,0,0
Greene,Town of Catskill 11 LD 1,U. S. House,19,DEM,Overvotes,0,0,0
Greene,Town of Catskill 12 LD 1,U. S. House,19,DEM,Overvotes,0,0,0
Greene,Town of Catskill 13 LD 1,U. S. House,19,DEM,Overvotes,0,0,0
Greene,Town of Catskill 14 LD 1,U. S. House,19,DEM,Overvotes,0,0,0
Greene,Town of Coxsackie 1 LD 2,U. S. House,19,DEM,Overvotes,0,0,0
Greene,Town of Coxsackie 2 LD 2,U. S. House,19,DEM,Overvotes,0,0,0
Greene,Town of Coxsackie 3 LD 2,U. S. House,19,DEM,Overvotes,0,0,0
Greene,Town of Coxsackie 4 LD 2,U. S. House,19,DEM,Overvotes,0,0,0
Greene,Town of Coxsackie 5 LD 2,U. S. House,19,DEM,Overvotes,0,0,0
Greene,Town of Coxsackie 6 LD 2,U. S. House,19,DEM,Overvotes,0,0,0
Greene,Town of Durham 1 LD 9,U. S. House,19,DEM,Overvotes,0,0,0
Greene,Town of Durham 2 LD 9,U. S. House,19,DEM,Overvotes,0,0,0
Greene,Town of Greenville 1 LD 4,U. S. House,19,DEM,Overvotes,0,0,0
Greene,Town of Greenville 2 LD 4,U. S. House,19,DEM,Overvotes,0,0,0
Greene,Town of Greenville 3 LD 4,U. S. House,19,DEM,Overvotes,0,0,0
Greene,Town of Halcott 1 LD 7,U. S. House,19,DEM,Overvotes,0,0,0
Greene,Town of Hunter 1 LD 7,U. S. House,19,DEM,Overvotes,0,0,0
Greene,Town of Hunter 2 LD 7,U. S. House,19,DEM,Overvotes,0,0,0
Greene,Town of Hunter 3 LD 7,U. S. House,19,DEM,Overvotes,0,0,0
Greene,Town of Hunter 4 LD 7,U. S. House,19,DEM,Overvotes,0,0,0
Greene,Town of Jewett 1 LD 6,U. S. House,19,DEM,Overvotes,0,0,0
Greene,Town of Lexington 1 LD 7,U. S. House,19,DEM,Overvotes,0,0,0
Greene,Town of Lexington 2 LD 7,U. S. House,19,DEM,Overvotes,0,0,0
Greene,Town of New Baltimore 1 LD 5,U. S. House,19,DEM,Overvotes,0,0,0
Greene,Town of New Baltimore 2 LD 5,U. S. House,19,DEM,Overvotes,0,0,0
Greene,Town of New Baltimore 3 LD 5,U. S. House,19,DEM,Overvotes,0,0,0
Greene,Town of New Baltimore 4 LD 5,U. S. House,19,DEM,Overvotes,0,0,0
Greene,Town of Prattsville 1 LD 6,U. S. House,19,DEM,Overvotes,0,0,0
Greene,Town of Windham 1 LD 6,U. S. House,19,DEM,Overvotes,2,0,2
Greene,Town of Windham 2 LD 6,U. S. House,19,DEM,Overvotes,0,0,0
Greene,ASH ABS 1,U. S. House,19,DEM,Overvotes,0,0,0
Greene,ATH ABS 1,U. S. House,19,DEM,Overvotes,0,0,0
Greene,ATH ABS 2,U. S. House,19,DEM,Overvotes,0,0,0
Greene,ATH ABS 3,U. S. House,19,DEM,Overvotes,0,0,0
Greene,ATH ABS 4,U. S. House,19,DEM,Overvotes,0,0,0
Greene,CAR ABS 1,U. S. House,19,DEM,Overvotes,0,0,0
Greene,CAR ABS 2,U. S. House,19,DEM,Overvotes,0,0,0
Greene,CAR ABS 3,U. S. House,19,DEM,Overvotes,0,0,0
Greene,CAR ABS 4,U. S. House,19,DEM,Overvotes,0,0,0
Greene,CAR ABS 5,U. S. House,19,DEM,Overvotes,0,0,0
Greene,CAR ABS 6,U. S. House,19,DEM,Overvotes,0,0,0
Greene,CAR ABS 7,U. S. House,19,DEM,Overvotes,0,0,0
Greene,CAT ABS 1,U. S. House,19,DEM,Overvotes,0,0,0
Greene,CAT ABS 2,U. S. House,19,DEM,Overvotes,0,0,0
Greene,CAT ABS 3,U. S. House,19,DEM,Overvotes,0,0,0
Greene,CAT ABS 4,U. S. House,19,DEM,Overvotes,0,0,0
Greene,CAT ABS 5,U. S. House,19,DEM,Overvotes,0,0,0
Greene,CAT ABS 6,U. S. House,19,DEM,Overvotes,0,0,0
Greene,CAT ABS 7,U. S. House,19,DEM,Overvotes,0,0,0
Greene,CAT ABS 8,U. S. House,19,DEM,Overvotes,0,0,0
Greene,CAT ABS 9,U. S. House,19,DEM,Overvotes,0,0,0
Greene,CAT ABS 10,U. S. House,19,DEM,Overvotes,0,0,0
Greene,CAT ABS 11,U. S. House,19,DEM,Overvotes,0,0,0
Greene,CAT ABS 12,U. S. House,19,DEM,Overvotes,0,0,0
Greene,CAT ABS 13,U. S. House,19,DEM,Overvotes,0,0,0
Greene,CAT ABS 14,U. S. House,19,DEM,Overvotes,0,0,0
Greene,COX ABS 1,U. S. House,19,DEM,Overvotes,0,0,0
Greene,COX ABS 2,U. S. House,19,DEM,Overvotes,0,0,0
Greene,COX ABS 3,U. S. House,19,DEM,Overvotes,0,0,0
Greene,COX ABS 4,U. S. House,19,DEM,Overvotes,0,0,0
Greene,COX ABS 5,U. S. House,19,DEM,Overvotes,0,0,0
Greene,COX ABS 6,U. S. House,19,DEM,Overvotes,0,0,0
Greene,DUR ABS 1,U. S. House,19,DEM,Overvotes,0,0,0
Greene,DUR ABS 2,U. S. House,19,DEM,Overvotes,0,0,0
Greene,GVL ABS 1,U. S. House,19,DEM,Overvotes,0,0,0
Greene,GVL ABS 2,U. S. House,19,DEM,Overvotes,0,0,0
Greene,GVL ABS 3,U. S. House,19,DEM,Overvotes,0,0,0
Greene,HAL ABS 1,U. S. House,19,DEM,Overvotes,0,0,0
Greene,HUN ABS 2,U. S. House,19,DEM,Overvotes,0,0,0
Greene,HUN ABS 3,U. S. House,19,DEM,Overvotes,0,0,0
Greene,HUN ABS 1,U. S. House,19,DEM,Overvotes,0,0,0
Greene,HUN ABS 4,U. S. House,19,DEM,Overvotes,0,0,0
Greene,JWT ABS 1,U. S. House,19,DEM,Overvotes,0,0,0
Greene,LEX ABS 1,U. S. House,19,DEM,Overvotes,0,0,0
Greene,LEX ABS 2,U. S. House,19,DEM,Overvotes,0,0,0
Greene,NB ABS 2,U. S. House,19,DEM,Overvotes,0,0,0
Greene,NB ABS 1,U. S. House,19,DEM,Overvotes,0,0,0
Greene,NB ABS 3,U. S. House,19,DEM,Overvotes,0,0,0
Greene,NB ABS 4,U. S. House,19,DEM,Overvotes,0,0,0
Greene,PRT ABS 1,U. S. House,19,DEM,Overvotes,0,0,0
Greene,WIN ABS 1,U. S. House,19,DEM,Overvotes,0,0,0
Greene,WIN ABS 2,U. S. House,19,DEM,Overvotes,0,0,0
Greene,Town of Ashland 1 LD 6,U. S. House,19,DEM,Unqualified Write-ins,0,0,0
Greene,Town of Athens 1 LD 3,U. S. House,19,DEM,Unqualified Write-ins,0,0,0
Greene,Town of Athens 2 LD 3,U. S. House,19,DEM,Unqualified Write-ins,0,0,0
Greene,Town of Athens 3 LD 3,U. S. House,19,DEM,Unqualified Write-ins,0,0,0
Greene,Town of Athens 4 LD 3,U. S. House,19,DEM,Unqualified Write-ins,0,0,0
Greene,Town of Cairo 1 LD 8,U. S. House,19,DEM,Unqualified Write-ins,0,0,0
Greene,Town of Cairo 2 LD 8,U. S. House,19,DEM,Unqualified Write-ins,0,0,0
Greene,Town of Cairo 3 LD 8,U. S. House,19,DEM,Unqualified Write-ins,0,0,0
Greene,Town of Cairo 4 LD 8,U. S. House,19,DEM,Unqualified Write-ins,1,0,1
Greene,Town of Cairo 5 LD 8,U. S. House,19,DEM,Unqualified Write-ins,0,0,0
Greene,Town of Cairo 6 LD 8,U. S. House,19,DEM,Unqualified Write-ins,0,0,0
Greene,Town of Cairo 7 LD 8,U. S. House,19,DEM,Unqualified Write-ins,0,0,0
Greene,Town of Catskill 1 LD 1,U. S. House,19,DEM,Unqualified Write-ins,0,0,0
Greene,Town of Catskill 2 LD 1,U. S. House,19,DEM,Unqualified Write-ins,0,0,0
Greene,Town of Catskill 3 LD 1,U. S. House,19,DEM,Unqualified Write-ins,0,0,0
Greene,Town of Catskill 4 LD 1,U. S. House,19,DEM,Unqualified Write-ins,0,0,0
Greene,Town of Catskill 5 LD 1,U. S. House,19,DEM,Unqualified Write-ins,0,0,0
Greene,Town of Catskill 6 LD 1,U. S. House,19,DEM,Unqualified Write-ins,0,0,0
Greene,Town of Catskill 7 LD 1,U. S. House,19,DEM,Unqualified Write-ins,0,0,0
Greene,Town of Catskill 8 LD 1,U. S. House,19,DEM,Unqualified Write-ins,0,0,0
Greene,Town of Catskill 9 LD 1,U. S. House,19,DEM,Unqualified Write-ins,1,0,1
Greene,Town of Catskill 10 LD 1,U. S. House,19,DEM,Unqualified Write-ins,0,0,0
Greene,Town of Catskill 11 LD 1,U. S. House,19,DEM,Unqualified Write-ins,0,0,0
Greene,Town of Catskill 12 LD 1,U. S. House,19,DEM,Unqualified Write-ins,0,0,0
Greene,Town of Catskill 13 LD 1,U. S. House,19,DEM,Unqualified Write-ins,0,0,0
Greene,Town of Catskill 14 LD 1,U. S. House,19,DEM,Unqualified Write-ins,0,0,0
Greene,Town of Coxsackie 1 LD 2,U. S. House,19,DEM,Unqualified Write-ins,0,0,0
Greene,Town of Coxsackie 2 LD 2,U. S. House,19,DEM,Unqualified Write-ins,0,0,0
Greene,Town of Coxsackie 3 LD 2,U. S. House,19,DEM,Unqualified Write-ins,0,0,0
Greene,Town of Coxsackie 4 LD 2,U. S. House,19,DEM,Unqualified Write-ins,1,0,1
Greene,Town of Coxsackie 5 LD 2,U. S. House,19,DEM,Unqualified Write-ins,0,0,0
Greene,Town of Coxsackie 6 LD 2,U. S. House,19,DEM,Unqualified Write-ins,0,0,0
Greene,Town of Durham 1 LD 9,U. S. House,19,DEM,Unqualified Write-ins,0,0,0
Greene,Town of Durham 2 LD 9,U. S. House,19,DEM,Unqualified Write-ins,1,0,1
Greene,Town of Greenville 1 LD 4,U. S. House,19,DEM,Unqualified Write-ins,0,0,0
Greene,Town of Greenville 2 LD 4,U. S. House,19,DEM,Unqualified Write-ins,0,0,0
Greene,Town of Greenville 3 LD 4,U. S. House,19,DEM,Unqualified Write-ins,0,0,0
Greene,Town of Halcott 1 LD 7,U. S. House,19,DEM,Unqualified Write-ins,0,0,0
Greene,Town of Hunter 1 LD 7,U. S. House,19,DEM,Unqualified Write-ins,0,0,0
Greene,Town of Hunter 2 LD 7,U. S. House,19,DEM,Unqualified Write-ins,0,0,0
Greene,Town of Hunter 3 LD 7,U. S. House,19,DEM,Unqualified Write-ins,0,0,0
Greene,Town of Hunter 4 LD 7,U. S. House,19,DEM,Unqualified Write-ins,0,0,0
Greene,Town of Jewett 1 LD 6,U. S. House,19,DEM,Unqualified Write-ins,0,0,0
Greene,Town of Lexington 1 LD 7,U. S. House,19,DEM,Unqualified Write-ins,0,0,0
Greene,Town of Lexington 2 LD 7,U. S. House,19,DEM,Unqualified Write-ins,0,0,0
Greene,Town of New Baltimore 1 LD 5,U. S. House,19,DEM,Unqualified Write-ins,0,0,0
Greene,Town of New Baltimore 2 LD 5,U. S. House,19,DEM,Unqualified Write-ins,0,0,0
Greene,Town of New Baltimore 3 LD 5,U. S. House,19,DEM,Unqualified Write-ins,0,0,0
Greene,Town of New Baltimore 4 LD 5,U. S. House,19,DEM,Unqualified Write-ins,0,0,0
Greene,Town of Prattsville 1 LD 6,U. S. House,19,DEM,Unqualified Write-ins,0,0,0
Greene,Town of Windham 1 LD 6,U. S. House,19,DEM,Unqualified Write-ins,0,0,0
Greene,Town of Windham 2 LD 6,U. S. House,19,DEM,Unqualified Write-ins,0,0,0
Greene,ASH ABS 1,U. S. House,19,DEM,Unqualified Write-ins,0,0,0
Greene,ATH ABS 1,U. S. House,19,DEM,Unqualified Write-ins,0,0,0
Greene,ATH ABS 2,U. S. House,19,DEM,Unqualified Write-ins,0,0,0
Greene,ATH ABS 3,U. S. House,19,DEM,Unqualified Write-ins,0,0,0
Greene,ATH ABS 4,U. S. House,19,DEM,Unqualified Write-ins,0,0,0
Greene,CAR ABS 1,U. S. House,19,DEM,Unqualified Write-ins,0,0,0
Greene,CAR ABS 2,U. S. House,19,DEM,Unqualified Write-ins,0,0,0
Greene,CAR ABS 3,U. S. House,19,DEM,Unqualified Write-ins,0,0,0
Greene,CAR ABS 4,U. S. House,19,DEM,Unqualified Write-ins,0,0,0
Greene,CAR ABS 5,U. S. House,19,DEM,Unqualified Write-ins,0,0,0
Greene,CAR ABS 6,U. S. House,19,DEM,Unqualified Write-ins,0,0,0
Greene,CAR ABS 7,U. S. House,19,DEM,Unqualified Write-ins,0,0,0
Greene,CAT ABS 1,U. S. House,19,DEM,Unqualified Write-ins,0,0,0
Greene,CAT ABS 2,U. S. House,19,DEM,Unqualified Write-ins,0,0,0
Greene,CAT ABS 3,U. S. House,19,DEM,Unqualified Write-ins,0,0,0
Greene,CAT ABS 4,U. S. House,19,DEM,Unqualified Write-ins,0,0,0
Greene,CAT ABS 5,U. S. House,19,DEM,Unqualified Write-ins,0,0,0
Greene,CAT ABS 6,U. S. House,19,DEM,Unqualified Write-ins,0,0,0
Greene,CAT ABS 7,U. S. House,19,DEM,Unqualified Write-ins,0,0,0
Greene,CAT ABS 8,U. S. House,19,DEM,Unqualified Write-ins,0,0,0
Greene,CAT ABS 9,U. S. House,19,DEM,Unqualified Write-ins,0,0,0
Greene,CAT ABS 10,U. S. House,19,DEM,Unqualified Write-ins,0,0,0
Greene,CAT ABS 11,U. S. House,19,DEM,Unqualified Write-ins,0,0,0
Greene,CAT ABS 12,U. S. House,19,DEM,Unqualified Write-ins,0,0,0
Greene,CAT ABS 13,U. S. House,19,DEM,Unqualified Write-ins,0,0,0
Greene,CAT ABS 14,U. S. House,19,DEM,Unqualified Write-ins,0,0,0
Greene,COX ABS 1,U. S. House,19,DEM,Unqualified Write-ins,0,0,0
Greene,COX ABS 2,U. S. House,19,DEM,Unqualified Write-ins,0,0,0
Greene,COX ABS 3,U. S. House,19,DEM,Unqualified Write-ins,0,0,0
Greene,COX ABS 4,U. S. House,19,DEM,Unqualified Write-ins,0,0,0
Greene,COX ABS 5,U. S. House,19,DEM,Unqualified Write-ins,0,0,0
Greene,COX ABS 6,U. S. House,19,DEM,Unqualified Write-ins,0,0,0
Greene,DUR ABS 1,U. S. House,19,DEM,Unqualified Write-ins,0,0,0
Greene,DUR ABS 2,U. S. House,19,DEM,Unqualified Write-ins,0,0,0
Greene,GVL ABS 1,U. S. House,19,DEM,Unqualified Write-ins,0,0,0
Greene,GVL ABS 2,U. S. House,19,DEM,Unqualified Write-ins,0,0,0
Greene,GVL ABS 3,U. S. House,19,DEM,Unqualified Write-ins,0,0,0
Greene,HAL ABS 1,U. S. House,19,DEM,Unqualified Write-ins,0,0,0
Greene,HUN ABS 2,U. S. House,19,DEM,Unqualified Write-ins,0,0,0
Greene,HUN ABS 3,U. S. House,19,DEM,Unqualified Write-ins,0,0,0
Greene,HUN ABS 1,U. S. House,19,DEM,Unqualified Write-ins,0,0,0
Greene,HUN ABS 4,U. S. House,19,DEM,Unqualified Write-ins,0,0,0
Greene,JWT ABS 1,U. S. House,19,DEM,Unqualified Write-ins,0,0,0
Greene,LEX ABS 1,U. S. House,19,DEM,Unqualified Write-ins,0,0,0
Greene,LEX ABS 2,U. S. House,19,DEM,Unqualified Write-ins,0,0,0
Greene,NB ABS 2,U. S. House,19,DEM,Unqualified Write-ins,0,0,0
Greene,NB ABS 1,U. S. House,19,DEM,Unqualified Write-ins,0,0,0
Greene,NB ABS 3,U. S. House,19,DEM,Unqualified Write-ins,0,0,0
Greene,NB ABS 4,U. S. House,19,DEM,Unqualified Write-ins,0,0,0
Greene,PRT ABS 1,U. S. House,19,DEM,Unqualified Write-ins,0,0,0
Greene,WIN ABS 1,U. S. House,19,DEM,Unqualified Write-ins,0,0,0
Greene,WIN ABS 2,U. S. House,19,DEM,Unqualified Write-ins,0,0,0
Greene,Town of Ashland 1 LD 6,U. S. House,19,DEM,Total Votes,23,0,0
Greene,Town of Athens 1 LD 3,U. S. House,19,DEM,Total Votes,53,0,0
Greene,Town of Athens 2 LD 3,U. S. House,19,DEM,Total Votes,14,0,0
Greene,Town of Athens 3 LD 3,U. S. House,19,DEM,Total Votes,101,0,0
Greene,Town of Athens 4 LD 3,U. S. House,19,DEM,Total Votes,22,0,0
Greene,Town of Cairo 1 LD 8,U. S. House,19,DEM,Total Votes,20,0,0
Greene,Town of Cairo 2 LD 8,U. S. House,19,DEM,Total Votes,15,0,0
Greene,Town of Cairo 3 LD 8,U. S. House,19,DEM,Total Votes,11,0,0
Greene,Town of Cairo 4 LD 8,U. S. House,19,DEM,Total Votes,30,0,0
Greene,Town of Cairo 5 LD 8,U. S. House,19,DEM,Total Votes,18,0,0
Greene,Town of Cairo 6 LD 8,U. S. House,19,DEM,Total Votes,30,0,0
Greene,Town of Cairo 7 LD 8,U. S. House,19,DEM,Total Votes,12,0,0
Greene,Town of Catskill 1 LD 1,U. S. House,19,DEM,Total Votes,56,0,0
Greene,Town of Catskill 2 LD 1,U. S. House,19,DEM,Total Votes,35,0,0
Greene,Town of Catskill 3 LD 1,U. S. House,19,DEM,Total Votes,53,0,0
Greene,Town of Catskill 4 LD 1,U. S. House,19,DEM,Total Votes,25,0,0
Greene,Town of Catskill 5 LD 1,U. S. House,19,DEM,Total Votes,21,0,0
Greene,Town of Catskill 6 LD 1,U. S. House,19,DEM,Total Votes,24,0,0
Greene,Town of Catskill 7 LD 1,U. S. House,19,DEM,Total Votes,34,0,0
Greene,Town of Catskill 8 LD 1,U. S. House,19,DEM,Total Votes,9,0,0
Greene,Town of Catskill 9 LD 1,U. S. House,19,DEM,Total Votes,54,0,0
Greene,Town of Catskill 10 LD 1,U. S. House,19,DEM,Total Votes,61,0,0
Greene,Town of Catskill 11 LD 1,U. S. House,19,DEM,Total Votes,30,0,0
Greene,Town of Catskill 12 LD 1,U. S. House,19,DEM,Total Votes,3,0,0
Greene,Town of Catskill 13 LD 1,U. S. House,19,DEM,Total Votes,40,0,0
Greene,Town of Catskill 14 LD 1,U. S. House,19,DEM,Total Votes,38,0,0
Greene,Town of Coxsackie 1 LD 2,U. S. House,19,DEM,Total Votes,74,0,0
Greene,Town of Coxsackie 2 LD 2,U. S. House,19,DEM,Total Votes,38,0,0
Greene,Town of Coxsackie 3 LD 2,U. S. House,19,DEM,Total Votes,9,0,0
Greene,Town of Coxsackie 4 LD 2,U. S. House,19,DEM,Total Votes,28,0,0
Greene,Town of Coxsackie 5 LD 2,U. S. House,19,DEM,Total Votes,22,0,0
Greene,Town of Coxsackie 6 LD 2,U. S. House,19,DEM,Total Votes,27,0,0
Greene,Town of Durham 1 LD 9,U. S. House,19,DEM,Total Votes,47,0,0
Greene,Town of Durham 2 LD 9,U. S. House,19,DEM,Total Votes,36,0,0
Greene,Town of Greenville 1 LD 4,U. S. House,19,DEM,Total Votes,33,0,0
Greene,Town of Greenville 2 LD 4,U. S. House,19,DEM,Total Votes,29,0,0
Greene,Town of Greenville 3 LD 4,U. S. House,19,DEM,Total Votes,41,0,0
Greene,Town of Halcott 1 LD 7,U. S. House,19,DEM,Total Votes,18,0,0
Greene,Town of Hunter 1 LD 7,U. S. House,19,DEM,Total Votes,81,0,0
Greene,Town of Hunter 2 LD 7,U. S. House,19,DEM,Total Votes,49,0,0
Greene,Town of Hunter 3 LD 7,U. S. House,19,DEM,Total Votes,36,0,0
Greene,Town of Hunter 4 LD 7,U. S. House,19,DEM,Total Votes,24,0,0
Greene,Town of Jewett 1 LD 6,U. S. House,19,DEM,Total Votes,59,0,0
Greene,Town of Lexington 1 LD 7,U. S. House,19,DEM,Total Votes,32,0,0
Greene,Town of Lexington 2 LD 7,U. S. House,19,DEM,Total Votes,28,0,0
Greene,Town of New Baltimore 1 LD 5,U. S. House,19,DEM,Total Votes,57,0,0
Greene,Town of New Baltimore 2 LD 5,U. S. House,19,DEM,Total Votes,16,0,0
Greene,Town of New Baltimore 3 LD 5,U. S. House,19,DEM,Total Votes,25,0,0
Greene,Town of New Baltimore 4 LD 5,U. S. House,19,DEM,Total Votes,10,0,0
Greene,Town of Prattsville 1 LD 6,U. S. House,19,DEM,Total Votes,23,0,0
Greene,Town of Windham 1 LD 6,U. S. House,19,DEM,Total Votes,51,0,0
Greene,Town of Windham 2 LD 6,U. S. House,19,DEM,Total Votes,24,0,0
Greene,ASH ABS 1,U. S. House,19,DEM,Total Votes,1,0,0
Greene,ATH ABS 1,U. S. House,19,DEM,Total Votes,13,0,0
Greene,ATH ABS 2,U. S. House,19,DEM,Total Votes,1,0,0
Greene,ATH ABS 3,U. S. House,19,DEM,Total Votes,4,0,0
Greene,ATH ABS 4,U. S. House,19,DEM,Total Votes,0,0,0
Greene,CAR ABS 1,U. S. House,19,DEM,Total Votes,2,0,0
Greene,CAR ABS 2,U. S. House,19,DEM,Total Votes,6,0,0
Greene,CAR ABS 3,U. S. House,19,DEM,Total Votes,0,0,0
Greene,CAR ABS 4,U. S. House,19,DEM,Total Votes,3,0,0
Greene,CAR ABS 5,U. S. House,19,DEM,Total Votes,2,0,0
Greene,CAR ABS 6,U. S. House,19,DEM,Total Votes,4,0,0
Greene,CAR ABS 7,U. S. House,19,DEM,Total Votes,5,0,0
Greene,CAT ABS 1,U. S. House,19,DEM,Total Votes,11,0,0
Greene,CAT ABS 2,U. S. House,19,DEM,Total Votes,9,0,0
Greene,CAT ABS 3,U. S. House,19,DEM,Total Votes,5,0,0
Greene,CAT ABS 4,U. S. House,19,DEM,Total Votes,2,0,0
Greene,CAT ABS 5,U. S. House,19,DEM,Total Votes,8,0,0
Greene,CAT ABS 6,U. S. House,19,DEM,Total Votes,1,0,0
Greene,CAT ABS 7,U. S. House,19,DEM,Total Votes,8,0,0
Greene,CAT ABS 8,U. S. House,19,DEM,Total Votes,0,0,0
Greene,CAT ABS 9,U. S. House,19,DEM,Total Votes,1,0,0
Greene,CAT ABS 10,U. S. House,19,DEM,Total Votes,0,0,0
Greene,CAT ABS 11,U. S. House,19,DEM,Total Votes,2,0,0
Greene,CAT ABS 12,U. S. House,19,DEM,Total Votes,3,0,0
Greene,CAT ABS 13,U. S. House,19,DEM,Total Votes,2,0,0
Greene,CAT ABS 14,U. S. House,19,DEM,Total Votes,4,0,0
Greene,COX ABS 1,U. S. House,19,DEM,Total Votes,5,0,0
Greene,COX ABS 2,U. S. House,19,DEM,Total Votes,4,0,0
Greene,COX ABS 3,U. S. House,19,DEM,Total Votes,1,0,0
Greene,COX ABS 4,U. S. House,19,DEM,Total Votes,3,0,0
Greene,COX ABS 5,U. S. House,19,DEM,Total Votes,0,0,0
Greene,COX ABS 6,U. S. House,19,DEM,Total Votes,1,0,0
Greene,DUR ABS 1,U. S. House,19,DEM,Total Votes,7,0,0
Greene,DUR ABS 2,U. S. House,19,DEM,Total Votes,11,0,0
Greene,GVL ABS 1,U. S. House,19,DEM,Total Votes,1,0,0
Greene,GVL ABS 2,U. S. House,19,DEM,Total Votes,0,0,0
Greene,GVL ABS 3,U. S. House,19,DEM,Total Votes,2,0,0
Greene,HAL ABS 1,U. S. House,19,DEM,Total Votes,7,0,0
Greene,HUN ABS 2,U. S. House,19,DEM,Total Votes,14,0,0
Greene,HUN ABS 3,U. S. House,19,DEM,Total Votes,6,0,0
Greene,HUN ABS 1,U. S. House,19,DEM,Total Votes,11,0,0
Greene,HUN ABS 4,U. S. House,19,DEM,Total Votes,3,0,0
Greene,JWT ABS 1,U. S. House,19,DEM,Total Votes,9,0,0
Greene,LEX ABS 1,U. S. House,19,DEM,Total Votes,6,0,0
Greene,LEX ABS 2,U. S. House,19,DEM,Total Votes,3,0,0
Greene,NB ABS 2,U. S. House,19,DEM,Total Votes,1,0,0
Greene,NB ABS 1,U. S. House,19,DEM,Total Votes,6,0,0
Greene,NB ABS 3,U. S. House,19,DEM,Total Votes,3,0,0
Greene,NB ABS 4,U. S. House,19,DEM,Total Votes,0,0,0
Greene,PRT ABS 1,U. S. House,19,DEM,Total Votes,3,0,0
Greene,WIN ABS 1,U. S. House,19,DEM,Total Votes,5,0,0
Greene,WIN ABS 2,U. S. House,19,DEM,Total Votes,1,0,0
Greene,WEP ABS 1,U. S. House,19,WEP,WEP,0,,
Greene,WEP ED 2,U. S. House,19,WEP,WEP,0,,
Greene,WEP ABS 1,U. S. House,19,WEP,Write-in,0,,
Greene,WEP ED 2,U. S. House,19,WEP,Write-in,2,,
Greene,WEP ABS 1,U. S. House,19,WEP,Undervotes,0,,
Greene,WEP ED 2,U. S. House,19,WEP,Undervotes,0,,
Greene,WEP ABS 1,U. S. House,19,WEP,Overvotes,0,,
Greene,WEP ED 2,U. S. House,19,WEP,Overvotes,0,,
Greene,WEP ABS 1,U. S. House,19,WEP,Unqualified Write-ins,0,,
Greene,WEP ED 2,U. S. House,19,WEP,Unqualified Write-ins,0,,