county,precinct,office,district,candidate,party,votes,,,,
Yates,Barrington,WHOLE NUMBER,,Ballots Cast,,508,,,,
Yates,Benton 1,WHOLE NUMBER,,Ballots Cast,,407,,,,
Yates,Benton 2,WHOLE NUMBER,,Ballots Cast,,568,,,,
Yates,Italy,WHOLE NUMBER,,Ballots Cast,,497,,,,
Yates,Jerusalem 1,WHOLE NUMBER,,Ballots Cast,,561,,,,
Yates,Jerusalem 2,WHOLE NUMBER,,Ballots Cast,,415,,,,
Yates,Jerusalem 3,WHOLE NUMBER,,Ballots Cast,,467,,,,
Yates,Jerusalem 4,WHOLE NUMBER,,Ballots Cast,,503,,,,
Yates,Middlesex,WHOLE NUMBER,,Ballots Cast,,736,,,,
Yates,Milo 2,WHOLE NUMBER,,Ballots Cast,,605,,,,
Yates,Milo 3,WHOLE NUMBER,,Ballots Cast,,512,,,,
Yates,Milo 4,WHOLE NUMBER,,Ballots Cast,,357,,,,
Yates,Milo 5,WHOLE NUMBER,,Ballots Cast,,530,,,,
Yates,Milo 6,WHOLE NUMBER,,Ballots Cast,,586,,,,
Yates,Potter,WHOLE NUMBER,,Ballots Cast,,605,,,,
Yates,Starkey 1,WHOLE NUMBER,,Ballots Cast,,543,,,,
Yates,Starkey 2,WHOLE NUMBER,,Ballots Cast,,570,,,,
Yates,Torrey,WHOLE NUMBER,,Ballots Cast,,544,,,,
Yates,Total,WHOLE NUMBER,,Ballots Cast,,9514,,,,
Yates,Barrington,President,,Barack Obama,DEM,218,,,,
Yates,Benton 1,President,,Barack Obama,DEM,177,,,,
Yates,Benton 2,President,,Barack Obama,DEM,294,,,,
Yates,Italy,President,,Barack Obama,DEM,199,,,,
Yates,Jerusalem 1,President,,Barack Obama,DEM,258,,,,
Yates,Jerusalem 2,President,,Barack Obama,DEM,176,,,,
Yates,Jerusalem 3,President,,Barack Obama,DEM,191,,,,
Yates,Jerusalem 4,President,,Barack Obama,DEM,240,,,,
Yates,Middlesex,President,,Barack Obama,DEM,292,,,,
Yates,Milo 2,President,,Barack Obama,DEM,318,,,,
Yates,Milo 3,President,,Barack Obama,DEM,279,,,,
Yates,Milo 4,President,,Barack Obama,DEM,139,,,,
Yates,Milo 5,President,,Barack Obama,DEM,272,,,,
Yates,Milo 6,President,,Barack Obama,DEM,253,,,,
Yates,Potter,President,,Barack Obama,DEM,201,,,,
Yates,Starkey 1,President,,Barack Obama,DEM,227,,,,
Yates,Starkey 2,President,,Barack Obama,DEM,256,,,,
Yates,Torrey,President,,Barack Obama,DEM,269,,,,
Yates,Total,President,,Barack Obama,DEM,4259,,,,
Yates,Barrington,President,,Mitt Romney,REP,235,,,,
Yates,Benton 1,President,,Mitt Romney,REP,195,,,,
Yates,Benton 2,President,,Mitt Romney,REP,228,,,,
Yates,Italy,President,,Mitt Romney,REP,232,,,,
Yates,Jerusalem 1,President,,Mitt Romney,REP,256,,,,
Yates,Jerusalem 2,President,,Mitt Romney,REP,206,,,,
Yates,Jerusalem 3,President,,Mitt Romney,REP,205,,,,
Yates,Jerusalem 4,President,,Mitt Romney,REP,227,,,,
Yates,Middlesex,President,,Mitt Romney,REP,342,,,,
Yates,Milo 2,President,,Mitt Romney,REP,224,,,,
Yates,Milo 3,President,,Mitt Romney,REP,190,,,,
Yates,Milo 4,President,,Mitt Romney,REP,178,,,,
Yates,Milo 5,President,,Mitt Romney,REP,198,,,,
Yates,Milo 6,President,,Mitt Romney,REP,285,,,,
Yates,Potter,President,,Mitt Romney,REP,322,,,,
Yates,Starkey 1,President,,Mitt Romney,REP,267,,,,
Yates,Starkey 2,President,,Mitt Romney,REP,252,,,,
Yates,Torrey,President,,Mitt Romney,REP,227,,,,
Yates,Total,President,,Mitt Romney,REP,4269,,,,
Yates,Barrington,President,,Mitt Romney,CON,18,,,,
Yates,Benton 1,President,,Mitt Romney,CON,21,,,,
Yates,Benton 2,President,,Mitt Romney,CON,27,,,,
Yates,Italy,President,,Mitt Romney,CON,35,,,,
Yates,Jerusalem 1,President,,Mitt Romney,CON,25,,,,
Yates,Jerusalem 2,President,,Mitt Romney,CON,20,,,,
Yates,Jerusalem 3,President,,Mitt Romney,CON,43,,,,
Yates,Jerusalem 4,President,,Mitt Romney,CON,19,,,,
Yates,Middlesex,President,,Mitt Romney,CON,52,,,,
Yates,Milo 2,President,,Mitt Romney,CON,38,,,,
Yates,Milo 3,President,,Mitt Romney,CON,22,,,,
Yates,Milo 4,President,,Mitt Romney,CON,23,,,,
Yates,Milo 5,President,,Mitt Romney,CON,26,,,,
Yates,Milo 6,President,,Mitt Romney,CON,33,,,,
Yates,Potter,President,,Mitt Romney,CON,41,,,,
Yates,Starkey 1,President,,Mitt Romney,CON,29,,,,
Yates,Starkey 2,President,,Mitt Romney,CON,30,,,,
Yates,Torrey,President,,Mitt Romney,CON,27,,,,
Yates,Total,President,,Mitt Romney,CON,529,,,,
Yates,Barrington,President,,Barack Obama,WF,12,,,,
Yates,Benton 1,President,,Barack Obama,WF,6,,,,
Yates,Benton 2,President,,Barack Obama,WF,12,,,,
Yates,Italy,President,,Barack Obama,WF,22,,,,
Yates,Jerusalem 1,President,,Barack Obama,WF,10,,,,
Yates,Jerusalem 2,President,,Barack Obama,WF,6,,,,
Yates,Jerusalem 3,President,,Barack Obama,WF,9,,,,
Yates,Jerusalem 4,President,,Barack Obama,WF,9,,,,
Yates,Middlesex,President,,Barack Obama,WF,23,,,,
Yates,Milo 2,President,,Barack Obama,WF,21,,,,
Yates,Milo 3,President,,Barack Obama,WF,11,,,,
Yates,Milo 4,President,,Barack Obama,WF,4,,,,
Yates,Milo 5,President,,Barack Obama,WF,15,,,,
Yates,Milo 6,President,,Barack Obama,WF,11,,,,
Yates,Potter,President,,Barack Obama,WF,15,,,,
Yates,Starkey 1,President,,Barack Obama,WF,10,,,,
Yates,Starkey 2,President,,Barack Obama,WF,15,,,,
Yates,Torrey,President,,Barack Obama,WF,18,,,,
Yates,Total,President,,Barack Obama,WF,229,,,,
Yates,Barrington,President,,Jill Stein,GRN,5,,,,
Yates,Benton 1,President,,Jill Stein,GRN,1,,,,
Yates,Benton 2,President,,Jill Stein,GRN,1,,,,
Yates,Italy,President,,Jill Stein,GRN,2,,,,
Yates,Jerusalem 1,President,,Jill Stein,GRN,3,,,,
Yates,Jerusalem 2,President,,Jill Stein,GRN,1,,,,
Yates,Jerusalem 3,President,,Jill Stein,GRN,9,,,,
Yates,Jerusalem 4,President,,Jill Stein,GRN,4,,,,
Yates,Middlesex,President,,Jill Stein,GRN,6,,,,
Yates,Milo 2,President,,Jill Stein,GRN,0,,,,
Yates,Milo 3,President,,Jill Stein,GRN,5,,,,
Yates,Milo 4,President,,Jill Stein,GRN,4,,,,
Yates,Milo 5,President,,Jill Stein,GRN,9,,,,
Yates,Milo 6,President,,Jill Stein,GRN,0,,,,
Yates,Potter,President,,Jill Stein,GRN,6,,,,
Yates,Starkey 1,President,,Jill Stein,GRN,3,,,,
Yates,Starkey 2,President,,Jill Stein,GRN,6,,,,
Yates,Torrey,President,,Jill Stein,GRN,2,,,,
Yates,Total,President,,Jill Stein,GRN,67,,,,
Yates,Barrington,President,,Peta Lindsay,PSL,0,,,,
Yates,Benton 1,President,,Peta Lindsay,PSL,0,,,,
Yates,Benton 2,President,,Peta Lindsay,PSL,0,,,,
Yates,Italy,President,,Peta Lindsay,PSL,0,,,,
Yates,Jerusalem 1,President,,Peta Lindsay,PSL,1,,,,
Yates,Jerusalem 2,President,,Peta Lindsay,PSL,0,,,,
Yates,Jerusalem 3,President,,Peta Lindsay,PSL,0,,,,
Yates,Jerusalem 4,President,,Peta Lindsay,PSL,0,,,,
Yates,Middlesex,President,,Peta Lindsay,PSL,0,,,,
Yates,Milo 2,President,,Peta Lindsay,PSL,0,,,,
Yates,Milo 3,President,,Peta Lindsay,PSL,2,,,,
Yates,Milo 4,President,,Peta Lindsay,PSL,0,,,,
Yates,Milo 5,President,,Peta Lindsay,PSL,0,,,,
Yates,Milo 6,President,,Peta Lindsay,PSL,0,,,,
Yates,Potter,President,,Peta Lindsay,PSL,0,,,,
Yates,Starkey 1,President,,Peta Lindsay,PSL,0,,,,
Yates,Starkey 2,President,,Peta Lindsay,PSL,0,,,,
Yates,Torrey,President,,Peta Lindsay,PSL,0,,,,
Yates,Total,President,,Peta Lindsay,PSL,3,,,,
Yates,Barrington,President,,Gary Johnson,LBT,9,,,,
Yates,Benton 1,President,,Gary Johnson,LBT,4,,,,
Yates,Benton 2,President,,Gary Johnson,LBT,3,,,,
Yates,Italy,President,,Gary Johnson,LBT,2,,,,
Yates,Jerusalem 1,President,,Gary Johnson,LBT,4,,,,
Yates,Jerusalem 2,President,,Gary Johnson,LBT,3,,,,
Yates,Jerusalem 3,President,,Gary Johnson,LBT,2,,,,
Yates,Jerusalem 4,President,,Gary Johnson,LBT,3,,,,
Yates,Middlesex,President,,Gary Johnson,LBT,10,,,,
Yates,Milo 2,President,,Gary Johnson,LBT,1,,,,
Yates,Milo 3,President,,Gary Johnson,LBT,1,,,,
Yates,Milo 4,President,,Gary Johnson,LBT,5,,,,
Yates,Milo 5,President,,Gary Johnson,LBT,6,,,,
Yates,Milo 6,President,,Gary Johnson,LBT,0,,,,
Yates,Potter,President,,Gary Johnson,LBT,7,,,,
Yates,Starkey 1,President,,Gary Johnson,LBT,5,,,,
Yates,Starkey 2,President,,Gary Johnson,LBT,4,,,,
Yates,Torrey,President,,Gary Johnson,LBT,0,,,,
Yates,Total,President,,Gary Johnson,LBT,69,,,,
Yates,Barrington,President,,Virgil Goode,CST,2,,,,
Yates,Benton 1,President,,Virgil Goode,CST,0,,,,
Yates,Benton 2,President,,Virgil Goode,CST,2,,,,
Yates,Italy,President,,Virgil Goode,CST,1,,,,
Yates,Jerusalem 1,President,,Virgil Goode,CST,0,,,,
Yates,Jerusalem 2,President,,Virgil Goode,CST,0,,,,
Yates,Jerusalem 3,President,,Virgil Goode,CST,3,,,,
Yates,Jerusalem 4,President,,Virgil Goode,CST,1,,,,
Yates,Middlesex,President,,Virgil Goode,CST,1,,,,
Yates,Milo 2,President,,Virgil Goode,CST,0,,,,
Yates,Milo 3,President,,Virgil Goode,CST,1,,,,
Yates,Milo 4,President,,Virgil Goode,CST,0,,,,
Yates,Milo 5,President,,Virgil Goode,CST,1,,,,
Yates,Milo 6,President,,Virgil Goode,CST,1,,,,
Yates,Potter,President,,Virgil Goode,CST,2,,,,
Yates,Starkey 1,President,,Virgil Goode,CST,0,,,,
Yates,Starkey 2,President,,Virgil Goode,CST,1,,,,
Yates,Torrey,President,,Virgil Goode,CST,1,,,,
Yates,Total,President,,Virgil Goode,CST,17,,,,
Yates,Barrington,President,,Write-in,,0,,,,
Yates,Benton 1,President,,Write-in,,0,,,,
Yates,Benton 2,President,,Write-in,,0,,,,
Yates,Italy,President,,Write-in,,0,,,,
Yates,Jerusalem 1,President,,Write-in,,0,,,,
Yates,Jerusalem 2,President,,Write-in,,0,,,,
Yates,Jerusalem 3,President,,Write-in,,0,,,,
Yates,Jerusalem 4,President,,Write-in,,0,,,,
Yates,Middlesex,President,,Write-in,,0,,,,
Yates,Milo 2,President,,Write-in,,0,,,,
Yates,Milo 3,President,,Write-in,,0,,,,
Yates,Milo 4,President,,Write-in,,0,,,,
Yates,Milo 5,President,,Write-in,,0,,,,
Yates,Milo 6,President,,Write-in,,0,,,,
Yates,Potter,President,,Write-in,,0,,,,
Yates,Starkey 1,President,,Write-in,,0,,,,
Yates,Starkey 2,President,,Write-in,,0,,,,
Yates,Torrey,President,,Write-in,,0,,,,
Yates,Total,President,,Write-in,,0,,,,
Yates,Barrington,U.S. Senate,,Kirsten E Gillibrand,DEM,220,,,,
Yates,Benton 1,U.S. Senate,,Kirsten E Gillibrand,DEM,173,,,,
Yates,Benton 2,U.S. Senate,,Kirsten E Gillibrand,DEM,296,,,,
Yates,Italy,U.S. Senate,,Kirsten E Gillibrand,DEM,184,,,,
Yates,Jerusalem 1,U.S. Senate,,Kirsten E Gillibrand,DEM,265,,,,
Yates,Jerusalem 2,U.S. Senate,,Kirsten E Gillibrand,DEM,179,,,,
Yates,Jerusalem 3,U.S. Senate,,Kirsten E Gillibrand,DEM,203,,,,
Yates,Jerusalem 4,U.S. Senate,,Kirsten E Gillibrand,DEM,250,,,,
Yates,Middlesex,U.S. Senate,,Kirsten E Gillibrand,DEM,288,,,,
Yates,Milo 2,U.S. Senate,,Kirsten E Gillibrand,DEM,308,,,,
Yates,Milo 3,U.S. Senate,,Kirsten E Gillibrand,DEM,245,,,,
Yates,Milo 4,U.S. Senate,,Kirsten E Gillibrand,DEM,150,,,,
Yates,Milo 5,U.S. Senate,,Kirsten E Gillibrand,DEM,265,,,,
Yates,Milo 6,U.S. Senate,,Kirsten E Gillibrand,DEM,270,,,,
Yates,Potter,U.S. Senate,,Kirsten E Gillibrand,DEM,189,,,,
Yates,Starkey 1,U.S. Senate,,Kirsten E Gillibrand,DEM,227,,,,
Yates,Starkey 2,U.S. Senate,,Kirsten E Gillibrand,DEM,255,,,,
Yates,Torrey,U.S. Senate,,Kirsten E Gillibrand,DEM,265,,,,
Yates,Total,U.S. Senate,,Kirsten E Gillibrand,DEM,4232,,,,
Yates,Barrington,U.S. Senate,,Wendy Long,REP,207,,,,
Yates,Benton 1,U.S. Senate,,Wendy Long,REP,173,,,,
Yates,Benton 2,U.S. Senate,,Wendy Long,REP,181,,,,
Yates,Italy,U.S. Senate,,Wendy Long,REP,186,,,,
Yates,Jerusalem 1,U.S. Senate,,Wendy Long,REP,197,,,,
Yates,Jerusalem 2,U.S. Senate,,Wendy Long,REP,177,,,,
Yates,Jerusalem 3,U.S. Senate,,Wendy Long,REP,166,,,,
Yates,Jerusalem 4,U.S. Senate,,Wendy Long,REP,169,,,,
Yates,Middlesex,U.S. Senate,,Wendy Long,REP,300,,,,
Yates,Milo 2,U.S. Senate,,Wendy Long,REP,186,,,,
Yates,Milo 3,U.S. Senate,,Wendy Long,REP,167,,,,
Yates,Milo 4,U.S. Senate,,Wendy Long,REP,143,,,,
Yates,Milo 5,U.S. Senate,,Wendy Long,REP,169,,,,
Yates,Milo 6,U.S. Senate,,Wendy Long,REP,228,,,,
Yates,Potter,U.S. Senate,,Wendy Long,REP,290,,,,
Yates,Starkey 1,U.S. Senate,,Wendy Long,REP,229,,,,
Yates,Starkey 2,U.S. Senate,,Wendy Long,REP,211,,,,
Yates,Torrey,U.S. Senate,,Wendy Long,REP,184,,,,
Yates,Total,U.S. Senate,,Wendy Long,REP,3563,,,,
Yates,Barrington,U.S. Senate,,Wendy Long,CON,16,,,,
Yates,Benton 1,U.S. Senate,,Wendy Long,CON,17,,,,
Yates,Benton 2,U.S. Senate,,Wendy Long,CON,22,,,,
Yates,Italy,U.S. Senate,,Wendy Long,CON,32,,,,
Yates,Jerusalem 1,U.S. Senate,,Wendy Long,CON,31,,,,
Yates,Jerusalem 2,U.S. Senate,,Wendy Long,CON,26,,,,
Yates,Jerusalem 3,U.S. Senate,,Wendy Long,CON,41,,,,
Yates,Jerusalem 4,U.S. Senate,,Wendy Long,CON,20,,,,
Yates,Middlesex,U.S. Senate,,Wendy Long,CON,50,,,,
Yates,Milo 2,U.S. Senate,,Wendy Long,CON,31,,,,
Yates,Milo 3,U.S. Senate,,Wendy Long,CON,27,,,,
Yates,Milo 4,U.S. Senate,,Wendy Long,CON,20,,,,
Yates,Milo 5,U.S. Senate,,Wendy Long,CON,25,,,,
Yates,Milo 6,U.S. Senate,,Wendy Long,CON,35,,,,
Yates,Potter,U.S. Senate,,Wendy Long,CON,49,,,,
Yates,Starkey 1,U.S. Senate,,Wendy Long,CON,22,,,,
Yates,Starkey 2,U.S. Senate,,Wendy Long,CON,23,,,,
Yates,Torrey,U.S. Senate,,Wendy Long,CON,30,,,,
Yates,Total,U.S. Senate,,Wendy Long,CON,517,,,,
Yates,Barrington,U.S. Senate,,Kirsten E Gillibrand,WF,12,,,,
Yates,Benton 1,U.S. Senate,,Kirsten E Gillibrand,WF,16,,,,
Yates,Benton 2,U.S. Senate,,Kirsten E Gillibrand,WF,24,,,,
Yates,Italy,U.S. Senate,,Kirsten E Gillibrand,WF,32,,,,
Yates,Jerusalem 1,U.S. Senate,,Kirsten E Gillibrand,WF,9,,,,
Yates,Jerusalem 2,U.S. Senate,,Kirsten E Gillibrand,WF,10,,,,
Yates,Jerusalem 3,U.S. Senate,,Kirsten E Gillibrand,WF,14,,,,
Yates,Jerusalem 4,U.S. Senate,,Kirsten E Gillibrand,WF,14,,,,
Yates,Middlesex,U.S. Senate,,Kirsten E Gillibrand,WF,36,,,,
Yates,Milo 2,U.S. Senate,,Kirsten E Gillibrand,WF,27,,,,
Yates,Milo 3,U.S. Senate,,Kirsten E Gillibrand,WF,21,,,,
Yates,Milo 4,U.S. Senate,,Kirsten E Gillibrand,WF,9,,,,
Yates,Milo 5,U.S. Senate,,Kirsten E Gillibrand,WF,20,,,,
Yates,Milo 6,U.S. Senate,,Kirsten E Gillibrand,WF,14,,,,
Yates,Potter,U.S. Senate,,Kirsten E Gillibrand,WF,21,,,,
Yates,Starkey 1,U.S. Senate,,Kirsten E Gillibrand,WF,15,,,,
Yates,Starkey 2,U.S. Senate,,Kirsten E Gillibrand,WF,22,,,,
Yates,Torrey,U.S. Senate,,Kirsten E Gillibrand,WF,22,,,,
Yates,Total,U.S. Senate,,Kirsten E Gillibrand,WF,338,,,,
Yates,Barrington,U.S. Senate,,Kirsten E Gillibrand,IND,10,,,,
Yates,Benton 1,U.S. Senate,,Kirsten E Gillibrand,IND,10,,,,
Yates,Benton 2,U.S. Senate,,Kirsten E Gillibrand,IND,9,,,,
Yates,Italy,U.S. Senate,,Kirsten E Gillibrand,IND,14,,,,
Yates,Jerusalem 1,U.S. Senate,,Kirsten E Gillibrand,IND,16,,,,
Yates,Jerusalem 2,U.S. Senate,,Kirsten E Gillibrand,IND,6,,,,
Yates,Jerusalem 3,U.S. Senate,,Kirsten E Gillibrand,IND,6,,,,
Yates,Jerusalem 4,U.S. Senate,,Kirsten E Gillibrand,IND,15,,,,
Yates,Middlesex,U.S. Senate,,Kirsten E Gillibrand,IND,16,,,,
Yates,Milo 2,U.S. Senate,,Kirsten E Gillibrand,IND,9,,,,
Yates,Milo 3,U.S. Senate,,Kirsten E Gillibrand,IND,9,,,,
Yates,Milo 4,U.S. Senate,,Kirsten E Gillibrand,IND,6,,,,
Yates,Milo 5,U.S. Senate,,Kirsten E Gillibrand,IND,15,,,,
Yates,Milo 6,U.S. Senate,,Kirsten E Gillibrand,IND,4,,,,
Yates,Potter,U.S. Senate,,Kirsten E Gillibrand,IND,9,,,,
Yates,Starkey 1,U.S. Senate,,Kirsten E Gillibrand,IND,17,,,,
Yates,Starkey 2,U.S. Senate,,Kirsten E Gillibrand,IND,17,,,,
Yates,Torrey,U.S. Senate,,Kirsten E Gillibrand,IND,14,,,,
Yates,Total,U.S. Senate,,Kirsten E Gillibrand,IND,202,,,,
Yates,Barrington,U.S. Senate,,Colia Clark,GRN,5,,,,
Yates,Benton 1,U.S. Senate,,Colia Clark,GRN,2,,,,
Yates,Benton 2,U.S. Senate,,Colia Clark,GRN,3,,,,
Yates,Italy,U.S. Senate,,Colia Clark,GRN,4,,,,
Yates,Jerusalem 1,U.S. Senate,,Colia Clark,GRN,4,,,,
Yates,Jerusalem 2,U.S. Senate,,Colia Clark,GRN,1,,,,
Yates,Jerusalem 3,U.S. Senate,,Colia Clark,GRN,4,,,,
Yates,Jerusalem 4,U.S. Senate,,Colia Clark,GRN,3,,,,
Yates,Middlesex,U.S. Senate,,Colia Clark,GRN,8,,,,
Yates,Milo 2,U.S. Senate,,Colia Clark,GRN,1,,,,
Yates,Milo 3,U.S. Senate,,Colia Clark,GRN,8,,,,
Yates,Milo 4,U.S. Senate,,Colia Clark,GRN,4,,,,
Yates,Milo 5,U.S. Senate,,Colia Clark,GRN,8,,,,
Yates,Milo 6,U.S. Senate,,Colia Clark,GRN,3,,,,
Yates,Potter,U.S. Senate,,Colia Clark,GRN,7,,,,
Yates,Starkey 1,U.S. Senate,,Colia Clark,GRN,2,,,,
Yates,Starkey 2,U.S. Senate,,Colia Clark,GRN,7,,,,
Yates,Torrey,U.S. Senate,,Colia Clark,GRN,4,,,,
Yates,Total,U.S. Senate,,Colia Clark,GRN,78,,,,
Yates,Barrington,U.S. Senate,,Chris Edes,LBT,4,,,,
Yates,Benton 1,U.S. Senate,,Chris Edes,LBT,5,,,,
Yates,Benton 2,U.S. Senate,,Chris Edes,LBT,1,,,,
Yates,Italy,U.S. Senate,,Chris Edes,LBT,3,,,,
Yates,Jerusalem 1,U.S. Senate,,Chris Edes,LBT,5,,,,
Yates,Jerusalem 2,U.S. Senate,,Chris Edes,LBT,0,,,,
Yates,Jerusalem 3,U.S. Senate,,Chris Edes,LBT,2,,,,
Yates,Jerusalem 4,U.S. Senate,,Chris Edes,LBT,1,,,,
Yates,Middlesex,U.S. Senate,,Chris Edes,LBT,5,,,,
Yates,Milo 2,U.S. Senate,,Chris Edes,LBT,1,,,,
Yates,Milo 3,U.S. Senate,,Chris Edes,LBT,0,,,,
Yates,Milo 4,U.S. Senate,,Chris Edes,LBT,2,,,,
Yates,Milo 5,U.S. Senate,,Chris Edes,LBT,1,,,,
Yates,Milo 6,U.S. Senate,,Chris Edes,LBT,0,,,,
Yates,Potter,U.S. Senate,,Chris Edes,LBT,9,,,,
Yates,Starkey 1,U.S. Senate,,Chris Edes,LBT,1,,,,
Yates,Starkey 2,U.S. Senate,,Chris Edes,LBT,5,,,,
Yates,Torrey,U.S. Senate,,Chris Edes,LBT,0,,,,
Yates,Total,U.S. Senate,,Chris Edes,LBT,45,,,,
Yates,Barrington,U.S. Senate,,John Mangelli,CSP,2,,,,
Yates,Benton 1,U.S. Senate,,John Mangelli,CSP,0,,,,
Yates,Benton 2,U.S. Senate,,John Mangelli,CSP,1,,,,
Yates,Italy,U.S. Senate,,John Mangelli,CSP,3,,,,
Yates,Jerusalem 1,U.S. Senate,,John Mangelli,CSP,0,,,,
Yates,Jerusalem 2,U.S. Senate,,John Mangelli,CSP,4,,,,
Yates,Jerusalem 3,U.S. Senate,,John Mangelli,CSP,6,,,,
Yates,Jerusalem 4,U.S. Senate,,John Mangelli,CSP,1,,,,
Yates,Middlesex,U.S. Senate,,John Mangelli,CSP,2,,,,
Yates,Milo 2,U.S. Senate,,John Mangelli,CSP,4,,,,
Yates,Milo 3,U.S. Senate,,John Mangelli,CSP,5,,,,
Yates,Milo 4,U.S. Senate,,John Mangelli,CSP,2,,,,
Yates,Milo 5,U.S. Senate,,John Mangelli,CSP,8,,,,
Yates,Milo 6,U.S. Senate,,John Mangelli,CSP,0,,,,
Yates,Potter,U.S. Senate,,John Mangelli,CSP,3,,,,
Yates,Starkey 1,U.S. Senate,,John Mangelli,CSP,5,,,,
Yates,Starkey 2,U.S. Senate,,John Mangelli,CSP,7,,,,
Yates,Torrey,U.S. Senate,,John Mangelli,CSP,2,,,,
Yates,Total,U.S. Senate,,John Mangelli,CSP,55,,,,
Yates,Barrington,U.S. Senate,,Write -In,,1,,,,
Yates,Benton 1,U.S. Senate,,Write -In,,0,,,,
Yates,Benton 2,U.S. Senate,,Write -In,,0,,,,
Yates,Italy,U.S. Senate,,Write -In,,0,,,,
Yates,Jerusalem 1,U.S. Senate,,Write -In,,0,,,,
Yates,Jerusalem 2,U.S. Senate,,Write -In,,0,,,,
Yates,Jerusalem 3,U.S. Senate,,Write -In,,0,,,,
Yates,Jerusalem 4,U.S. Senate,,Write -In,,0,,,,
Yates,Middlesex,U.S. Senate,,Write -In,,1,,,,
Yates,Milo 2,U.S. Senate,,Write -In,,0,,,,
Yates,Milo 3,U.S. Senate,,Write -In,,0,,,,
Yates,Milo 4,U.S. Senate,,Write -In,,0,,,,
Yates,Milo 5,U.S. Senate,,Write -In,,0,,,,
Yates,Milo 6,U.S. Senate,,Write -In,,0,,,,
Yates,Potter,U.S. Senate,,Write -In,,1,,,,
Yates,Starkey 1,U.S. Senate,,Write -In,,0,,,,
Yates,Starkey 2,U.S. Senate,,Write -In,,0,,,,
Yates,Torrey,U.S. Senate,,Write -In,,0,,,,
Yates,Total,U.S. Senate,,Write -In,,3,,,,
Yates,Barrington,U.S. House,23,Nate Shinagawa,DEM,206,,,,
Yates,Benton 1,U.S. House,23,Nate Shinagawa,DEM,145,,,,
Yates,Benton 2,U.S. House,23,Nate Shinagawa,DEM,246,,,,
Yates,Italy,U.S. House,23,Nate Shinagawa,DEM,157,,,,
Yates,Jerusalem 1,U.S. House,23,Nate Shinagawa,DEM,247,,,,
Yates,Jerusalem 2,U.S. House,23,Nate Shinagawa,DEM,159,,,,
Yates,Jerusalem 3,U.S. House,23,Nate Shinagawa,DEM,184,,,,
Yates,Jerusalem 4,U.S. House,23,Nate Shinagawa,DEM,229,,,,
Yates,Middlesex,U.S. House,23,Nate Shinagawa,DEM,237,,,,
Yates,Milo 2,U.S. House,23,Nate Shinagawa,DEM,286,,,,
Yates,Milo 3,U.S. House,23,Nate Shinagawa,DEM,228,,,,
Yates,Milo 4,U.S. House,23,Nate Shinagawa,DEM,116,,,,
Yates,Milo 5,U.S. House,23,Nate Shinagawa,DEM,236,,,,
Yates,Milo 6,U.S. House,23,Nate Shinagawa,DEM,245,,,,
Yates,Potter,U.S. House,23,Nate Shinagawa,DEM,151,,,,
Yates,Starkey 1,U.S. House,23,Nate Shinagawa,DEM,186,,,,
Yates,Starkey 2,U.S. House,23,Nate Shinagawa,DEM,220,,,,
Yates,Torrey,U.S. House,23,Nate Shinagawa,DEM,249,,,,
Yates,Total,U.S. House,23,Nate Shinagawa,DEM,3727,,,,
Yates,Barrington,U.S. House,23,"Thomas W Reed, II",REP,221,,,,
Yates,Benton 1,U.S. House,23,"Thomas W Reed, II",REP,196,,,,
Yates,Benton 2,U.S. House,23,"Thomas W Reed, II",REP,229,,,,
Yates,Italy,U.S. House,23,"Thomas W Reed, II",REP,216,,,,
Yates,Jerusalem 1,U.S. House,23,"Thomas W Reed, II",REP,230,,,,
Yates,Jerusalem 2,U.S. House,23,"Thomas W Reed, II",REP,199,,,,
Yates,Jerusalem 3,U.S. House,23,"Thomas W Reed, II",REP,180,,,,
Yates,Jerusalem 4,U.S. House,23,"Thomas W Reed, II",REP,199,,,,
Yates,Middlesex,U.S. House,23,"Thomas W Reed, II",REP,354,,,,
Yates,Milo 2,U.S. House,23,"Thomas W Reed, II",REP,222,,,,
Yates,Milo 3,U.S. House,23,"Thomas W Reed, II",REP,206,,,,
Yates,Milo 4,U.S. House,23,"Thomas W Reed, II",REP,190,,,,
Yates,Milo 5,U.S. House,23,"Thomas W Reed, II",REP,206,,,,
Yates,Milo 6,U.S. House,23,"Thomas W Reed, II",REP,266,,,,
Yates,Potter,U.S. House,23,"Thomas W Reed, II",REP,330,,,,
Yates,Starkey 1,U.S. House,23,"Thomas W Reed, II",REP,271,,,,
Yates,Starkey 2,U.S. House,23,"Thomas W Reed, II",REP,265,,,,
Yates,Torrey,U.S. House,23,"Thomas W Reed, II",REP,206,,,,
Yates,Total,U.S. House,23,"Thomas W Reed, II",REP,4186,,,,
Yates,Barrington,U.S. House,23,"Thomas W Reed, II",CON,22,,,,
Yates,Benton 1,U.S. House,23,"Thomas W Reed, II",CON,21,,,,
Yates,Benton 2,U.S. House,23,"Thomas W Reed, II",CON,21,,,,
Yates,Italy,U.S. House,23,"Thomas W Reed, II",CON,36,,,,
Yates,Jerusalem 1,U.S. House,23,"Thomas W Reed, II",CON,34,,,,
Yates,Jerusalem 2,U.S. House,23,"Thomas W Reed, II",CON,24,,,,
Yates,Jerusalem 3,U.S. House,23,"Thomas W Reed, II",CON,44,,,,
Yates,Jerusalem 4,U.S. House,23,"Thomas W Reed, II",CON,21,,,,
Yates,Middlesex,U.S. House,23,"Thomas W Reed, II",CON,54,,,,
Yates,Milo 2,U.S. House,23,"Thomas W Reed, II",CON,38,,,,
Yates,Milo 3,U.S. House,23,"Thomas W Reed, II",CON,21,,,,
Yates,Milo 4,U.S. House,23,"Thomas W Reed, II",CON,22,,,,
Yates,Milo 5,U.S. House,23,"Thomas W Reed, II",CON,25,,,,
Yates,Milo 6,U.S. House,23,"Thomas W Reed, II",CON,33,,,,
Yates,Potter,U.S. House,23,"Thomas W Reed, II",CON,55,,,,
Yates,Starkey 1,U.S. House,23,"Thomas W Reed, II",CON,32,,,,
Yates,Starkey 2,U.S. House,23,"Thomas W Reed, II",CON,31,,,,
Yates,Torrey,U.S. House,23,"Thomas W Reed, II",CON,29,,,,
Yates,Total,U.S. House,23,"Thomas W Reed, II",CON,563,,,,
Yates,Barrington,U.S. House,23,Nate Shinagawa,WF,21,,,,
Yates,Benton 1,U.S. House,23,Nate Shinagawa,WF,17,,,,
Yates,Benton 2,U.S. House,23,Nate Shinagawa,WF,21,,,,
Yates,Italy,U.S. House,23,Nate Shinagawa,WF,33,,,,
Yates,Jerusalem 1,U.S. House,23,Nate Shinagawa,WF,12,,,,
Yates,Jerusalem 2,U.S. House,23,Nate Shinagawa,WF,14,,,,
Yates,Jerusalem 3,U.S. House,23,Nate Shinagawa,WF,18,,,,
Yates,Jerusalem 4,U.S. House,23,Nate Shinagawa,WF,15,,,,
Yates,Middlesex,U.S. House,23,Nate Shinagawa,WF,27,,,,
Yates,Milo 2,U.S. House,23,Nate Shinagawa,WF,22,,,,
Yates,Milo 3,U.S. House,23,Nate Shinagawa,WF,15,,,,
Yates,Milo 4,U.S. House,23,Nate Shinagawa,WF,13,,,,
Yates,Milo 5,U.S. House,23,Nate Shinagawa,WF,23,,,,
Yates,Milo 6,U.S. House,23,Nate Shinagawa,WF,8,,,,
Yates,Potter,U.S. House,23,Nate Shinagawa,WF,25,,,,
Yates,Starkey 1,U.S. House,23,Nate Shinagawa,WF,18,,,,
Yates,Starkey 2,U.S. House,23,Nate Shinagawa,WF,20,,,,
Yates,Torrey,U.S. House,23,Nate Shinagawa,WF,22,,,,
Yates,Total,U.S. House,23,Nate Shinagawa,WF,344,,,,
Yates,Barrington,U.S. House,23,"Thomas W Reed, II",IND,8,,,,
Yates,Benton 1,U.S. House,23,"Thomas W Reed, II",IND,9,,,,
Yates,Benton 2,U.S. House,23,"Thomas W Reed, II",IND,9,,,,
Yates,Italy,U.S. House,23,"Thomas W Reed, II",IND,15,,,,
Yates,Jerusalem 1,U.S. House,23,"Thomas W Reed, II",IND,7,,,,
Yates,Jerusalem 2,U.S. House,23,"Thomas W Reed, II",IND,7,,,,
Yates,Jerusalem 3,U.S. House,23,"Thomas W Reed, II",IND,16,,,,
Yates,Jerusalem 4,U.S. House,23,"Thomas W Reed, II",IND,6,,,,
Yates,Middlesex,U.S. House,23,"Thomas W Reed, II",IND,25,,,,
Yates,Milo 2,U.S. House,23,"Thomas W Reed, II",IND,3,,,,
Yates,Milo 3,U.S. House,23,"Thomas W Reed, II",IND,13,,,,
Yates,Milo 4,U.S. House,23,"Thomas W Reed, II",IND,2,,,,
Yates,Milo 5,U.S. House,23,"Thomas W Reed, II",IND,19,,,,
Yates,Milo 6,U.S. House,23,"Thomas W Reed, II",IND,6,,,,
Yates,Potter,U.S. House,23,"Thomas W Reed, II",IND,9,,,,
Yates,Starkey 1,U.S. House,23,"Thomas W Reed, II",IND,15,,,,
Yates,Starkey 2,U.S. House,23,"Thomas W Reed, II",IND,13,,,,
Yates,Torrey,U.S. House,23,"Thomas W Reed, II",IND,6,,,,
Yates,Total,U.S. House,23,"Thomas W Reed, II",IND,188,,,,
Yates,Barrington,U.S. House,23,Write -In,,4,,,,
Yates,Benton 1,U.S. House,23,Write -In,,0,,,,
Yates,Benton 2,U.S. House,23,Write -In,,0,,,,
Yates,Italy,U.S. House,23,Write -In,,1,,,,
Yates,Jerusalem 1,U.S. House,23,Write -In,,0,,,,
Yates,Jerusalem 2,U.S. House,23,Write -In,,1,,,,
Yates,Jerusalem 3,U.S. House,23,Write -In,,0,,,,
Yates,Jerusalem 4,U.S. House,23,Write -In,,0,,,,
Yates,Middlesex,U.S. House,23,Write -In,,1,,,,
Yates,Milo 2,U.S. House,23,Write -In,,0,,,,
Yates,Milo 3,U.S. House,23,Write -In,,0,,,,
Yates,Milo 4,U.S. House,23,Write -In,,0,,,,
Yates,Milo 5,U.S. House,23,Write -In,,0,,,,
Yates,Milo 6,U.S. House,23,Write -In,,0,,,,
Yates,Potter,U.S. House,23,Write -In,,1,,,,
Yates,Starkey 1,U.S. House,23,Write -In,,0,,,,
Yates,Starkey 2,U.S. House,23,Write -In,,0,,,,
Yates,Torrey,U.S. House,23,Write -In,,0,,,,
Yates,Total,U.S. House,23,Write -In,,8,,,,
Yates,Barrington,State Senate,58,Thomas F O'Mara,REP,303,,,,
Yates,Benton 1,State Senate,58,Thomas F O'Mara,REP,251,,,,
Yates,Benton 2,State Senate,58,Thomas F O'Mara,REP,314,,,,
Yates,Italy,State Senate,58,Thomas F O'Mara,REP,237,,,,
Yates,Jerusalem 1,State Senate,58,Thomas F O'Mara,REP,280,,,,
Yates,Jerusalem 2,State Senate,58,Thomas F O'Mara,REP,237,,,,
Yates,Jerusalem 3,State Senate,58,Thomas F O'Mara,REP,226,,,,
Yates,Jerusalem 4,State Senate,58,Thomas F O'Mara,REP,282,,,,
Yates,Middlesex,State Senate,58,Thomas F O'Mara,REP,412,,,,
Yates,Milo 2,State Senate,58,Thomas F O'Mara,REP,311,,,,
Yates,Milo 3,State Senate,58,Thomas F O'Mara,REP,278,,,,
Yates,Milo 4,State Senate,58,Thomas F O'Mara,REP,211,,,,
Yates,Milo 5,State Senate,58,Thomas F O'Mara,REP,288,,,,
Yates,Milo 6,State Senate,58,Thomas F O'Mara,REP,356,,,,
Yates,Potter,State Senate,58,Thomas F O'Mara,REP,390,,,,
Yates,Starkey 1,State Senate,58,Thomas F O'Mara,REP,308,,,,
Yates,Starkey 2,State Senate,58,Thomas F O'Mara,REP,340,,,,
Yates,Torrey,State Senate,58,Thomas F O'Mara,REP,297,,,,
Yates,Total,State Senate,58,Thomas F O'Mara,REP,5321,,,,
Yates,Barrington,State Senate,58,Thomas F O'Mara,CON,32,,,,
Yates,Benton 1,State Senate,58,Thomas F O'Mara,CON,30,,,,
Yates,Benton 2,State Senate,58,Thomas F O'Mara,CON,45,,,,
Yates,Italy,State Senate,58,Thomas F O'Mara,CON,50,,,,
Yates,Jerusalem 1,State Senate,58,Thomas F O'Mara,CON,46,,,,
Yates,Jerusalem 2,State Senate,58,Thomas F O'Mara,CON,28,,,,
Yates,Jerusalem 3,State Senate,58,Thomas F O'Mara,CON,45,,,,
Yates,Jerusalem 4,State Senate,58,Thomas F O'Mara,CON,25,,,,
Yates,Middlesex,State Senate,58,Thomas F O'Mara,CON,66,,,,
Yates,Milo 2,State Senate,58,Thomas F O'Mara,CON,49,,,,
Yates,Milo 3,State Senate,58,Thomas F O'Mara,CON,32,,,,
Yates,Milo 4,State Senate,58,Thomas F O'Mara,CON,26,,,,
Yates,Milo 5,State Senate,58,Thomas F O'Mara,CON,41,,,,
Yates,Milo 6,State Senate,58,Thomas F O'Mara,CON,40,,,,
Yates,Potter,State Senate,58,Thomas F O'Mara,CON,59,,,,
Yates,Starkey 1,State Senate,58,Thomas F O'Mara,CON,38,,,,
Yates,Starkey 2,State Senate,58,Thomas F O'Mara,CON,48,,,,
Yates,Torrey,State Senate,58,Thomas F O'Mara,CON,44,,,,
Yates,Total,State Senate,58,Thomas F O'Mara,CON,744,,,,
Yates,Barrington,State Senate,58,Thomas F O'Mara,IND,32,,,,
Yates,Benton 1,State Senate,58,Thomas F O'Mara,IND,34,,,,
Yates,Benton 2,State Senate,58,Thomas F O'Mara,IND,45,,,,
Yates,Italy,State Senate,58,Thomas F O'Mara,IND,45,,,,
Yates,Jerusalem 1,State Senate,58,Thomas F O'Mara,IND,31,,,,
Yates,Jerusalem 2,State Senate,58,Thomas F O'Mara,IND,30,,,,
Yates,Jerusalem 3,State Senate,58,Thomas F O'Mara,IND,38,,,,
Yates,Jerusalem 4,State Senate,58,Thomas F O'Mara,IND,36,,,,
Yates,Middlesex,State Senate,58,Thomas F O'Mara,IND,61,,,,
Yates,Milo 2,State Senate,58,Thomas F O'Mara,IND,44,,,,
Yates,Milo 3,State Senate,58,Thomas F O'Mara,IND,56,,,,
Yates,Milo 4,State Senate,58,Thomas F O'Mara,IND,20,,,,
Yates,Milo 5,State Senate,58,Thomas F O'Mara,IND,62,,,,
Yates,Milo 6,State Senate,58,Thomas F O'Mara,IND,30,,,,
Yates,Potter,State Senate,58,Thomas F O'Mara,IND,36,,,,
Yates,Starkey 1,State Senate,58,Thomas F O'Mara,IND,41,,,,
Yates,Starkey 2,State Senate,58,Thomas F O'Mara,IND,48,,,,
Yates,Torrey,State Senate,58,Thomas F O'Mara,IND,48,,,,
Yates,Total,State Senate,58,Thomas F O'Mara,IND,737,,,,
Yates,Barrington,State Senate,58,Write -In,,1,,,,
Yates,Benton 1,State Senate,58,Write -In,,0,,,,
Yates,Benton 2,State Senate,58,Write -In,,1,,,,
Yates,Italy,State Senate,58,Write -In,,1,,,,
Yates,Jerusalem 1,State Senate,58,Write -In,,3,,,,
Yates,Jerusalem 2,State Senate,58,Write -In,,1,,,,
Yates,Jerusalem 3,State Senate,58,Write -In,,0,,,,
Yates,Jerusalem 4,State Senate,58,Write -In,,0,,,,
Yates,Middlesex,State Senate,58,Write -In,,2,,,,
Yates,Milo 2,State Senate,58,Write -In,,1,,,,
Yates,Milo 3,State Senate,58,Write -In,,1,,,,
Yates,Milo 4,State Senate,58,Write -In,,0,,,,
Yates,Milo 5,State Senate,58,Write -In,,3,,,,
Yates,Milo 6,State Senate,58,Write -In,,0,,,,
Yates,Potter,State Senate,58,Write -In,,0,,,,
Yates,Starkey 1,State Senate,58,Write -In,,3,,,,
Yates,Starkey 2,State Senate,58,Write -In,,3,,,,
Yates,Torrey,State Senate,58,Write -In,,0,,,,
Yates,Total,State Senate,58,Write -In,,20,,,,
Yates,Barrington,State Assembly,132,hillip A Palmesano,,294,,,,
Yates,Benton 1,State Assembly,132,hillip A Palmesano,,258,,,,
Yates,Benton 2,State Assembly,132,hillip A Palmesano,,307,,,,
Yates,Italy,State Assembly,132,hillip A Palmesano,,238,,,,
Yates,Jerusalem 1,State Assembly,132,hillip A Palmesano,,286,,,,
Yates,Jerusalem 2,State Assembly,132,hillip A Palmesano,,235,,,,
Yates,Jerusalem 3,State Assembly,132,hillip A Palmesano,,226,,,,
Yates,Jerusalem 4,State Assembly,132,hillip A Palmesano,,280,,,,
Yates,Middlesex,State Assembly,132,hillip A Palmesano,,417,,,,
Yates,Milo 2,State Assembly,132,hillip A Palmesano,,306,,,,
Yates,Milo 3,State Assembly,132,hillip A Palmesano,,276,,,,
Yates,Milo 4,State Assembly,132,hillip A Palmesano,,215,,,,
Yates,Milo 5,State Assembly,132,hillip A Palmesano,,275,,,,
Yates,Milo 6,State Assembly,132,hillip A Palmesano,,350,,,,
Yates,Potter,State Assembly,132,hillip A Palmesano,,393,,,,
Yates,Starkey 1,State Assembly,132,hillip A Palmesano,,306,,,,
Yates,Starkey 2,State Assembly,132,hillip A Palmesano,,336,,,,
Yates,Torrey,State Assembly,132,hillip A Palmesano,,297,,,,
Yates,Total,State Assembly,132,hillip A Palmesano,,5295,,,,
Yates,Barrington,State Assembly,132,hillip A Palmesano,,33,,,,
Yates,Benton 1,State Assembly,132,hillip A Palmesano,,29,,,,
Yates,Benton 2,State Assembly,132,hillip A Palmesano,,43,,,,
Yates,Italy,State Assembly,132,hillip A Palmesano,,43,,,,
Yates,Jerusalem 1,State Assembly,132,hillip A Palmesano,,44,,,,
Yates,Jerusalem 2,State Assembly,132,hillip A Palmesano,,28,,,,
Yates,Jerusalem 3,State Assembly,132,hillip A Palmesano,,46,,,,
Yates,Jerusalem 4,State Assembly,132,hillip A Palmesano,,25,,,,
Yates,Middlesex,State Assembly,132,hillip A Palmesano,,66,,,,
Yates,Milo 2,State Assembly,132,hillip A Palmesano,,46,,,,
Yates,Milo 3,State Assembly,132,hillip A Palmesano,,32,,,,
Yates,Milo 4,State Assembly,132,hillip A Palmesano,,24,,,,
Yates,Milo 5,State Assembly,132,hillip A Palmesano,,48,,,,
Yates,Milo 6,State Assembly,132,hillip A Palmesano,,48,,,,
Yates,Potter,State Assembly,132,hillip A Palmesano,,57,,,,
Yates,Starkey 1,State Assembly,132,hillip A Palmesano,,36,,,,
Yates,Starkey 2,State Assembly,132,hillip A Palmesano,,44,,,,
Yates,Torrey,State Assembly,132,hillip A Palmesano,,43,,,,
Yates,Total,State Assembly,132,hillip A Palmesano,,735,,,,
Yates,Barrington,State Assembly,132,hillip A Palmesano,,36,,,,
Yates,Benton 1,State Assembly,132,hillip A Palmesano,,33,,,,
Yates,Benton 2,State Assembly,132,hillip A Palmesano,,47,,,,
Yates,Italy,State Assembly,132,hillip A Palmesano,,45,,,,
Yates,Jerusalem 1,State Assembly,132,hillip A Palmesano,,31,,,,
Yates,Jerusalem 2,State Assembly,132,hillip A Palmesano,,28,,,,
Yates,Jerusalem 3,State Assembly,132,hillip A Palmesano,,40,,,,
Yates,Jerusalem 4,State Assembly,132,hillip A Palmesano,,39,,,,
Yates,Middlesex,State Assembly,132,hillip A Palmesano,,59,,,,
Yates,Milo 2,State Assembly,132,hillip A Palmesano,,47,,,,
Yates,Milo 3,State Assembly,132,hillip A Palmesano,,52,,,,
Yates,Milo 4,State Assembly,132,hillip A Palmesano,,19,,,,
Yates,Milo 5,State Assembly,132,hillip A Palmesano,,60,,,,
Yates,Milo 6,State Assembly,132,hillip A Palmesano,,31,,,,
Yates,Potter,State Assembly,132,hillip A Palmesano,,35,,,,
Yates,Starkey 1,State Assembly,132,hillip A Palmesano,,42,,,,
Yates,Starkey 2,State Assembly,132,hillip A Palmesano,,52,,,,
Yates,Torrey,State Assembly,132,hillip A Palmesano,,45,,,,
Yates,Total,State Assembly,132,hillip A Palmesano,,741,,,,
Yates,Barrington,State Assembly,132,Write -In,,1,,,,
Yates,Benton 1,State Assembly,132,Write -In,,1,,,,
Yates,Benton 2,State Assembly,132,Write -In,,0,,,,
Yates,Italy,State Assembly,132,Write -In,,1,,,,
Yates,Jerusalem 1,State Assembly,132,Write -In,,2,,,,
Yates,Jerusalem 2,State Assembly,132,Write -In,,0,,,,
Yates,Jerusalem 3,State Assembly,132,Write -In,,0,,,,
Yates,Jerusalem 4,State Assembly,132,Write -In,,0,,,,
Yates,Middlesex,State Assembly,132,Write -In,,2,,,,
Yates,Milo 2,State Assembly,132,Write -In,,1,,,,
Yates,Milo 3,State Assembly,132,Write -In,,1,,,,
Yates,Milo 4,State Assembly,132,Write -In,,0,,,,
Yates,Milo 5,State Assembly,132,Write -In,,2,,,,
Yates,Milo 6,State Assembly,132,Write -In,,0,,,,
Yates,Potter,State Assembly,132,Write -In,,0,,,,
Yates,Starkey 1,State Assembly,132,Write -In,,3,,,,
Yates,Starkey 2,State Assembly,132,Write -In,,3,,,,
Yates,Torrey,State Assembly,132,Write -In,,0,,,,
Yates,Total,State Assembly,132,Write -In,,17,,,,
